Date,Open,High,Low,Close,Adj Close,Volume,Stock Name
2024-01-02,250.080002,251.250000,244.410004,248.419998,,104654200.000000,TSLA
2024-01-03,244.979996,245.679993,236.320007,238.449997,,121082600.000000,TSLA
2024-01-04,239.250000,242.699997,237.729996,237.929993,,102629300.000000,TSLA
2024-01-05,236.860001,240.119995,234.899994,237.490005,,92379400.000000,TSLA
2024-01-08,236.139999,241.250000,235.300003,240.449997,,85166600.000000,TSLA
2024-01-09,238.110001,238.960007,232.039993,234.960007,,96705700.000000,TSLA
2024-01-10,235.100006,235.500000,231.289993,233.940002,,91628500.000000,TSLA
2024-01-11,230.570007,230.929993,225.369995,227.220001,,105873600.000000,TSLA
2024-01-12,220.080002,225.339996,217.149994,218.889999,,122889000.000000,TSLA
2024-01-16,215.100006,223.490005,212.179993,219.910004,,115355000.000000,TSLA
2024-01-17,214.860001,215.669998,212.009995,215.550003,,103164400.000000,TSLA
2024-01-18,216.880005,217.449997,208.740005,211.880005,,108595400.000000,TSLA
2024-01-19,209.990005,213.190002,207.559998,212.190002,,102095800.000000,TSLA
2024-01-22,212.259995,217.800003,206.270004,208.800003,,117952500.000000,TSLA
2024-01-23,211.300003,215.649994,207.750000,209.139999,,106605900.000000,TSLA
2024-01-24,211.880005,212.729996,206.770004,207.830002,,123369900.000000,TSLA
2024-01-25,189.699997,193.000000,180.059998,182.630005,,198076800.000000,TSLA
2024-01-26,185.500000,186.779999,182.100006,183.250000,,107343200.000000,TSLA
2024-01-29,185.630005,191.479996,183.669998,190.929993,,125013100.000000,TSLA
2024-01-30,195.330002,196.360001,190.610001,191.589996,,109982300.000000,TSLA
2024-01-31,187.000000,193.970001,185.850006,187.289993,,103221400.000000,TSLA
2024-02-01,188.500000,189.880005,184.279999,188.860001,,91843300.000000,TSLA
2024-02-02,185.039993,188.690002,182.000000,187.910004,,110505100.000000,TSLA
2024-02-05,184.259995,184.679993,175.009995,181.059998,,134294400.000000,TSLA
2024-02-06,177.210007,186.490005,177.110001,185.100006,,122676000.000000,TSLA
2024-02-07,188.179993,189.789993,182.679993,187.580002,,111535200.000000,TSLA
2024-02-08,189.000000,191.619995,185.580002,189.559998,,83034000.000000,TSLA
2024-02-09,190.179993,194.119995,189.479996,193.570007,,84476300.000000,TSLA
2024-02-12,192.110001,194.729996,187.279999,188.130005,,95498600.000000,TSLA
2024-02-13,183.990005,187.259995,182.110001,184.020004,,86759500.000000,TSLA
2024-02-14,185.300003,188.889999,183.350006,188.710007,,81203000.000000,TSLA
2024-02-15,189.160004,200.880005,188.860001,200.449997,,120831800.000000,TSLA
2024-02-16,202.059998,203.169998,197.399994,199.949997,,111173600.000000,TSLA
2024-02-20,196.130005,198.600006,189.130005,193.759995,,104545800.000000,TSLA
2024-02-21,193.360001,199.440002,191.949997,194.770004,,103844000.000000,TSLA
2024-02-22,194.000000,198.320007,191.360001,197.410004,,92739500.000000,TSLA
2024-02-23,195.309998,197.570007,191.500000,191.970001,,78841900.000000,TSLA
2024-02-26,192.289993,201.779999,192.000000,199.399994,,111747100.000000,TSLA
2024-02-27,204.039993,205.600006,198.259995,199.729996,,108645400.000000,TSLA
2024-02-28,200.419998,205.300003,198.440002,202.039993,,99806200.000000,TSLA
2024-02-29,204.179993,205.279999,198.449997,201.880005,,85907000.000000,TSLA
2024-03-01,200.520004,204.520004,198.500000,202.639999,,82099200.000000,TSLA
2024-03-04,198.729996,199.750000,186.720001,188.139999,,134334900.000000,TSLA
2024-03-05,183.050003,184.589996,177.570007,180.740005,,119660800.000000,TSLA
2024-03-06,179.990005,181.580002,173.699997,176.539993,,107920900.000000,TSLA
2024-03-07,174.350006,180.039993,173.699997,178.649994,,102129000.000000,TSLA
2024-03-08,181.500000,182.729996,174.699997,175.339996,,85315300.000000,TSLA
2024-03-11,175.449997,182.869995,174.800003,177.770004,,85391500.000000,TSLA
2024-03-12,177.770004,179.429993,172.410004,177.539993,,87391700.000000,TSLA
2024-03-13,173.050003,176.050003,169.149994,169.479996,,106524500.000000,TSLA
2024-03-14,167.770004,171.169998,160.509995,162.500000,,126325700.000000,TSLA
2024-03-15,163.160004,165.179993,160.759995,163.570007,,96971900.000000,TSLA
2024-03-18,170.020004,174.720001,165.899994,173.800003,,108214400.000000,TSLA
2024-03-19,172.360001,172.820007,167.419998,171.320007,,77271400.000000,TSLA
2024-03-20,173.000000,176.250000,170.820007,175.660004,,83846700.000000,TSLA
2024-03-21,176.389999,178.179993,171.800003,172.820007,,73178000.000000,TSLA
2024-03-22,166.690002,171.199997,166.300003,170.830002,,75454700.000000,TSLA
2024-03-25,168.759995,175.240005,168.729996,172.630005,,74228600.000000,TSLA
2024-03-26,178.580002,184.250000,177.380005,177.669998,,113186200.000000,TSLA
2024-03-27,181.410004,181.910004,176.000000,179.830002,,81804000.000000,TSLA
2024-03-28,177.449997,179.570007,175.300003,175.789993,,77654800.000000,TSLA
2024-04-01,176.169998,176.750000,170.210007,175.220001,,81562100.000000,TSLA
2024-04-02,164.750000,167.690002,163.429993,166.630005,,116650600.000000,TSLA
2024-04-03,164.020004,168.820007,163.279999,168.380005,,82950100.000000,TSLA
2024-04-04,170.070007,177.190002,168.009995,171.110001,,123162000.000000,TSLA
2024-04-05,169.080002,170.860001,160.509995,164.899994,,141250700.000000,TSLA
2024-04-08,169.339996,174.500000,167.789993,172.979996,,104423300.000000,TSLA
2024-04-09,172.910004,179.220001,171.919998,176.880005,,103232700.000000,TSLA
2024-04-10,173.039993,174.929993,170.009995,171.759995,,84532400.000000,TSLA
2024-04-11,172.550003,175.880005,168.509995,174.600006,,94516000.000000,TSLA
2024-04-12,172.339996,173.809998,170.360001,171.050003,,64506600.000000,TSLA
2024-04-15,170.240005,170.690002,161.380005,161.479996,,100245300.000000,TSLA
2024-04-16,156.740005,158.190002,153.750000,157.110001,,97000000.000000,TSLA
2024-04-17,157.639999,158.330002,153.779999,155.449997,,82439700.000000,TSLA
2024-04-18,151.250000,152.199997,148.699997,149.929993,,96098800.000000,TSLA
2024-04-19,148.970001,150.940002,146.220001,147.050003,,86005100.000000,TSLA
2024-04-22,140.559998,144.440002,138.800003,142.050003,,107097600.000000,TSLA
2024-04-23,143.330002,147.259995,141.110001,144.679993,,124545100.000000,TSLA
2024-04-24,162.839996,167.970001,157.509995,162.130005,,181178000.000000,TSLA
2024-04-25,158.960007,170.880005,158.360001,170.179993,,126427500.000000,TSLA
2024-04-26,168.850006,172.119995,166.369995,168.289993,,109815700.000000,TSLA
2024-04-29,188.419998,198.869995,184.539993,194.050003,,243869700.000000,TSLA
2024-04-30,186.979996,190.949997,182.839996,183.279999,,127031800.000000,TSLA
2024-05-01,182.000000,185.860001,179.009995,179.990005,,92829700.000000,TSLA
2024-05-02,182.860001,184.600006,176.020004,180.009995,,89148000.000000,TSLA
2024-05-03,182.100006,184.779999,178.419998,181.190002,,75491500.000000,TSLA
2024-05-06,183.800003,187.559998,182.199997,184.759995,,84390300.000000,TSLA
2024-05-07,182.399994,183.259995,177.399994,177.809998,,75045900.000000,TSLA
2024-05-08,171.589996,176.059998,170.149994,174.720001,,79969500.000000,TSLA
2024-05-09,175.009995,175.619995,171.369995,171.970001,,65950300.000000,TSLA
2024-05-10,173.050003,173.059998,167.750000,168.470001,,72627200.000000,TSLA
2024-05-13,170.000000,175.399994,169.000000,171.889999,,67018900.000000,TSLA
2024-05-14,174.500000,179.490005,174.070007,177.550003,,86407400.000000,TSLA
2024-05-15,179.899994,180.000000,173.110001,173.990005,,79663000.000000,TSLA
2024-05-16,174.100006,175.789993,171.429993,174.839996,,59812200.000000,TSLA
2024-05-17,173.550003,179.630005,172.750000,177.460007,,77445800.000000,TSLA
2024-05-20,177.559998,177.750000,173.520004,174.949997,,61727400.000000,TSLA
2024-05-21,175.509995,186.880005,174.710007,186.600006,,115266500.000000,TSLA
2024-05-22,182.850006,183.800003,178.119995,180.110001,,88313500.000000,TSLA
2024-05-23,181.800003,181.899994,173.259995,173.740005,,71975500.000000,TSLA
2024-05-24,174.839996,180.080002,173.729996,179.240005,,65479700.000000,TSLA
2024-05-28,176.399994,178.250000,173.160004,176.750000,,59736600.000000,TSLA
2024-05-29,174.190002,178.149994,173.929993,176.190002,,54782600.000000,TSLA
2024-05-30,178.580002,182.669998,175.380005,178.789993,,77784800.000000,TSLA
2024-05-31,178.500000,180.320007,173.820007,178.080002,,67314600.000000,TSLA
2024-06-03,178.130005,182.639999,174.490005,176.289993,,68568900.000000,TSLA
2024-06-04,174.779999,177.759995,174.000000,174.770004,,60056300.000000,TSLA
2024-06-05,175.350006,176.149994,172.130005,175.000000,,57953800.000000,TSLA
2024-06-06,174.600006,179.729996,172.729996,177.940002,,69887000.000000,TSLA
2024-06-07,176.130005,179.350006,175.580002,177.479996,,56244900.000000,TSLA
2024-06-10,176.059998,178.570007,173.169998,173.789993,,50869700.000000,TSLA
2024-06-11,173.919998,174.750000,167.410004,170.660004,,64761900.000000,TSLA
2024-06-12,171.119995,180.550003,169.800003,177.289993,,90389400.000000,TSLA
2024-06-13,188.389999,191.080002,181.229996,182.470001,,118984100.000000,TSLA
2024-06-14,185.800003,186.000000,176.919998,178.009995,,82038200.000000,TSLA
2024-06-17,177.919998,188.809998,177.000000,187.440002,,109786100.000000,TSLA
2024-06-18,186.559998,187.199997,182.369995,184.860001,,68982300.000000,TSLA
2024-06-20,184.679993,185.210007,179.660004,181.570007,,55893100.000000,TSLA
2024-06-21,182.300003,183.949997,180.690002,183.009995,,63029500.000000,TSLA
2024-06-24,184.970001,188.800003,182.550003,182.580002,,61992100.000000,TSLA
2024-06-25,184.399994,187.970001,182.009995,187.350006,,63678300.000000,TSLA
2024-06-26,186.539993,197.759995,186.360001,196.369995,,95737100.000000,TSLA
2024-06-27,195.169998,198.720001,194.050003,197.419998,,72746500.000000,TSLA
2024-06-28,199.550003,203.199997,195.259995,197.880005,,95438100.000000,TSLA
2024-07-01,201.020004,213.229996,200.850006,209.860001,,135691400.000000,TSLA
2024-07-02,218.889999,231.300003,218.059998,231.259995,,205047900.000000,TSLA
2024-07-03,234.559998,248.350006,234.250000,246.389999,,166561500.000000,TSLA
2024-07-05,249.809998,252.369995,242.460007,251.520004,,154501200.000000,TSLA
2024-07-08,247.710007,259.440002,244.570007,252.940002,,157219600.000000,TSLA
2024-07-09,251.000000,265.609985,250.300003,262.329987,,160210900.000000,TSLA
2024-07-10,262.799988,267.589996,257.859985,263.260010,,128519400.000000,TSLA
2024-07-11,263.299988,271.000000,239.649994,241.029999,,221707300.000000,TSLA
2024-07-12,235.800003,251.839996,233.089996,248.229996,,155955800.000000,TSLA
2024-07-15,255.970001,265.600006,251.729996,252.639999,,146912900.000000,TSLA
2024-07-16,255.309998,258.619995,245.800003,256.559998,,126332500.000000,TSLA
2024-07-17,252.729996,258.470001,246.179993,248.500000,,115584800.000000,TSLA
2024-07-18,251.089996,257.140015,247.199997,249.229996,,110869000.000000,TSLA
2024-07-19,247.789993,249.440002,236.830002,239.199997,,87403900.000000,TSLA
2024-07-22,244.210007,253.210007,243.750000,251.509995,,101225400.000000,TSLA
2024-07-23,253.600006,255.759995,245.630005,246.380005,,111928200.000000,TSLA
2024-07-24,225.419998,225.990005,214.710007,215.990005,,167942900.000000,TSLA
2024-07-25,216.800003,226.000000,216.229996,220.250000,,100636500.000000,TSLA
2024-07-26,221.190002,222.279999,215.330002,219.800003,,94604100.000000,TSLA
2024-07-29,224.899994,234.270004,224.699997,232.100006,,129201800.000000,TSLA
2024-07-30,232.250000,232.410004,220.000000,222.619995,,100560300.000000,TSLA
2024-07-31,227.899994,234.679993,226.789993,232.070007,,67497000.000000,TSLA
2024-08-01,227.690002,231.869995,214.330002,216.860001,,83861900.000000,TSLA
2024-08-02,214.880005,216.130005,205.779999,207.669998,,82880100.000000,TSLA
2024-08-05,185.220001,203.880005,182.000000,198.880005,,100308800.000000,TSLA
2024-08-06,200.750000,202.899994,192.669998,200.639999,,73783900.000000,TSLA
2024-08-07,200.770004,203.490005,191.479996,191.759995,,71159800.000000,TSLA
2024-08-08,195.699997,200.699997,192.039993,198.839996,,65033900.000000,TSLA
2024-08-09,197.050003,200.880005,195.110001,200.000000,,58648300.000000,TSLA
2024-08-12,199.020004,199.259995,194.669998,197.490005,,64044900.000000,TSLA
2024-08-13,198.470001,208.490005,197.059998,207.830002,,76247400.000000,TSLA
2024-08-14,207.389999,208.440002,198.750000,201.380005,,70250000.000000,TSLA
2024-08-15,205.020004,215.880005,204.820007,214.139999,,89848500.000000,TSLA
2024-08-16,211.149994,219.800003,210.800003,216.119995,,88765100.000000,TSLA
2024-08-19,217.070007,222.979996,214.089996,222.720001,,76435200.000000,TSLA
2024-08-20,224.880005,228.220001,219.559998,221.100006,,74001200.000000,TSLA
2024-08-21,222.669998,224.660004,218.860001,223.270004,,70146000.000000,TSLA
2024-08-22,223.820007,224.800003,210.320007,210.660004,,79514500.000000,TSLA
2024-08-23,214.460007,221.479996,214.210007,220.320007,,81525200.000000,TSLA
2024-08-26,218.750000,219.089996,211.009995,213.210007,,59301200.000000,TSLA
2024-08-27,213.250000,215.660004,206.940002,209.210007,,62821400.000000,TSLA
2024-08-28,209.720001,211.839996,202.589996,205.750000,,64116400.000000,TSLA
2024-08-29,209.800003,214.889999,205.970001,206.279999,,62308800.000000,TSLA
2024-08-30,208.630005,214.570007,207.029999,214.110001,,63370600.000000,TSLA
2024-09-03,215.259995,219.899994,209.639999,210.600006,,76714200.000000,TSLA
2024-09-04,210.589996,222.220001,210.570007,219.410004,,80651800.000000,TSLA
2024-09-05,223.490005,235.000000,222.250000,230.169998,,119355000.000000,TSLA
2024-09-06,232.600006,233.600006,210.509995,210.729996,,112177000.000000,TSLA
2024-09-09,216.199997,219.869995,213.669998,216.270004,,67443500.000000,TSLA
2024-09-10,220.070007,226.399994,218.639999,226.169998,,78891100.000000,TSLA
2024-09-11,224.550003,228.470001,216.800003,228.130005,,83548600.000000,TSLA
2024-09-12,224.660004,231.449997,223.830002,229.809998,,72020000.000000,TSLA
2024-09-13,228.000000,232.669998,226.320007,230.289993,,59515100.000000,TSLA
2024-09-16,229.300003,229.960007,223.529999,226.779999,,54323000.000000,TSLA
2024-09-17,229.449997,234.570007,226.550003,227.869995,,66761600.000000,TSLA
2024-09-18,230.089996,235.679993,226.880005,227.199997,,78010200.000000,TSLA
2024-09-19,234.000000,244.240005,232.130005,243.919998,,102694600.000000,TSLA
2024-09-20,241.520004,243.990005,235.919998,238.250000,,99879100.000000,TSLA
2024-09-23,242.610001,250.000000,241.919998,250.000000,,86927200.000000,TSLA
2024-09-24,254.080002,257.190002,249.050003,254.270004,,88491000.000000,TSLA
2024-09-25,252.539993,257.049988,252.279999,257.019989,,65034300.000000,TSLA
2024-09-26,260.600006,261.750000,251.529999,254.220001,,67142200.000000,TSLA
2024-09-27,257.380005,260.700012,254.119995,260.459991,,70988100.000000,TSLA
2024-09-30,259.040009,264.859985,255.770004,261.630005,,80705700.000000,TSLA
2024-10-01,262.670013,263.980011,248.529999,258.019989,,87397600.000000,TSLA
2024-10-02,247.550003,251.160004,241.500000,249.020004,,93983900.000000,TSLA
2024-10-03,244.479996,249.789993,237.809998,240.660004,,80729200.000000,TSLA
2024-10-04,246.690002,250.960007,244.580002,250.080002,,86573200.000000,TSLA
2024-10-07,249.000000,249.830002,240.699997,240.830002,,68113300.000000,TSLA
2024-10-08,243.559998,246.210007,240.559998,244.500000,,56303200.000000,TSLA
2024-10-09,243.820007,247.429993,239.509995,241.050003,,66289500.000000,TSLA
2024-10-10,241.809998,242.789993,232.339996,238.770004,,83087100.000000,TSLA
2024-10-11,220.130005,223.339996,214.380005,217.800003,,142628900.000000,TSLA
2024-10-14,220.130005,221.910004,213.740005,219.160004,,86291900.000000,TSLA
2024-10-15,220.009995,224.259995,217.119995,219.570007,,62988800.000000,TSLA
2024-10-16,221.399994,222.820007,218.929993,221.330002,,49632800.000000,TSLA
2024-10-17,221.589996,222.080002,217.899994,220.889999,,50791800.000000,TSLA
2024-10-18,220.710007,222.279999,219.229996,220.699997,,49611900.000000,TSLA
2024-10-21,218.899994,220.479996,215.729996,218.850006,,47329000.000000,TSLA
2024-10-22,217.309998,218.220001,215.259995,217.970001,,43268700.000000,TSLA
2024-10-23,217.130005,218.720001,212.110001,213.649994,,80938900.000000,TSLA
2024-10-24,244.679993,262.119995,242.649994,260.480011,,204491900.000000,TSLA
2024-10-25,256.010010,269.489990,255.320007,269.190002,,161611900.000000,TSLA
2024-10-28,270.000000,273.540009,262.239990,262.510010,,107653600.000000,TSLA
2024-10-29,264.510010,264.980011,255.509995,259.519989,,80521800.000000,TSLA
2024-10-30,258.040009,263.350006,255.820007,257.549988,,53993600.000000,TSLA
2024-10-31,257.989990,259.750000,249.250000,249.850006,,66575300.000000,TSLA
2024-11-01,252.039993,254.000000,246.630005,248.979996,,57544800.000000,TSLA
2024-11-04,244.559998,248.899994,238.880005,242.839996,,68802400.000000,TSLA
2024-11-05,247.339996,255.279999,246.210007,251.440002,,69282500.000000,TSLA
2024-11-06,284.670013,289.589996,275.619995,288.529999,,165228700.000000,TSLA
2024-11-07,288.890015,299.750000,285.519989,296.910004,,117309200.000000,TSLA
2024-11-08,299.140015,328.709991,297.660004,321.220001,,204782800.000000,TSLA
2024-11-11,346.299988,358.640015,336.000000,350.000000,,210521600.000000,TSLA
2024-11-12,342.739990,345.839996,323.309998,328.489990,,155726000.000000,TSLA
2024-11-13,335.850006,344.600006,322.500000,330.239990,,125405600.000000,TSLA
2024-11-14,327.690002,329.980011,310.369995,311.179993,,120726100.000000,TSLA
2024-11-15,310.570007,324.679993,309.220001,320.720001,,114440300.000000,TSLA
2024-11-18,340.730011,348.549988,330.010010,338.739990,,126547500.000000,TSLA
2024-11-19,335.760010,347.380005,332.750000,346.000000,,88852500.000000,TSLA
2024-11-20,345.000000,346.600006,334.299988,342.029999,,66340700.000000,TSLA
2024-11-21,343.809998,347.989990,335.279999,339.640015,,58011700.000000,TSLA
2024-11-22,341.089996,361.529999,337.700012,352.559998,,89140700.000000,TSLA
2024-11-25,360.140015,361.929993,338.200012,338.589996,,95890900.000000,TSLA
2024-11-26,341.000000,346.959991,335.660004,338.230011,,62295900.000000,TSLA
2024-11-27,341.799988,342.549988,326.589996,332.890015,,57896400.000000,TSLA
2024-11-29,336.079987,345.450012,334.649994,345.160004,,37167600.000000,TSLA
2024-12-02,352.380005,360.000000,351.149994,357.089996,,77986500.000000,TSLA
2024-12-03,351.799988,355.690002,348.200012,351.420013,,58267200.000000,TSLA
2024-12-04,353.000000,358.100006,348.600006,357.929993,,50810900.000000,TSLA
2024-12-05,359.869995,375.429993,359.500000,369.489990,,81403600.000000,TSLA
2024-12-06,377.420013,389.489990,370.799988,389.220001,,81455800.000000,TSLA
2024-12-09,397.609985,404.799988,378.010010,389.790009,,96359200.000000,TSLA
2024-12-10,392.679993,409.730011,390.850006,400.989990,,97563600.000000,TSLA
2024-12-11,409.700012,424.880005,402.380005,424.769989,,104287600.000000,TSLA
2024-12-12,424.839996,429.299988,415.000000,418.100006,,87752200.000000,TSLA
2024-12-13,420.000000,436.299988,415.709991,436.230011,,89000200.000000,TSLA
2024-12-16,441.089996,463.190002,436.149994,463.019989,,114083800.000000,TSLA
2024-12-17,475.899994,483.989990,457.510010,479.859985,,131223000.000000,TSLA
2024-12-18,466.500000,488.540009,427.010010,440.130005,,149340800.000000,TSLA
2024-12-19,451.880005,456.359985,420.019989,436.170013,,118566100.000000,TSLA
2024-12-20,425.510010,447.079987,417.640015,421.059998,,132216200.000000,TSLA
2024-12-23,431.000000,434.510010,415.410004,430.600006,,72698100.000000,TSLA
2024-12-24,435.899994,462.779999,435.140015,462.279999,,59551800.000000,TSLA
2024-12-26,465.160004,465.329987,451.019989,454.130005,,76366400.000000,TSLA
2024-12-27,449.519989,450.000000,426.500000,431.660004,,82666800.000000,TSLA
2024-12-30,419.399994,427.000000,415.750000,417.410004,,64941000.000000,TSLA
2024-01-02,370.342474,372.363289,363.319185,367.380615,,25258600.000000,MSFT
2024-01-03,365.538123,369.748136,365.042827,367.113159,,23083500.000000,MSFT
2024-01-04,367.182505,369.589635,363.715435,364.478180,,20901500.000000,MSFT
2024-01-05,365.498501,368.559424,363.051739,364.289978,,20987000.000000,MSFT
2024-01-08,365.825371,371.669884,365.538121,371.164673,,23134000.000000,MSFT
2024-01-09,368.509899,372.452434,367.697607,372.254333,,20830000.000000,MSFT
2024-01-10,372.828862,380.555492,372.779344,379.168640,,25514200.000000,MSFT
2024-01-11,382.368214,387.004173,376.801096,381.011108,,27850800.000000,MSFT
2024-01-12,381.863060,385.023049,381.030967,384.815033,,21645700.000000,MSFT
2024-01-16,389.956203,390.322717,383.973022,386.598083,,27202300.000000,MSFT
2024-01-17,384.329662,386.439596,381.189474,385.805634,,22234100.000000,MSFT
2024-01-18,388.034450,390.283081,386.449497,390.164215,,23392100.000000,MSFT
2024-01-19,392.036443,394.919067,389.797697,394.919067,,29272000.000000,MSFT
2024-01-22,396.256374,396.850735,389.886879,392.779419,,27016900.000000,MSFT
2024-01-23,392.026494,395.622345,390.223611,395.146851,,20525900.000000,MSFT
2024-01-24,397.762069,401.813584,396.682328,398.772461,,24867000.000000,MSFT
2024-01-25,400.515917,403.180610,398.742750,401.060730,,21021200.000000,MSFT
2024-01-26,400.565379,402.348462,398.643630,400.129517,,17803300.000000,MSFT
2024-01-29,402.239544,406.122676,400.525810,405.865112,,24510200.000000,MSFT
2024-01-30,408.381211,409.163757,402.625878,404.745728,,33477600.000000,MSFT
2024-01-31,403.131077,411.412437,393.472811,393.839325,,47871100.000000,MSFT
2024-02-01,398.049292,404.161254,398.019575,399.980957,,30657700.000000,MSFT
2024-02-02,400.010697,408.767521,399.763049,407.350983,,28245000.000000,MSFT
2024-02-05,406.043418,407.291573,400.189019,401.833405,,25352300.000000,MSFT
2024-02-06,402.061211,404.131543,399.119153,401.674866,,18382600.000000,MSFT
2024-02-07,403.606563,410.402006,403.566931,410.154358,,22340500.000000,MSFT
2024-02-08,410.154343,411.650145,408.648655,410.213776,,21225300.000000,MSFT
2024-02-09,411.343078,416.860680,411.184580,416.593201,,22032800.000000,MSFT
2024-02-12,416.603088,416.781387,410.847755,411.352966,,21202900.000000,MSFT
2024-02-13,401.130049,406.211788,399.594645,402.497070,,27824900.000000,MSFT
2024-02-14,404.978166,406.734744,401.504685,406.387390,,20401200.000000,MSFT
2024-02-15,405.047629,406.030119,401.226794,403.479584,,21825500.000000,MSFT
2024-02-16,404.868980,405.196496,400.383238,400.998535,,22281100.000000,MSFT
2024-02-20,400.184701,401.425230,394.994347,399.738129,,24307900.000000,MSFT
2024-02-21,397.138001,399.241934,394.210341,399.132751,,18631100.000000,MSFT
2024-02-22,407.082076,409.702058,405.474356,408.531006,,27009900.000000,MSFT
2024-02-23,412.520590,412.709123,405.871342,407.230957,,16295900.000000,MSFT
2024-02-26,408.342461,409.037170,404.273520,404.452179,,16193500.000000,MSFT
2024-02-27,404.898754,405.226271,400.790138,404.392639,,14835800.000000,MSFT
2024-02-28,405.087305,406.198814,402.248989,404.630798,,13183100.000000,MSFT
2024-02-29,405.543865,411.061736,402.844472,410.505981,,31947300.000000,MSFT
2024-03-01,408.153876,412.719029,407.766847,412.351837,,17800300.000000,MSFT
2024-03-04,410.307448,414.187826,409.195939,411.776245,,17596000.000000,MSFT
2024-03-05,410.823486,411.111297,397.604432,399.599182,,26919200.000000,MSFT
2024-03-06,399.916794,402.090204,395.371509,399.043457,,22344100.000000,MSFT
2024-03-07,403.042902,406.675174,399.192295,406.040039,,18718500.000000,MSFT
2024-03-08,404.868958,407.310340,401.266457,403.142151,,17971700.000000,MSFT
2024-03-11,400.700827,402.606262,398.219768,401.455048,,16120800.000000,MSFT
2024-03-12,404.531519,412.421295,403.707821,412.133484,,22457000.000000,MSFT
2024-03-13,414.932165,415.011545,408.332556,411.954895,,17115900.000000,MSFT
2024-03-14,417.055891,424.578475,414.822939,421.998169,,34157300.000000,MSFT
2024-03-15,416.113112,419.398030,409.662361,413.264862,,45049800.000000,MSFT
2024-03-18,411.111274,417.542186,410.644834,414.158020,,20106000.000000,MSFT
2024-03-19,414.664149,418.475081,412.401426,418.217041,,19837900.000000,MSFT
2024-03-20,418.802610,422.732598,417.472767,422.008148,,17860100.000000,MSFT
2024-03-21,426.573236,427.555755,423.923483,426.116730,,21296200.000000,MSFT
2024-03-22,426.444264,426.603025,422.841763,425.491516,,17636500.000000,MSFT
2024-03-25,422.018039,424.171611,418.415538,419.656067,,18060500.000000,MSFT
2024-03-26,422.385218,422.762344,418.157516,418.455231,,16725600.000000,MSFT
2024-03-27,421.224112,421.234045,415.835261,418.236908,,16705000.000000,MSFT
2024-03-28,417.770459,418.673568,415.944404,417.532288,,21871200.000000,MSFT
2024-04-01,420.737821,424.647971,419.020918,421.353119,,16316000.000000,MSFT
2024-04-02,416.926886,419.179706,414.674097,418.246826,,17912000.000000,MSFT
2024-04-03,416.549797,420.053050,415.914632,417.264343,,16502300.000000,MSFT
2024-04-04,421.769920,425.422061,414.406157,414.713806,,19370900.000000,MSFT
2024-04-05,416.827697,423.278449,415.150500,422.295929,,16544300.000000,MSFT
2024-04-08,421.948578,424.042576,420.092721,421.372955,,14272400.000000,MSFT
2024-04-09,423.208962,424.499100,418.425475,423.050171,,12512300.000000,MSFT
2024-04-10,418.991170,420.817225,416.520046,420.053070,,16216600.000000,MSFT
2024-04-11,422.593685,426.116775,419.159878,424.687683,,17966400.000000,MSFT
2024-04-12,420.837042,421.958485,416.589472,418.703339,,19232100.000000,MSFT
2024-04-15,423.367779,423.586113,410.297551,410.505981,,20273500.000000,MSFT
2024-04-16,411.428878,415.229845,410.595246,411.438782,,16765600.000000,MSFT
2024-04-17,414.088587,415.706242,407.221005,408.719574,,15855500.000000,MSFT
2024-04-18,407.518736,408.769199,400.889357,401.206909,,21029900.000000,MSFT
2024-04-19,400.968749,402.407775,394.756170,396.095947,,30276500.000000,MSFT
2024-04-22,397.048660,399.797691,392.751481,397.921997,,20286900.000000,MSFT
2024-04-23,401.177147,405.107165,400.006095,404.481934,,15734500.000000,MSFT
2024-04-24,406.456844,409.344799,403.697909,405.960632,,15065300.000000,MSFT
2024-04-25,391.044521,396.860137,385.089982,396.016571,,40586500.000000,MSFT
2024-04-26,409.047076,409.870774,402.685639,403.241394,,29694700.000000,MSFT
2024-04-29,402.179510,403.241410,396.165427,399.202240,,19582100.000000,MSFT
2024-04-30,398.447966,399.112903,386.221335,386.380096,,28781400.000000,MSFT
2024-05-01,389.635269,398.676260,387.352707,391.947632,,23562500.000000,MSFT
2024-05-02,394.646994,396.899783,391.659790,394.825623,,17709400.000000,MSFT
2024-05-03,399.231978,404.065074,398.815147,403.578796,,17446700.000000,MSFT
2024-05-06,405.662926,410.793737,403.291020,410.406708,,16996600.000000,MSFT
2024-05-07,411.518224,411.528158,405.990420,406.238525,,20018200.000000,MSFT
2024-05-08,405.077405,409.106641,403.628445,407.429443,,11792300.000000,MSFT
2024-05-09,407.459182,409.592886,406.000319,409.195923,,14689700.000000,MSFT
2024-05-10,409.811246,412.232761,408.679869,411.597595,,13402300.000000,MSFT
2024-05-13,414.842831,415.180251,407.707306,410.585327,,15440200.000000,MSFT
2024-05-14,408.898199,414.326755,408.431759,413.403809,,15109300.000000,MSFT
2024-05-15,415.481727,421.357531,414.855368,420.631744,,22239500.000000,MSFT
2024-05-16,419.359143,422.958221,417.917552,418.553833,,17530100.000000,MSFT
2024-05-17,420.094885,420.472691,415.610973,417.778351,,15352200.000000,MSFT
2024-05-20,417.778313,424.300349,417.559585,422.878632,,16272100.000000,MSFT
2024-05-21,424.360048,430.464532,422.391525,426.557281,,21453300.000000,MSFT
2024-05-22,427.601182,429.907764,424.658319,428.028687,,18073700.000000,MSFT
2024-05-23,430.464538,431.090897,422.958240,424.529083,,17211700.000000,MSFT
2024-05-24,424.717962,428.565562,421.954050,427.670776,,11845800.000000,MSFT
2024-05-28,427.143855,428.326971,424.131390,427.829865,,15718000.000000,MSFT
2024-05-29,423.226650,428.446270,423.226650,426.686523,,15517100.000000,MSFT
2024-05-30,421.844664,421.844664,411.842882,412.270416,,28424800.000000,MSFT
2024-05-31,414.338373,414.338373,402.169213,412.727753,,47995300.000000,MSFT
2024-06-03,413.125454,414.020240,406.553718,411.127075,,17484700.000000,MSFT
2024-06-04,410.043372,414.030177,407.309286,413.662323,,14348900.000000,MSFT
2024-06-05,415.392232,421.625938,413.890960,421.556366,,16988000.000000,MSFT
2024-06-06,421.556357,422.848822,418.146182,422.063385,,14861300.000000,MSFT
2024-06-07,423.733716,423.813239,420.552221,421.397308,,13621700.000000,MSFT
2024-06-10,422.242373,425.602789,421.437063,425.394012,,14003000.000000,MSFT
2024-06-11,423.017861,430.315382,422.789181,430.176178,,14551100.000000,MSFT
2024-06-12,432.800916,440.834146,430.742887,438.507690,,22366200.000000,MSFT
2024-06-13,438.298932,440.824243,436.827486,439.024689,,15960600.000000,MSFT
2024-06-14,435.743789,440.575681,434.192818,440.008972,,13582000.000000,MSFT
2024-06-17,440.028839,448.330526,438.169665,445.775391,,20790000.000000,MSFT
2024-06-18,447.107635,447.535170,442.315550,443.757141,,17112500.000000,MSFT
2024-06-20,443.717353,443.946033,438.716462,443.120850,,19877400.000000,MSFT
2024-06-21,444.791140,447.972605,443.926180,447.177246,,34486200.000000,MSFT
2024-06-24,447.197086,450.130027,443.826719,445.079437,,15913700.000000,MSFT
2024-06-25,445.656066,448.807736,444.164747,448.340454,,16747500.000000,MSFT
2024-06-26,446.401740,450.975127,445.596429,449.543457,,16507000.000000,MSFT
2024-06-27,449.563356,453.530288,449.155725,450.229492,,14806300.000000,MSFT
2024-06-28,450.448197,452.744827,443.826733,444.363617,,28362300.000000,MSFT
2024-07-01,446.063698,454.723286,443.081058,454.087006,,17662800.000000,MSFT
2024-07-02,450.577450,456.930457,450.487944,456.622253,,13979800.000000,MSFT
2024-07-03,455.538581,458.352191,455.230377,458.103638,,9932800.000000,MSFT
2024-07-05,456.950332,465.639777,456.314052,464.854340,,16000300.000000,MSFT
2024-07-08,463.850196,464.993565,461.772294,463.541992,,12962300.000000,MSFT
2024-07-09,464.297590,464.625667,455.349671,456.880768,,17207200.000000,MSFT
2024-07-10,458.551049,463.760717,456.204690,463.551941,,18196100.000000,MSFT
2024-07-11,460.300871,462.090443,448.936991,452.068787,,23111200.000000,MSFT
2024-07-12,451.700900,453.719152,448.042203,450.925415,,16324300.000000,MSFT
2024-07-15,450.676854,454.613960,448.817680,451.333038,,14429400.000000,MSFT
2024-07-16,451.591577,451.671101,444.075327,446.918762,,17175700.000000,MSFT
2024-07-17,440.028850,442.275781,436.638579,440.953461,,21778000.000000,MSFT
2024-07-18,441.768714,442.076917,431.886231,437.821686,,20794800.000000,MSFT
2024-07-19,430.593792,438.587275,429.500151,434.580566,,20940400.000000,MSFT
2024-07-22,439.233492,442.027229,436.370153,440.376831,,15808800.000000,MSFT
2024-07-23,441.331242,445.795280,440.535884,442.275757,,13107100.000000,MSFT
2024-07-24,437.901242,438.925280,425.115643,426.418060,,26805800.000000,MSFT
2024-07-25,426.318664,427.312877,415.094017,415.978851,,29943800.000000,MSFT
2024-07-26,415.779987,426.437954,414.855346,422.809052,,23583800.000000,MSFT
2024-07-29,429.082530,429.649239,422.242368,424.260620,,15125800.000000,MSFT
2024-07-30,425.244898,426.567189,414.944833,420.472687,,32687600.000000,MSFT
2024-07-31,418.066660,419.339252,409.824624,415.929108,,42891400.000000,MSFT
2024-08-01,418.354986,424.986371,410.699532,414.696259,,30296400.000000,MSFT
2024-08-02,410.103013,412.598498,402.000181,406.126160,,29437900.000000,MSFT
2024-08-05,386.917997,398.719304,383.348744,392.863373,,40709200.000000,MSFT
2024-08-06,397.685304,403.322507,396.193984,397.297546,,24946500.000000,MSFT
2024-08-07,406.275329,407.706968,395.169953,396.124390,,20650900.000000,MSFT
2024-08-08,400.111188,403.511380,397.625655,400.359741,,20203000.000000,MSFT
2024-08-09,401.691966,405.688692,399.932220,403.670441,,19276700.000000,MSFT
2024-08-12,404.704455,406.394630,401.900767,404.455902,,16762900.000000,MSFT
2024-08-13,407.219791,412.548790,407.199918,411.614227,,19414300.000000,MSFT
2024-08-14,412.399647,415.302763,410.063270,414.447723,,18267000.000000,MSFT
2024-08-15,418.122986,419.427751,415.991551,419.348083,,20752100.000000,MSFT
2024-08-16,418.919805,419.656839,415.632970,416.798309,,22775600.000000,MSFT
2024-08-19,417.286329,420.065192,414.796316,419.846069,,15234000.000000,MSFT
2024-08-20,420.015435,424.158791,419.955677,423.103027,,16387600.000000,MSFT
2024-08-21,422.385890,424.696630,420.035333,422.445679,,16067300.000000,MSFT
2024-08-22,422.664757,425.085073,412.953706,413.889954,,19361900.000000,MSFT
2024-08-23,415.314274,417.585165,410.443794,415.125031,,18493800.000000,MSFT
2024-08-26,414.706726,415.613095,409.696821,411.838226,,13152800.000000,MSFT
2024-08-27,411.210732,412.704740,408.611173,412.186829,,13492900.000000,MSFT
2024-08-28,413.222648,413.342164,405.682882,408.959747,,14882700.000000,MSFT
2024-08-29,413.282433,420.364016,408.959774,411.469696,,17045200.000000,MSFT
2024-08-30,413.939776,415.822210,410.483637,415.473633,,24308300.000000,MSFT
2024-09-03,416.240548,418.202679,405.404006,407.804382,,20313600.000000,MSFT
2024-09-04,404.288495,409.597189,402.754638,407.266541,,15135800.000000,MSFT
2024-09-05,405.991662,411.449782,404.507624,406.758606,,14195500.000000,MSFT
2024-09-06,407.425921,409.009566,399.198908,400.095337,,19609500.000000,MSFT
2024-09-09,405.613160,407.017531,400.543497,404.099243,,15295100.000000,MSFT
2024-09-10,406.569348,414.666845,406.071346,412.545380,,19594300.000000,MSFT
2024-09-11,413.840179,422.296254,407.943815,421.350067,,19266900.000000,MSFT
2024-09-12,421.618989,425.662768,418.073212,425.294250,,17418800.000000,MSFT
2024-09-13,424.128879,430.104910,423.760362,428.869873,,15874600.000000,MSFT
2024-09-16,428.879848,431.798136,426.509351,429.616882,,13834700.000000,MSFT
2024-09-17,438.471406,440.084930,430.543182,433.411682,,18874200.000000,MSFT
2024-09-18,433.262284,434.288168,428.690624,429.089020,,18898000.000000,MSFT
2024-09-19,439.467392,439.736303,435.154673,436.937531,,21706600.000000,MSFT
2024-09-20,435.473411,437.485331,432.485396,433.531189,,55167100.000000,MSFT
2024-09-23,432.545172,434.716457,428.670728,431.778259,,15128900.000000,MSFT
2024-09-24,431.270253,431.618861,424.397823,427.455566,,17015800.000000,MSFT
2024-09-25,428.112929,431.389795,426.857983,430.383820,,13396400.000000,MSFT
2024-09-26,433.351904,433.561057,427.415722,429.587006,,14492000.000000,MSFT
2024-09-27,429.796168,430.124867,425.762359,426.310150,,14896100.000000,MSFT
2024-09-30,426.499377,428.700570,423.670726,428.581024,,16807300.000000,MSFT
2024-10-01,426.738440,426.768319,417.136935,419.009430,,19092900.000000,MSFT
2024-10-02,420.891895,421.130957,415.045348,415.463684,,16582300.000000,MSFT
2024-10-03,415.961680,417.873993,412.635026,414.876038,,13686400.000000,MSFT
2024-10-04,416.569233,418.073211,413.312307,414.397949,,19169700.000000,MSFT
2024-10-07,414.338208,415.443759,407.366171,407.904022,,20919800.000000,MSFT
2024-10-08,409.258567,413.999562,406.539492,413.053345,,19229300.000000,MSFT
2024-10-09,414.198713,418.700676,412.644948,415.792328,,14974300.000000,MSFT
2024-10-10,413.571254,415.682780,411.499546,414.178802,,13848400.000000,MSFT
2024-10-11,414.477648,415.463683,411.599178,414.656921,,14144900.000000,MSFT
2024-10-14,416.101085,422.346057,415.852083,417.465637,,16653100.000000,MSFT
2024-10-15,420.493491,420.792311,413.601151,417.067230,,18900200.000000,MSFT
2024-10-16,413.511516,414.696734,408.840249,414.457703,,15508900.000000,MSFT
2024-10-17,420.672782,420.812238,413.929838,415.055328,,14820000.000000,MSFT
2024-10-18,415.473618,417.973570,414.597129,416.489532,,17145300.000000,MSFT
2024-10-21,414.457709,417.286360,412.097181,417.107086,,14206100.000000,MSFT
2024-10-22,416.818229,428.859929,416.370045,425.802216,,25482200.000000,MSFT
2024-10-23,429.138811,429.357934,420.842101,422.903839,,19654400.000000,MSFT
2024-10-24,423.630873,424.278301,420.712586,423.033295,,13581600.000000,MSFT
2024-10-25,425.055205,430.792174,424.865961,426.439636,,16899100.000000,MSFT
2024-10-28,429.935649,430.214529,424.597045,424.885895,,14882400.000000,MSFT
2024-10-29,426.290254,431.439615,424.099031,430.224487,,17644100.000000,MSFT
2024-10-30,435.692544,436.748307,430.373880,430.802155,,29749100.000000,MSFT
2024-10-31,413.700732,414.497555,404.676927,404.726746,,53971000.000000,MSFT
2024-11-01,407.376099,413.840163,405.872122,408.730652,,24230400.000000,MSFT
2024-11-04,408.162921,408.780470,403.949838,406.828278,,19672300.000000,MSFT
2024-11-05,406.738662,413.242575,406.449812,409.816315,,17626000.000000,MSFT
2024-11-06,410.772485,418.770406,408.880051,418.501465,,26681800.000000,MSFT
2024-11-07,419.597114,425.144871,418.202712,423.730530,,19901800.000000,MSFT
2024-11-08,423.620944,424.796223,420.095077,420.852051,,16891400.000000,MSFT
2024-11-11,420.832112,423.112972,414.338169,416.340149,,24503300.000000,MSFT
2024-11-12,416.579184,422.744459,415.533391,421.340088,,19401200.000000,MSFT
2024-11-13,419.955688,427.614941,416.539367,423.501465,,21502200.000000,MSFT
2024-11-14,423.302228,426.459578,418.322202,425.184692,,30246900.000000,MSFT
2024-11-15,418.142946,421.111023,411.987641,413.342194,,28247600.000000,MSFT
2024-11-18,413.212692,416.728590,410.453769,414.099152,,24742000.000000,MSFT
2024-11-19,411.459735,416.270458,409.905969,416.121063,,18133500.000000,MSFT
2024-11-20,415.204692,415.623028,408.939811,413.830200,,19191700.000000,MSFT
2024-11-21,418.660530,418.939969,409.468969,412.043793,,20780200.000000,MSFT
2024-11-22,410.546789,416.564721,410.237412,416.165527,,24814600.000000,MSFT
2024-11-25,417.542782,420.237361,414.019847,417.951965,,27691100.000000,MSFT
2024-11-26,418.750360,428.181462,418.011851,427.133545,,23458900.000000,MSFT
2024-11-27,424.259308,426.375091,421.175495,422.143555,,18332400.000000,MSFT
2024-11-29,419.249358,424.029782,416.963932,422.612610,,16271900.000000,MSFT
2024-12-02,420.726411,432.133531,420.466921,430.117584,,20207200.000000,MSFT
2024-12-03,428.979833,431.604575,426.884030,430.337128,,18302000.000000,MSFT
2024-12-04,432.163448,438.790175,431.764255,436.544678,,26009400.000000,MSFT
2024-12-05,437.043677,443.770179,435.297179,441.734253,,21697800.000000,MSFT
2024-12-06,441.414895,445.207309,440.885957,442.682373,,18821000.000000,MSFT
2024-12-09,441.714302,447.432816,439.618499,445.127441,,19144400.000000,MSFT
2024-12-10,443.500747,448.720262,440.716322,442.442841,,18469500.000000,MSFT
2024-12-11,443.161405,449.448817,443.161405,448.091522,,19200200.000000,MSFT
2024-12-12,448.211258,455.247169,448.211258,448.660370,,20834800.000000,MSFT
2024-12-13,447.542611,450.526618,444.688318,446.374939,,20177800.000000,MSFT
2024-12-16,446.374947,451.275125,444.388939,450.686310,,23598800.000000,MSFT
2024-12-17,450.107490,454.378924,448.670369,453.550568,,22733500.000000,MSFT
2024-12-18,450.416857,451.744182,436.145455,436.514740,,24444500.000000,MSFT
2024-12-19,440.736268,442.293144,435.446886,436.155457,,22963700.000000,MSFT
2024-12-20,432.243282,442.852015,427.772266,435.726318,,64263700.000000,MSFT
2024-12-23,435.866037,436.774220,431.963858,434.379028,,19152500.000000,MSFT
2024-12-24,433.780209,438.720315,433.321138,438.450836,,7164500.000000,MSFT
2024-12-26,438.201337,440.057630,435.756258,437.233276,,8194200.000000,MSFT
2024-12-27,433.730320,434.349074,425.496829,429.668457,,18117700.000000,MSFT
2024-12-30,425.207408,426.694417,421.055729,423.979858,,13158700.000000,MSFT
2024-01-02,141.939288,144.897167,141.890795,144.247406,,7238400.000000,PG
2024-01-03,143.859501,144.693526,142.734535,143.374603,,7697500.000000,PG
2024-01-04,143.578257,144.761409,143.306716,144.160126,,7067400.000000,PG
2024-01-05,144.228007,144.373471,142.123552,142.967270,,5294200.000000,PG
2024-01-08,143.442489,144.421978,143.190333,144.198929,,8255300.000000,PG
2024-01-09,144.082565,144.887483,143.578267,144.790512,,9786800.000000,PG
2024-01-10,144.839003,145.469364,144.751710,145.411179,,8591100.000000,PG
2024-01-11,145.517861,146.245208,144.780807,145.963959,,6659400.000000,PG
2024-01-12,146.390659,146.730093,145.362678,146.051239,,5684700.000000,PG
2024-01-16,145.614813,146.924043,144.383183,145.265686,,8120100.000000,PG
2024-01-17,144.654739,146.051247,144.509261,145.411179,,6541400.000000,PG
2024-01-18,144.660690,144.826595,143.382237,144.572861,,6526200.000000,PG
2024-01-19,144.680205,145.041291,143.762837,144.016586,,7738600.000000,PG
2024-01-22,143.431023,144.641169,142.757635,144.299591,,11084100.000000,PG
2024-01-23,149.423186,152.633958,149.208482,150.272232,,19101600.000000,PG
2024-01-24,150.223430,150.516209,148.427740,148.457016,,11592700.000000,PG
2024-01-25,148.730277,151.911787,148.398467,151.872742,,10352500.000000,PG
2024-01-26,152.058163,152.399741,151.599479,152.380219,,8356600.000000,PG
2024-01-29,152.907218,153.541575,151.658041,152.399750,,8987400.000000,PG
2024-01-30,152.575406,154.117362,152.067938,153.697723,,7794700.000000,PG
2024-01-31,154.185694,154.683408,152.926748,153.356155,,8870000.000000,PG
2024-02-01,152.995058,155.464136,152.848661,155.347015,,7601100.000000,PG
2024-02-02,155.142079,155.756914,153.736751,154.283264,,7937700.000000,PG
2024-02-05,154.361330,155.171346,153.766018,154.400375,,6931900.000000,PG
2024-02-06,154.497967,155.239676,154.068560,155.132324,,6185400.000000,PG
2024-02-07,155.268960,155.981378,154.917628,155.288467,,7209300.000000,PG
2024-02-08,154.976173,155.268953,153.970977,154.820023,,6121600.000000,PG
2024-02-09,154.449164,154.527240,153.180479,153.629395,,5978000.000000,PG
2024-02-12,153.570839,153.814819,151.745872,153.326859,,5482000.000000,PG
2024-02-13,153.951453,155.142078,151.736110,152.507095,,6046800.000000,PG
2024-02-14,152.399744,152.399744,151.179843,151.882507,,5727300.000000,PG
2024-02-15,152.536383,153.629410,152.389986,153.229279,,6249200.000000,PG
2024-02-16,153.258540,154.634592,152.897455,153.717224,,6617600.000000,PG
2024-02-20,154.878573,155.942323,154.322306,154.693146,,6622100.000000,PG
2024-02-21,155.356788,156.537643,155.356788,156.537643,,7121000.000000,PG
2024-02-22,155.620298,157.211039,154.810282,156.693802,,6619500.000000,PG
2024-02-23,156.732842,157.845391,156.303435,157.152481,,5486500.000000,PG
2024-02-26,157.152477,157.289106,156.215602,156.361984,,4531900.000000,PG
2024-02-27,155.571478,155.952087,155.132317,155.464127,,3868200.000000,PG
2024-02-28,155.239678,156.264382,154.820024,156.196075,,3802900.000000,PG
2024-02-29,156.078945,156.254618,154.371084,155.112793,,8348100.000000,PG
2024-03-01,154.244239,155.200637,153.814832,155.024979,,4819800.000000,PG
2024-03-04,153.941698,155.913046,153.873376,155.717865,,3841600.000000,PG
2024-03-05,155.620286,156.137523,154.956652,155.483658,,4481600.000000,PG
2024-03-06,155.834983,156.137531,155.083535,155.727646,,5405700.000000,PG
2024-03-07,156.098485,157.035375,155.630047,156.752350,,4783900.000000,PG
2024-03-08,156.000901,157.367184,154.478452,156.488861,,5080200.000000,PG
2024-03-11,157.454993,158.704170,156.947525,157.659943,,5170900.000000,PG
2024-03-12,157.923471,158.606612,157.347666,158.030807,,4229100.000000,PG
2024-03-13,158.469982,158.811545,157.445263,158.391907,,5410500.000000,PG
2024-03-14,158.333331,158.704171,157.250059,157.611145,,5848100.000000,PG
2024-03-15,156.830415,157.611155,156.440053,157.494049,,10956900.000000,PG
2024-03-18,157.591643,158.801790,157.123206,157.328156,,6086300.000000,PG
2024-03-19,157.903921,158.265006,157.289086,157.933197,,6148100.000000,PG
2024-03-20,158.108878,158.489487,157.581888,158.089371,,4870300.000000,PG
2024-03-21,158.186951,158.548052,157.240307,157.962494,,5211500.000000,PG
2024-03-22,158.294309,158.499259,157.581891,157.767319,,6393200.000000,PG
2024-03-25,157.289101,157.767307,155.883773,156.332703,,7145600.000000,PG
2024-03-26,156.498609,157.259826,156.283905,156.684036,,5842700.000000,PG
2024-03-27,157.474512,158.821287,157.454989,158.694412,,6599700.000000,PG
2024-03-28,158.899376,159.211662,157.806335,158.343094,,7191500.000000,PG
2024-04-01,157.884404,158.167429,155.952086,156.713303,,5971900.000000,PG
2024-04-02,155.795954,156.840196,155.795954,156.703568,,6771200.000000,PG
2024-04-03,156.762103,157.006083,151.931285,152.389969,,9601800.000000,PG
2024-04-04,153.102407,153.297588,151.667803,151.706833,,6801700.000000,PG
2024-04-05,151.550694,153.278077,150.965150,152.341202,,5120800.000000,PG
2024-04-08,152.214332,152.926750,151.882522,152.282639,,5476800.000000,PG
2024-04-09,152.507102,152.975540,151.950820,152.887711,,4613800.000000,PG
2024-04-10,151.902011,153.785545,151.902011,153.453735,,7784900.000000,PG
2024-04-11,153.756279,153.805078,152.019141,152.087448,,8209800.000000,PG
2024-04-12,151.482385,152.214325,151.013947,151.589737,,6770500.000000,PG
2024-04-15,152.653477,153.043854,151.589727,151.706833,,5754000.000000,PG
2024-04-16,152.097211,153.160960,151.921537,152.194794,,6103300.000000,PG
2024-04-17,152.536370,153.336617,151.989857,153.180481,,6621900.000000,PG
2024-04-18,153.560605,154.827680,153.187371,154.493713,,7819300.000000,PG
2024-04-19,152.224773,155.367880,150.790737,155.328598,,12028400.000000,PG
2024-04-22,155.613439,158.422595,154.454424,157.685928,,8926300.000000,PG
2024-04-23,158.805653,159.218200,157.568059,158.628860,,7707300.000000,PG
2024-04-24,158.334185,159.964677,156.585831,159.709305,,7217600.000000,PG
2024-04-25,160.072734,161.398739,159.198556,159.660202,,7094600.000000,PG
2024-04-26,159.611103,160.416532,157.636842,158.422607,,5659800.000000,PG
2024-04-29,158.304732,158.913705,157.558248,158.786026,,4621000.000000,PG
2024-04-30,158.962807,160.445972,158.727084,160.298630,,8106100.000000,PG
2024-05-01,160.377225,161.320165,159.336072,160.495087,,7543000.000000,PG
2024-05-02,160.632592,161.565715,159.748598,160.927261,,5647500.000000,PG
2024-05-03,160.632597,161.781810,159.277141,161.536255,,5581500.000000,PG
2024-05-06,161.850553,162.046995,160.357572,161.516602,,5472400.000000,PG
2024-05-07,162.046994,163.088147,161.663928,162.813126,,6433000.000000,PG
2024-05-08,163.029202,163.412268,161.997866,162.135391,,4579400.000000,PG
2024-05-09,162.115760,163.373003,162.115760,163.088150,,4671100.000000,PG
2024-05-10,163.137260,164.384686,162.754194,163.883759,,4879400.000000,PG
2024-05-13,163.883762,164.669527,162.420245,162.921173,,5725500.000000,PG
2024-05-14,162.587219,163.117627,161.035306,162.813126,,6009800.000000,PG
2024-05-15,162.371126,163.716765,162.184501,163.549789,,5102700.000000,PG
2024-05-16,163.962319,165.347256,163.628367,164.875793,,6793600.000000,PG
2024-05-17,164.689179,165.013314,163.913230,164.659714,,4700800.000000,PG
2024-05-20,164.571325,164.895460,163.824827,164.335587,,3804600.000000,PG
2024-05-21,164.777579,165.543711,164.315933,165.357101,,5147100.000000,PG
2024-05-22,165.023117,165.435648,164.649883,164.826675,,4536700.000000,PG
2024-05-23,164.315931,165.121360,162.380967,162.547943,,4729800.000000,PG
2024-05-24,162.901537,163.353351,162.213970,162.390778,,3818300.000000,PG
2024-05-28,161.565722,161.830911,159.375356,160.210251,,6466200.000000,PG
2024-05-29,159.758421,159.846833,158.550292,158.776199,,4360400.000000,PG
2024-05-30,158.776192,159.807529,158.609216,159.689667,,4756500.000000,PG
2024-05-31,159.552150,161.840729,159.090504,161.614807,,10341400.000000,PG
2024-06-03,161.015654,163.284599,160.720999,161.722855,,5828400.000000,PG
2024-06-04,161.860375,164.148954,161.477309,164.040909,,6277000.000000,PG
2024-06-05,164.040901,164.040901,162.046992,163.097977,,5243300.000000,PG
2024-06-06,162.881895,165.583005,162.145228,165.474960,,6302000.000000,PG
2024-06-07,165.406201,165.966075,163.873937,164.090027,,4558200.000000,PG
2024-06-10,163.814989,164.738280,163.127436,164.374863,,4110600.000000,PG
2024-06-11,164.001620,164.522197,163.068512,164.502548,,3947700.000000,PG
2024-06-12,164.522217,164.659727,161.300529,162.243454,,5474500.000000,PG
2024-06-13,161.546056,164.031076,161.546056,163.451569,,4902200.000000,PG
2024-06-14,163.039048,163.962324,162.312198,163.824814,,3695000.000000,PG
2024-06-17,162.901526,165.710682,162.459514,164.522186,,6759400.000000,PG
2024-06-18,164.060556,165.651751,163.972159,165.563354,,5112600.000000,PG
2024-06-20,165.376746,165.779461,163.893596,164.689194,,8483600.000000,PG
2024-06-21,164.502545,165.877665,164.207875,165.268677,,14682000.000000,PG
2024-06-24,165.759809,166.398262,164.502566,165.455322,,7565200.000000,PG
2024-06-25,165.632113,165.907134,162.950636,163.883759,,8324000.000000,PG
2024-06-26,163.097979,164.826684,162.714913,164.473083,,5164000.000000,PG
2024-06-27,164.512380,165.111536,162.557753,163.657837,,5007000.000000,PG
2024-06-28,163.048869,164.266830,161.654116,161.988068,,9253100.000000,PG
2024-07-01,162.646152,163.255139,159.316419,159.827179,,7638600.000000,PG
2024-07-02,159.689665,161.123701,158.835137,160.986191,,5449200.000000,PG
2024-07-03,160.308477,161.290699,160.082555,160.917450,,2980500.000000,PG
2024-07-05,161.094240,162.685450,160.593312,162.272919,,6509200.000000,PG
2024-07-08,162.999742,163.706943,162.675607,163.559616,,5144500.000000,PG
2024-07-09,163.667677,163.795355,162.204160,162.714920,,4393100.000000,PG
2024-07-10,162.950632,163.952502,162.597031,163.834641,,5037100.000000,PG
2024-07-11,163.343544,163.667679,161.850562,162.597046,,5831500.000000,PG
2024-07-12,163.264959,164.659713,163.068518,163.648026,,4684600.000000,PG
2024-07-15,163.510513,163.657840,161.536252,161.654114,,5752500.000000,PG
2024-07-16,161.978253,164.099856,161.683583,163.981979,,6378300.000000,PG
2024-07-17,164.767761,167.144737,164.355230,166.427719,,7982300.000000,PG
2024-07-18,165.799081,167.881387,165.288321,165.445480,,5926300.000000,PG
2024-07-19,165.976108,167.033399,165.146083,165.966232,,6597100.000000,PG
2024-07-22,165.936584,166.697448,165.709318,166.252792,,6383000.000000,PG
2024-07-23,166.114454,166.420772,164.345709,164.642136,,4863400.000000,PG
2024-07-24,164.345717,166.282443,163.614496,166.005768,,5907000.000000,PG
2024-07-25,166.321965,168.070944,164.889165,164.918808,,7338300.000000,PG
2024-07-26,165.264663,167.310099,165.047274,167.102585,,5581600.000000,PG
2024-07-29,166.845675,168.515601,166.114454,167.912842,,6797800.000000,PG
2024-07-30,159.869476,160.452484,156.163990,159.780548,,15746300.000000,PG
2024-07-31,158.901094,160.926762,157.320096,158.851685,,9660900.000000,PG
2024-08-01,158.970275,164.335810,158.772637,163.723175,,12532700.000000,PG
2024-08-02,165.452404,168.327865,163.189579,168.061066,,11899000.000000,PG
2024-08-05,168.851581,168.851581,164.691549,166.065048,,10338800.000000,PG
2024-08-06,165.906949,168.308112,165.857555,166.094696,,7454900.000000,PG
2024-08-07,166.569000,169.681602,166.015635,168.001785,,8385500.000000,PG
2024-08-08,167.408905,169.523502,166.993893,168.841690,,6386900.000000,PG
2024-08-09,168.100597,169.227064,167.636175,168.515610,,5377300.000000,PG
2024-08-12,167.389132,167.636164,164.227120,164.829880,,7208100.000000,PG
2024-08-13,165.353593,165.808140,164.484050,165.304184,,3770000.000000,PG
2024-08-14,164.523564,167.458310,163.851643,166.796265,,5476600.000000,PG
2024-08-15,167.448425,167.665799,164.770587,165.926697,,9491400.000000,PG
2024-08-16,165.827903,166.351610,164.820007,165.897064,,5640800.000000,PG
2024-08-19,166.183620,167.231050,166.173744,166.420776,,3885300.000000,PG
2024-08-20,166.766614,168.535359,166.114445,168.387146,,4513600.000000,PG
2024-08-21,168.169764,169.849581,167.586771,168.140121,,4082000.000000,PG
2024-08-22,168.851579,169.207306,167.132228,168.130234,,4097300.000000,PG
2024-08-23,168.031424,168.090709,166.252788,167.161865,,4771300.000000,PG
2024-08-26,166.697443,168.940501,166.697443,168.327866,,6472400.000000,PG
2024-08-27,168.802167,169.068967,167.072941,167.240921,,4456400.000000,PG
2024-08-28,167.408904,169.167773,166.578879,167.053177,,5644800.000000,PG
2024-08-29,167.734983,168.574899,166.934600,168.011658,,4413200.000000,PG
2024-08-30,168.140115,169.839699,167.675693,169.503723,,7301600.000000,PG
2024-09-03,168.999787,172.922662,168.960268,172.448364,,10101400.000000,PG
2024-09-04,171.568938,173.910800,171.568938,173.811981,,7517500.000000,PG
2024-09-05,173.900917,174.454267,172.596578,173.387085,,6061900.000000,PG
2024-09-06,173.673641,174.938446,173.258629,173.505661,,5785700.000000,PG
2024-09-09,173.456246,174.740817,172.586702,173.970078,,6450200.000000,PG
2024-09-10,173.821862,175.827763,173.821862,175.679535,,6396300.000000,PG
2024-09-11,174.503679,174.898925,171.568933,171.855484,,6828200.000000,PG
2024-09-12,171.835716,172.537295,170.393055,171.410828,,4839800.000000,PG
2024-09-13,171.312017,172.468127,170.748791,172.013596,,3918000.000000,PG
2024-09-16,172.636111,175.205239,172.250742,175.136078,,6892300.000000,PG
2024-09-17,174.533334,174.869294,173.278405,173.792236,,4757100.000000,PG
2024-09-18,172.972075,173.811976,170.521518,171.855484,,5102900.000000,PG
2024-09-19,170.827828,171.104503,168.357504,169.503723,,8692000.000000,PG
2024-09-20,169.474094,172.468125,169.464218,172.151932,,28647500.000000,PG
2024-09-23,171.944417,173.110418,170.541275,171.707275,,10265000.000000,PG
2024-09-24,170.827836,172.428601,170.570913,171.183563,,5422400.000000,PG
2024-09-25,172.003706,172.606451,170.017557,170.215179,,8916500.000000,PG
2024-09-26,169.464207,172.537291,169.325870,171.153915,,4957200.000000,PG
2024-09-27,170.956285,172.379194,170.531397,171.489883,,4599500.000000,PG
2024-09-30,171.667735,171.934534,170.659854,171.144028,,6296600.000000,PG
2024-10-01,171.183569,171.934542,170.155906,170.985931,,7130600.000000,PG
2024-10-02,169.968155,170.402934,169.049201,169.879227,,6212700.000000,PG
2024-10-03,169.335748,169.335748,167.754750,168.100586,,4794300.000000,PG
2024-10-04,166.845678,168.070949,166.262670,166.875320,,6002800.000000,PG
2024-10-07,167.151993,167.567005,164.889168,165.136200,,6325300.000000,PG
2024-10-08,164.869417,166.588753,164.296300,166.163864,,7473000.000000,PG
2024-10-09,166.381247,167.794264,166.005752,167.260681,,8758800.000000,PG
2024-10-10,166.796260,167.774498,166.371356,166.944473,,6932300.000000,PG
2024-10-11,167.448426,169.375275,166.964237,169.059067,,7036500.000000,PG
2024-10-14,168.989916,170.788304,168.713241,170.462219,,5909000.000000,PG
2024-10-15,170.837708,172.833733,170.768546,171.509644,,7172200.000000,PG
2024-10-16,169.839706,170.541270,168.861452,170.333771,,6117000.000000,PG
2024-10-17,170.136136,171.618330,169.721123,170.234955,,7045600.000000,PG
2024-10-18,169.267857,171.166284,167.439012,170.241913,,8372500.000000,PG
2024-10-21,169.943726,170.440696,167.429061,168.512451,,5522500.000000,PG
2024-10-22,167.548337,169.695234,167.548337,168.671478,,7511400.000000,PG
2024-10-23,168.522399,169.138636,167.707361,168.552216,,4837800.000000,PG
2024-10-24,168.393180,168.929916,167.906144,168.591965,,5861200.000000,PG
2024-10-25,167.896209,168.373296,167.021538,167.200455,,4877900.000000,PG
2024-10-28,168.254027,168.631729,167.359488,168.273911,,5753800.000000,PG
2024-10-29,167.836574,167.836574,165.818879,166.156815,,5681000.000000,PG
2024-10-30,166.077295,166.305912,164.954154,165.152939,,5518100.000000,PG
2024-10-31,164.755365,166.027606,164.089428,164.178879,,6056500.000000,PG
2024-11-01,164.308084,165.341789,163.990031,164.099365,,5454800.000000,PG
2024-11-04,164.715604,165.262273,163.582513,164.079483,,5130200.000000,PG
2024-11-05,163.334030,165.311975,163.334030,164.755356,,4397400.000000,PG
2024-11-06,164.606274,165.033661,158.841423,160.073914,,11473700.000000,PG
2024-11-07,160.978408,162.956337,160.501306,162.419617,,9056700.000000,PG
2024-11-08,163.025919,166.733309,162.936453,166.693558,,7506200.000000,PG
2024-11-11,165.987850,167.498642,164.775243,165.023727,,6364400.000000,PG
2024-11-12,165.133054,166.047476,164.566517,164.834869,,6507500.000000,PG
2024-11-13,165.053551,165.789072,164.675850,165.570404,,5412300.000000,PG
2024-11-14,165.699615,167.021541,165.500815,166.067368,,7444300.000000,PG
2024-11-15,166.922157,169.536223,165.868584,168.512451,,9939400.000000,PG
2024-11-18,168.085059,170.410873,167.806757,169.715118,,6681000.000000,PG
2024-11-19,169.655484,170.132571,168.631728,169.725052,,5683700.000000,PG
2024-11-20,168.979607,170.033196,168.482638,169.854279,,7081100.000000,PG
2024-11-21,170.619613,172.458391,169.188338,171.703003,,6240400.000000,PG
2024-11-22,173.094513,176.324816,172.826161,175.211609,,10609800.000000,PG
2024-11-25,176.404331,177.736221,175.827845,176.314880,,19357000.000000,PG
2024-11-26,176.126024,178.372336,176.126024,178.223236,,6276700.000000,PG
2024-11-27,178.909054,179.336441,177.646747,178.272934,,5522900.000000,PG
2024-11-29,177.616935,178.541306,177.199482,178.173538,,3823700.000000,PG
2024-12-02,178.034384,179.068089,176.931111,178.610870,,5728200.000000,PG
2024-12-03,177.686514,178.531353,174.138144,174.356812,,8127300.000000,PG
2024-12-04,173.114386,174.088442,172.408697,174.048691,,6823500.000000,PG
2024-12-05,173.800212,175.390521,173.392694,174.963120,,5022200.000000,PG
2024-12-06,174.307119,175.668826,172.696942,172.766525,,5741200.000000,PG
2024-12-09,172.587600,172.706868,169.397049,169.754868,,7164300.000000,PG
2024-12-10,169.387127,171.881910,168.900092,171.235855,,6219900.000000,PG
2024-12-11,171.961421,172.339123,169.367239,169.595856,,5237500.000000,PG
2024-12-12,170.391001,170.778652,168.989558,169.814529,,4072800.000000,PG
2024-12-13,169.735003,170.748811,169.088934,170.023239,,3884500.000000,PG
2024-12-16,170.410871,171.732812,170.063002,170.102753,,5943600.000000,PG
2024-12-17,169.635604,170.907845,168.989550,169.297668,,6069200.000000,PG
2024-12-18,168.731123,169.526278,167.995618,168.055252,,7517100.000000,PG
2024-12-19,167.985664,169.069070,166.335737,168.164581,,8585200.000000,PG
2024-12-20,167.846516,168.840455,166.484824,167.041428,,21999300.000000,PG
2024-12-23,167.041425,167.657663,165.351732,167.091125,,6983900.000000,PG
2024-12-24,166.604085,168.154628,166.405300,167.916092,,2460800.000000,PG
2024-12-26,167.289914,169.267859,167.051378,169.128708,,3629400.000000,PG
2024-12-27,168.393184,169.725059,168.234150,168.502518,,4367900.000000,PG
2024-12-30,167.647727,167.955846,165.699614,166.077301,,4354500.000000,PG
2024-01-02,349.671992,351.503357,338.415049,344.665588,,19042200.000000,META
2024-01-03,343.361743,346.317813,341.570169,342.854126,,15451100.000000,META
2024-01-04,342.883964,346.516836,341.789118,345.491669,,12099900.000000,META
2024-01-05,345.362317,351.841789,344.635761,350.299072,,13920700.000000,META
2024-01-08,353.036154,357.296076,350.398561,356.977570,,13890200.000000,META
2024-01-09,354.728159,358.948291,353.693029,355.753326,,13463900.000000,META
2024-01-10,358.480476,371.190562,357.395562,368.732147,,22117200.000000,META
2024-01-11,370.384396,371.031340,361.227539,367.935944,,17205400.000000,META
2024-01-12,368.423632,375.291259,367.806545,372.733307,,19295700.000000,META
2024-01-16,371.897233,373.848030,365.507365,365.736267,,15306900.000000,META
2024-01-17,364.581671,366.811184,356.927742,366.641968,,12724800.000000,META
2024-01-18,369.747382,375.082255,369.209937,374.365631,,16354300.000000,META
2024-01-19,377.222168,382.557011,376.197001,381.651306,,21470100.000000,META
2024-01-22,386.130207,388.518943,379.372049,379.989136,,17680500.000000,META
2024-01-23,382.815801,386.558173,380.287707,383.393097,,15506100.000000,META
2024-01-24,388.170551,394.291695,385.990821,388.867279,,15698500.000000,META
2024-01-25,388.339742,393.634763,383.850889,391.335602,,15091100.000000,META
2024-01-26,392.500144,394.928701,389.753081,392.291138,,13163700.000000,META
2024-01-29,393.137142,401.039899,391.256024,399.138855,,18742400.000000,META
2024-01-30,401.696820,404.453816,397.695688,398.183380,,18614700.000000,META
2024-01-31,387.175239,396.133021,385.284158,388.309906,,20180800.000000,META
2024-02-01,392.092045,398.621269,391.206205,392.928101,,29727100.000000,META
2024-02-02,457.444050,483.680382,450.884967,472.761841,,84615500.000000,META
2024-02-05,467.675831,469.686344,457.065833,457.254944,,40832400.000000,META
2024-02-06,461.823380,464.928740,450.874981,452.586914,,21655200.000000,META
2024-02-07,455.851548,469.308116,454.040078,467.387177,,23066000.000000,META
2024-02-08,466.123176,468.382517,462.848601,467.795288,,18815100.000000,META
2024-02-09,470.731415,471.368397,465.277111,465.914093,,18413100.000000,META
2024-02-12,465.993778,476.902358,464.391315,466.700439,,19382000.000000,META
2024-02-13,454.726854,465.695180,452.955205,457.961609,,20916600.000000,META
2024-02-14,465.734966,471.885969,463.903601,471.059875,,16858400.000000,META
2024-02-15,473.050506,486.327926,470.004862,481.759460,,24212300.000000,META
2024-02-16,475.867179,476.713197,467.008935,471.099670,,23306500.000000,META
2024-02-20,467.516603,473.946291,464.371422,469.537079,,18015500.000000,META
2024-02-21,464.804328,467.295241,460.111457,466.328766,,12977100.000000,META
2024-02-22,478.494371,488.208931,474.329572,484.362976,,21625800.000000,META
2024-02-23,486.275976,492.563037,480.596713,482.270599,,18374300.000000,META
2024-02-26,481.712675,484.372984,478.853112,479.988953,,12101400.000000,META
2024-02-27,478.235384,485.498865,478.175605,485.279663,,10809600.000000,META
2024-02-28,483.237099,489.265096,480.995278,482.260651,,12715500.000000,META
2024-02-29,486.664590,489.912750,480.855764,488.348450,,17732000.000000,META
2024-03-01,490.321219,502.417106,490.062185,500.474182,,16273600.000000,META
2024-03-04,501.171664,502.586516,494.615595,496.379150,,12324100.000000,META
2024-03-05,493.200765,493.778644,486.116623,488.438141,,15325300.000000,META
2024-03-06,495.821184,501.141771,492.493329,494.286774,,11757900.000000,META
2024-03-07,501.450630,517.960377,499.557543,510.328247,,18586400.000000,META
2024-03-08,512.321001,521.666911,497.534946,504.110962,,18575200.000000,META
2024-03-11,495.203417,495.512287,474.269777,481.832184,,20428300.000000,META
2024-03-12,491.467102,500.484195,482.968108,497.933502,,15448200.000000,META
2024-03-13,493.589338,499.159016,489.245171,493.768677,,12090700.000000,META
2024-03-14,498.441679,499.527714,486.385654,490.042297,,12620000.000000,META
2024-03-15,487.232519,490.042245,479.550522,482.340363,,29141700.000000,META
2024-03-18,490.121975,495.611957,485.040507,495.173553,,11755300.000000,META
2024-03-19,486.395575,494.824815,479.530605,494.436218,,10903100.000000,META
2024-03-20,497.684388,506.352777,493.370140,503.682495,,11711100.000000,META
2024-03-21,512.839117,513.167874,504.170729,505.914368,,9712500.000000,META
2024-03-22,505.157114,508.116319,502.506779,507.727722,,8117000.000000,META
2024-03-25,503.951540,505.376335,498.421695,501.191589,,8380600.000000,META
2024-03-26,503.293929,508.146222,493.409973,494.087524,,11205400.000000,META
2024-03-27,497.485109,498.072991,486.295948,492.064880,,9989700.000000,META
2024-03-28,491.048562,491.098398,483.386512,483.814941,,15212800.000000,META
2024-04-01,485.429086,495.621882,480.028774,489.563995,,9247000.000000,META
2024-04-02,483.336744,495.721556,482.888368,495.562134,,11081000.000000,META
2024-04-03,497.116462,505.396254,496.937123,504.898071,,12099200.000000,META
2024-04-04,514.542844,528.073499,508.724075,509.062866,,26476300.000000,META
2024-04-05,514.981210,528.770929,512.540104,525.423157,,19242000.000000,META
2024-04-08,527.356182,529.558110,517.003933,517.362610,,13260600.000000,META
2024-04-09,520.331762,523.958546,504.898075,515.021179,,10881400.000000,META
2024-04-10,507.438734,520.660487,503.961400,517.940430,,11418500.000000,META
2024-04-11,519.215765,521.955768,515.409643,521.258301,,10369500.000000,META
2024-04-12,515.868049,518.299182,507.478641,510.039307,,11944900.000000,META
2024-04-15,514.841796,516.645275,495.472484,498.411774,,13512900.000000,META
2024-04-16,496.299424,502.935220,495.303059,497.943451,,9847900.000000,META
2024-04-17,501.271344,501.331123,485.369364,492.373810,,12193700.000000,META
2024-04-18,498.003260,510.348239,497.226096,499.976044,,14808700.000000,META
2024-04-19,500.972344,500.972344,474.000764,479.321350,,25111000.000000,META
2024-04-22,487.939921,490.221605,471.679235,479.978973,,17271100.000000,META
2024-04-23,489.464376,496.947088,487.192665,494.296753,,15079200.000000,META
2024-04-24,506.213250,508.146201,482.818587,491.706177,,37772700.000000,META
2024-04-25,419.868249,444.149662,412.993336,439.775635,,82890700.000000,META
2024-04-26,439.855346,444.817255,430.389877,441.678711,,32691400.000000,META
2024-04-29,437.962262,438.161547,427.002245,431.047485,,21502600.000000,META
2024-04-30,429.483191,438.022047,428.158038,428.606415,,18429500.000000,META
2024-05-01,427.042094,448.324439,425.557490,437.593597,,20344900.000000,META
2024-05-02,437.244911,442.346296,430.708758,440.074585,,15221300.000000,META
2024-05-03,444.309089,452.519158,442.236663,450.317169,,16489100.000000,META
2024-05-06,453.924011,464.465571,451.692163,463.987305,,15094600.000000,META
2024-05-07,464.595101,469.816044,459.633191,466.537994,,13406800.000000,META
2024-05-08,461.815243,473.851320,461.317060,470.882172,,11683900.000000,META
2024-05-09,468.291643,474.349530,465.930262,473.691956,,9437700.000000,META
2024-05-10,475.355865,475.764379,467.893100,474.469116,,10750000.000000,META
2024-05-13,471.031630,471.629455,461.167621,466.308868,,14668800.000000,META
2024-05-14,461.685701,470.822382,458.407651,470.134888,,10478600.000000,META
2024-05-15,473.253520,480.746175,469.487261,479.789673,,13100500.000000,META
2024-05-16,473.273412,475.953637,471.031591,471.509857,,16608200.000000,META
2024-05-17,469.118580,471.081421,466.717367,470.194672,,10807300.000000,META
2024-05-20,468.241815,471.480002,465.342389,467.135834,,11745100.000000,META
2024-05-21,465.422071,468.989075,460.589694,462.941132,,11742200.000000,META
2024-05-22,466.169320,471.998062,463.957388,466.079651,,10078600.000000,META
2024-05-23,471.161174,472.635775,459.862396,464.086975,,11747900.000000,META
2024-05-24,465.920274,478.105831,464.605064,476.481750,,12012300.000000,META
2024-05-28,474.847712,479.112153,473.114046,478.175598,,10175800.000000,META
2024-05-29,472.934670,478.105807,471.978168,472.635742,,9226200.000000,META
2024-05-30,469.955558,470.015337,463.020835,465.352325,,10735200.000000,META
2024-05-31,464.106863,467.414802,452.808086,465.133118,,16919800.000000,META
2024-06-03,469.148489,477.856741,466.538017,475.754395,,11279400.000000,META
2024-06-04,475.266168,477.149313,471.509883,475.256195,,7088700.000000,META
2024-06-05,482.689109,494.844746,482.151063,493.260529,,15690500.000000,META
2024-06-06,491.188107,500.992337,489.105708,491.965271,,10667300.000000,META
2024-06-07,494.107441,497.096537,488.388315,491.168152,,9380700.000000,META
2024-06-10,492.064880,500.832912,491.616534,500.773132,,11236900.000000,META
2024-06-11,498.342000,505.754960,496.458856,505.625427,,9673700.000000,META
2024-06-12,512.121723,512.141669,502.636337,506.990448,,11983200.000000,META
2024-06-13,503.871803,507.508530,499.537609,502.267670,,9954600.000000,META
2024-06-14,501.320187,505.808282,499.425220,502.826202,,10243300.000000,META
2024-06-17,500.342773,509.398737,494.697744,505.289642,,11266600.000000,META
2024-06-18,503.225112,504.661305,493.710343,498.168518,,13060400.000000,META
2024-06-20,500.671905,502.337501,495.455731,500.372711,,11801200.000000,META
2024-06-21,502.118084,502.118084,491.087347,493.471008,,23130700.000000,META
2024-06-24,497.879329,506.456553,492.982315,497.590088,,13525300.000000,META
2024-06-25,495.735005,509.358870,494.189118,509.249176,,12109800.000000,META
2024-06-26,505.309598,512.450659,503.344808,511.762482,,8882300.000000,META
2024-06-27,512.889476,521.496649,512.540426,518.185425,,10121200.000000,META
2024-06-28,515.781832,520.499299,502.507017,502.886017,,15855100.000000,META
2024-07-01,503.614093,505.239755,491.865260,503.344788,,10328200.000000,META
2024-07-02,499.435201,509.149423,498.128670,508.152069,,7739500.000000,META
2024-07-03,505.030372,509.927386,504.681291,508.610870,,6005600.000000,META
2024-07-05,510.246498,539.439049,510.246498,538.481567,,21354100.000000,META
2024-07-08,540.915112,541.373917,525.256698,527.919617,,14917500.000000,META
2024-07-09,532.337918,536.058031,526.792630,528.597839,,8753200.000000,META
2024-07-10,529.385684,537.454308,526.962121,533.275391,,10983300.000000,META
2024-07-11,529.485507,534.043424,507.025066,511.343628,,16458300.000000,META
2024-07-12,496.443153,506.745811,492.922493,497.550201,,19750500.000000,META
2024-07-15,497.310818,505.339508,492.064724,494.847351,,12539200.000000,META
2024-07-16,500.173244,502.616774,484.504814,488.494232,,14075800.000000,META
2024-07-17,477.902302,477.902302,457.905329,460.767731,,28076600.000000,META
2024-07-18,473.743338,477.972111,463.311019,474.591095,,19267200.000000,META
2024-07-19,474.800546,485.422364,474.451466,475.528625,,15149400.000000,META
2024-07-22,485.292697,490.758210,482.619794,486.110535,,12023100.000000,META
2024-07-23,488.544077,493.909848,486.429690,487.397125,,9455500.000000,META
2024-07-24,471.060453,475.039887,459.361475,460.049652,,17649700.000000,META
2024-07-25,462.034396,462.323607,441.478906,452.210449,,18240500.000000,META
2024-07-26,462.971925,468.527166,458.204572,464.467957,,14222400.000000,META
2024-07-29,468.636886,472.706079,463.789728,464.477905,,11339600.000000,META
2024-07-30,465.764487,471.479338,455.491749,461.964569,,11390400.000000,META
2024-07-31,469.773874,475.239387,465.515181,473.573792,,24285800.000000,META
2024-08-01,519.621661,525.775321,490.798124,496.423187,,43083100.000000,META
2024-08-02,487.706282,499.824131,474.890272,486.848572,,24044700.000000,META
2024-08-05,450.155930,482.200932,449.607366,474.471436,,21396200.000000,META
2024-08-06,477.732763,501.230430,477.383682,492.782837,,20955000.000000,META
2024-08-07,501.798923,508.800340,485.571948,487.626526,,20105300.000000,META
2024-08-08,496.183824,508.610852,493.411180,508.281738,,16156800.000000,META
2024-08-09,506.366794,516.968707,504.362133,516.400208,,13696600.000000,META
2024-08-12,515.492588,516.649553,507.753138,514.585022,,9767400.000000,META
2024-08-13,518.634261,530.093853,516.779197,527.141663,,13743800.000000,META
2024-08-14,526.662943,532.587230,521.745993,525.366394,,11444200.000000,META
2024-08-15,530.383065,538.341994,525.306565,535.908447,,13482100.000000,META
2024-08-16,530.492786,532.248078,523.271890,526.024597,,14776700.000000,META
2024-08-19,525.476103,530.253408,521.376991,527.879761,,9879700.000000,META
2024-08-20,526.952135,529.684937,524.488699,525.336426,,7944400.000000,META
2024-08-21,525.755383,537.972974,525.535934,533.744141,,13423300.000000,META
2024-08-22,535.579299,542.790152,527.191576,530.522705,,15708300.000000,META
2024-08-23,535.499534,538.441742,523.670925,526.603149,,11323900.000000,META
2024-08-26,526.204170,526.603136,513.587673,519.741333,,9584000.000000,META
2024-08-27,517.606946,522.623668,513.946672,517.726624,,6282700.000000,META
2024-08-28,516.300441,519.711437,511.094280,515.412842,,9106100.000000,META
2024-08-29,517.676759,525.805221,514.315680,516.848938,,8317400.000000,META
2024-08-30,519.970658,522.154867,513.836966,519.930786,,9157500.000000,META
2024-09-03,518.265224,524.099723,507.274360,510.406067,,12459100.000000,META
2024-09-04,504.731147,515.223335,502.736438,511.383484,,8335200.000000,META
2024-09-05,510.366229,520.250015,509.797729,515.492615,,8640900.000000,META
2024-09-06,520.499316,523.192186,496.931827,498.946472,,14744500.000000,META
2024-09-09,504.820899,509.977205,500.751677,503.454529,,11047800.000000,META
2024-09-10,506.815608,512.819671,498.707112,503.454529,,9899000.000000,META
2024-09-11,505.668636,511.762456,494.288819,510.475861,,10782500.000000,META
2024-09-12,515.682044,525.316521,513.856869,524.209412,,11993300.000000,META
2024-09-13,518.963411,526.184247,515.741914,523.232056,,10321400.000000,META
2024-09-16,523.651342,533.195144,516.523485,532.376587,,9527600.000000,META
2024-09-17,536.689238,541.181615,529.671179,535.411438,,11690800.000000,META
2024-09-18,536.160121,543.278047,532.995509,537.038635,,10323500.000000,META
2024-09-19,549.068212,561.117771,545.594127,558.152771,,15647000.000000,META
2024-09-20,559.051237,563.543613,555.357494,560.398926,,22066800.000000,META
2024-09-23,568.535200,573.007591,561.457185,563.453796,,12830700.000000,META
2024-09-24,565.719972,566.788166,553.251141,562.375671,,12993000.000000,META
2024-09-25,563.094376,575.902656,562.764918,567.347168,,16543400.000000,META
2024-09-26,574.754639,576.421854,561.397301,566.878052,,14400800.000000,META
2024-09-27,569.134152,569.872950,563.553656,566.398804,,9398400.000000,META
2024-09-30,566.738255,573.706410,563.843143,571.470215,,12792300.000000,META
2024-10-01,577.000799,582.052224,569.134144,575.493347,,15259300.000000,META
2024-10-02,573.886115,575.024198,568.375507,571.839600,,6524700.000000,META
2024-10-03,569.184100,582.371681,567.766462,581.782715,,11581000.000000,META
2024-10-04,582.741083,595.838851,580.444992,594.930420,,14169500.000000,META
2024-10-07,597.206478,601.928506,583.050509,583.789307,,12014200.000000,META
2024-10-08,588.690968,592.554407,584.977239,591.885559,,7857400.000000,META
2024-10-09,592.983667,593.383014,580.624636,589.509583,,9529700.000000,META
2024-10-10,586.574535,589.230002,581.533103,582.840881,,7740400.000000,META
2024-10-11,583.839240,590.208437,581.722837,588.950562,,8587100.000000,META
2024-10-14,593.213227,599.083270,588.960496,589.419678,,8252000.000000,META
2024-10-15,589.160158,589.609408,579.157175,585.276794,,9564200.000000,META
2024-10-16,580.415041,581.093882,573.057532,575.812805,,11268400.000000,META
2024-10-17,582.341819,583.978995,574.225587,575.952637,,8701200.000000,META
2024-10-18,580.115508,582.980641,574.275443,575.493347,,7694300.000000,META
2024-10-21,575.054129,576.262040,568.145809,574.185547,,8171900.000000,META
2024-10-22,573.317094,582.541492,571.150788,581.024048,,8544500.000000,META
2024-10-23,578.987372,584.008879,561.546999,562.734985,,14248400.000000,META
2024-10-24,566.169192,567.916227,560.568711,566.818115,,7184700.000000,META
2024-10-25,572.957649,580.305165,570.751371,572.278809,,11337900.000000,META
2024-10-28,581.014002,582.761037,573.147347,577.180481,,10925100.000000,META
2024-10-29,579.167202,592.664256,574.425249,592.274963,,13019100.000000,META
2024-10-30,599.961803,600.181462,588.381480,590.797363,,26864900.000000,META
2024-10-31,584.008941,588.900664,562.056204,566.618469,,26838400.000000,META
2024-11-01,566.648408,572.698139,561.606975,566.199158,,15303200.000000,META
2024-11-04,563.144291,567.726542,556.944851,559.730103,,12064600.000000,META
2024-11-05,566.338891,572.508414,565.709954,571.460205,,9775400.000000,META
2024-11-06,561.796639,572.029274,554.229463,571.080872,,18305400.000000,META
2024-11-07,575.912723,593.792356,574.235577,590.697632,,14653700.000000,META
2024-11-08,590.537838,592.095193,583.529772,588.341614,,9415700.000000,META
2024-11-11,585.366605,586.005535,575.533317,582.182007,,10209100.000000,META
2024-11-12,587.542892,598.644048,579.396743,583.829224,,16287700.000000,META
2024-11-13,581.622959,584.647855,574.195561,579.017395,,10757600.000000,META
2024-11-14,576.022488,579.776128,572.039257,576.182190,,11053700.000000,META
2024-11-15,570.252212,571.599961,550.565650,553.141296,,17712900.000000,META
2024-11-18,556.096297,558.951498,549.158119,553.460815,,14346700.000000,META
2024-11-19,550.925061,560.478855,549.667186,560.139465,,9522400.000000,META
2024-11-20,561.976312,565.390501,553.261121,564.561951,,9797300.000000,META
2024-11-21,568.555146,569.034314,548.119795,562.136047,,11154700.000000,META
2024-11-22,562.595313,562.874867,553.650530,558.192810,,9164000.000000,META
2024-11-25,561.147738,571.620019,555.447450,564.152649,,13599800.000000,META
2024-11-26,565.041094,576.521611,564.242462,572.568298,,10356600.000000,META
2024-11-27,573.916081,574.005894,563.144321,568.235718,,7200200.000000,META
2024-11-29,568.036051,577.480047,565.939633,573.347046,,7130500.000000,META
2024-12-02,576.521638,593.492837,574.594915,591.825684,,12522400.000000,META
2024-12-03,593.991984,613.159469,590.248337,612.610413,,14907200.000000,META
2024-12-04,611.921555,616.733397,604.074825,612.740173,,14697000.000000,META
2024-12-05,616.034594,618.849823,606.021557,607.898376,,8081200.000000,META
2024-12-06,609.066372,628.723017,607.499085,622.713257,,16935500.000000,META
2024-12-09,622.862959,625.338798,605.143030,612.530518,,11426000.000000,META
2024-12-10,616.513785,624.530210,611.701943,618.270813,,10938900.000000,META
2024-12-11,622.313869,637.318434,620.477020,631.608093,,10837200.000000,META
2024-12-12,630.430133,635.581364,626.147422,629.721313,,7474700.000000,META
2024-12-13,626.157368,630.010874,615.844912,619.299011,,8453300.000000,META
2024-12-16,629.420008,630.589012,618.030177,623.685120,,10885600.000000,META
2024-12-17,625.613403,631.807904,615.991958,618.889404,,12897800.000000,META
2024-12-18,620.448013,626.802345,595.789958,596.659180,,17075500.000000,META
2024-12-19,609.847422,610.976422,594.471088,595.040588,,14958100.000000,META
2024-12-20,590.055077,602.573908,579.484464,584.729797,,48989400.000000,META
2024-12-23,589.075884,600.555721,585.728886,599.316772,,10205800.000000,META
2024-12-24,602.184220,607.449555,598.747336,607.209778,,4726100.000000,META
2024-12-26,604.941771,605.761050,598.407607,602.813660,,6081400.000000,META
2024-12-27,598.877187,601.315020,589.275743,599.276855,,8084200.000000,META
2024-12-30,588.226640,596.409362,585.059475,590.714417,,7025900.000000,META
2024-01-02,151.539993,152.380005,148.389999,149.929993,,47339400.000000,AMZN
2024-01-03,149.199997,151.050003,148.330002,148.470001,,49425500.000000,AMZN
2024-01-04,145.589996,147.380005,144.050003,144.570007,,56039800.000000,AMZN
2024-01-05,144.690002,146.589996,144.529999,145.240005,,45124800.000000,AMZN
2024-01-08,146.740005,149.399994,146.149994,149.100006,,46757100.000000,AMZN
2024-01-09,148.330002,151.710007,148.210007,151.369995,,43812600.000000,AMZN
2024-01-10,152.059998,154.419998,151.880005,153.729996,,44421800.000000,AMZN
2024-01-11,155.039993,157.169998,153.119995,155.179993,,49072700.000000,AMZN
2024-01-12,155.389999,156.199997,154.009995,154.619995,,40460300.000000,AMZN
2024-01-16,153.529999,154.990005,152.149994,153.160004,,41384600.000000,AMZN
2024-01-17,151.490005,152.149994,149.910004,151.710007,,34953400.000000,AMZN
2024-01-18,152.770004,153.779999,151.820007,153.500000,,37850200.000000,AMZN
2024-01-19,153.830002,155.759995,152.740005,155.339996,,51033700.000000,AMZN
2024-01-22,156.889999,157.050003,153.899994,154.779999,,43687500.000000,AMZN
2024-01-23,154.850006,156.210007,153.929993,156.020004,,37986000.000000,AMZN
2024-01-24,157.800003,158.509995,156.479996,156.869995,,48547300.000000,AMZN
2024-01-25,156.949997,158.509995,154.550003,157.750000,,43638600.000000,AMZN
2024-01-26,158.419998,160.720001,157.910004,159.119995,,51047400.000000,AMZN
2024-01-29,159.339996,161.289993,158.899994,161.259995,,45270400.000000,AMZN
2024-01-30,160.699997,161.729996,158.490005,159.000000,,45207400.000000,AMZN
2024-01-31,157.000000,159.009995,154.809998,155.199997,,50284400.000000,AMZN
2024-02-01,155.869995,159.759995,155.619995,159.279999,,76542400.000000,AMZN
2024-02-02,169.190002,172.500000,167.330002,171.809998,,117154900.000000,AMZN
2024-02-05,170.199997,170.550003,167.699997,170.309998,,55081300.000000,AMZN
2024-02-06,169.389999,170.710007,167.649994,169.149994,,42505500.000000,AMZN
2024-02-07,169.479996,170.880005,168.940002,170.529999,,47174100.000000,AMZN
2024-02-08,169.649994,171.429993,168.880005,169.839996,,42316500.000000,AMZN
2024-02-09,170.899994,175.000000,170.580002,174.449997,,56986000.000000,AMZN
2024-02-12,174.800003,175.389999,171.539993,172.339996,,51050400.000000,AMZN
2024-02-13,167.729996,170.949997,165.750000,168.639999,,56345100.000000,AMZN
2024-02-14,169.210007,171.210007,168.279999,170.979996,,42815500.000000,AMZN
2024-02-15,170.580002,171.169998,167.589996,169.800003,,49855200.000000,AMZN
2024-02-16,168.740005,170.419998,167.169998,169.509995,,48074600.000000,AMZN
2024-02-20,167.830002,168.710007,165.740005,167.080002,,41980300.000000,AMZN
2024-02-21,168.940002,170.229996,167.139999,168.589996,,44575600.000000,AMZN
2024-02-22,173.100006,174.800003,171.770004,174.580002,,55392400.000000,AMZN
2024-02-23,174.279999,175.750000,173.699997,174.990005,,59715200.000000,AMZN
2024-02-26,175.699997,176.369995,174.259995,174.729996,,44368600.000000,AMZN
2024-02-27,174.080002,174.619995,172.860001,173.539993,,31141700.000000,AMZN
2024-02-28,172.440002,174.050003,172.270004,173.160004,,28180500.000000,AMZN
2024-02-29,173.009995,177.220001,172.850006,176.759995,,53805400.000000,AMZN
2024-03-01,176.750000,178.729996,176.070007,178.220001,,31956200.000000,AMZN
2024-03-04,177.529999,180.139999,177.490005,177.580002,,37381500.000000,AMZN
2024-03-05,176.929993,176.929993,173.300003,174.119995,,37228300.000000,AMZN
2024-03-06,175.539993,176.460007,173.259995,173.509995,,32090900.000000,AMZN
2024-03-07,174.830002,177.990005,173.720001,176.820007,,34063300.000000,AMZN
2024-03-08,176.440002,178.789993,174.330002,175.350006,,37853500.000000,AMZN
2024-03-11,174.309998,174.470001,171.470001,171.960007,,28484800.000000,AMZN
2024-03-12,173.500000,176.759995,171.979996,175.389999,,36610600.000000,AMZN
2024-03-13,175.899994,177.619995,175.550003,176.559998,,30772600.000000,AMZN
2024-03-14,177.690002,179.529999,176.470001,178.750000,,43705800.000000,AMZN
2024-03-15,176.639999,177.929993,173.899994,174.419998,,72115500.000000,AMZN
2024-03-18,175.800003,176.690002,174.279999,174.479996,,31250700.000000,AMZN
2024-03-19,174.220001,176.089996,173.520004,175.899994,,26880900.000000,AMZN
2024-03-20,176.139999,178.529999,174.639999,178.149994,,29947200.000000,AMZN
2024-03-21,179.990005,181.419998,178.149994,178.149994,,32824300.000000,AMZN
2024-03-22,177.750000,179.259995,176.750000,178.869995,,27964100.000000,AMZN
2024-03-25,178.009995,180.990005,177.240005,179.710007,,29815500.000000,AMZN
2024-03-26,180.149994,180.449997,177.949997,178.300003,,29659000.000000,AMZN
2024-03-27,179.880005,180.000000,177.309998,179.830002,,33272600.000000,AMZN
2024-03-28,180.169998,181.699997,179.259995,180.380005,,38051600.000000,AMZN
2024-04-01,180.789993,183.000000,179.949997,180.970001,,29174500.000000,AMZN
2024-04-02,179.070007,180.789993,178.380005,180.690002,,32611500.000000,AMZN
2024-04-03,179.899994,182.869995,179.800003,182.410004,,31046600.000000,AMZN
2024-04-04,184.000000,185.100006,180.000000,180.000000,,41624300.000000,AMZN
2024-04-05,182.380005,186.270004,181.970001,185.070007,,42335200.000000,AMZN
2024-04-08,186.899994,187.289993,184.809998,185.190002,,39221300.000000,AMZN
2024-04-09,187.240005,187.339996,184.199997,185.669998,,36546900.000000,AMZN
2024-04-10,182.770004,186.270004,182.669998,185.949997,,35879200.000000,AMZN
2024-04-11,186.740005,189.770004,185.509995,189.050003,,40020700.000000,AMZN
2024-04-12,187.720001,188.380005,185.080002,186.130005,,38554300.000000,AMZN
2024-04-15,187.429993,188.690002,183.000000,183.619995,,48052400.000000,AMZN
2024-04-16,183.270004,184.830002,182.259995,183.320007,,32891300.000000,AMZN
2024-04-17,184.309998,184.570007,179.820007,181.279999,,31359700.000000,AMZN
2024-04-18,181.470001,182.389999,178.649994,179.220001,,30723800.000000,AMZN
2024-04-19,178.740005,179.000000,173.440002,174.630005,,55950000.000000,AMZN
2024-04-22,176.940002,178.869995,174.559998,177.229996,,37924900.000000,AMZN
2024-04-23,178.080002,179.929993,175.979996,179.539993,,37046500.000000,AMZN
2024-04-24,179.940002,180.320007,176.179993,176.589996,,34185100.000000,AMZN
2024-04-25,169.679993,173.919998,166.320007,173.669998,,49249400.000000,AMZN
2024-04-26,177.800003,180.820007,176.130005,179.619995,,43919800.000000,AMZN
2024-04-29,182.750000,183.529999,179.389999,180.960007,,54063900.000000,AMZN
2024-04-30,181.089996,182.990005,174.800003,175.000000,,94639800.000000,AMZN
2024-05-01,181.639999,185.149994,176.559998,179.000000,,94645100.000000,AMZN
2024-05-02,180.850006,185.100006,179.910004,184.720001,,54303500.000000,AMZN
2024-05-03,186.990005,187.869995,185.419998,186.210007,,39172000.000000,AMZN
2024-05-06,186.279999,188.750000,184.800003,188.699997,,34725300.000000,AMZN
2024-05-07,188.919998,189.940002,187.309998,188.759995,,34048900.000000,AMZN
2024-05-08,187.440002,188.429993,186.389999,188.000000,,26136400.000000,AMZN
2024-05-09,188.880005,191.699997,187.440002,189.500000,,43368400.000000,AMZN
2024-05-10,189.160004,189.889999,186.929993,187.479996,,34141800.000000,AMZN
2024-05-13,188.000000,188.309998,185.360001,186.570007,,24898600.000000,AMZN
2024-05-14,183.820007,187.720001,183.449997,187.070007,,38698200.000000,AMZN
2024-05-15,185.970001,186.720001,182.729996,185.990005,,75459900.000000,AMZN
2024-05-16,185.600006,187.309998,183.460007,183.630005,,38834500.000000,AMZN
2024-05-17,183.759995,185.300003,183.350006,184.699997,,33175700.000000,AMZN
2024-05-20,184.339996,186.669998,183.279999,183.539993,,30511800.000000,AMZN
2024-05-21,182.300003,183.259995,180.750000,183.149994,,50839100.000000,AMZN
2024-05-22,183.880005,185.220001,181.970001,183.130005,,28148800.000000,AMZN
2024-05-23,183.660004,184.759995,180.080002,181.050003,,33670200.000000,AMZN
2024-05-24,181.649994,182.440002,180.300003,180.750000,,27434100.000000,AMZN
2024-05-28,179.929993,182.240005,179.490005,182.149994,,29927000.000000,AMZN
2024-05-29,181.699997,184.080002,181.550003,182.020004,,32009300.000000,AMZN
2024-05-30,181.309998,181.339996,178.360001,179.320007,,29249200.000000,AMZN
2024-05-31,178.300003,179.210007,173.869995,176.440002,,58903900.000000,AMZN
2024-06-03,177.699997,178.699997,175.919998,178.339996,,30786600.000000,AMZN
2024-06-04,177.639999,179.820007,176.440002,179.339996,,27198400.000000,AMZN
2024-06-05,180.100006,181.500000,178.750000,181.279999,,32116400.000000,AMZN
2024-06-06,181.750000,185.000000,181.490005,185.000000,,31371200.000000,AMZN
2024-06-07,184.899994,186.289993,183.360001,184.300003,,28021500.000000,AMZN
2024-06-10,184.070007,187.229996,183.789993,187.059998,,34494500.000000,AMZN
2024-06-11,187.059998,187.770004,184.539993,187.229996,,27265100.000000,AMZN
2024-06-12,188.020004,188.350006,185.429993,186.889999,,33984200.000000,AMZN
2024-06-13,186.089996,187.669998,182.669998,183.830002,,39721500.000000,AMZN
2024-06-14,183.080002,183.720001,182.229996,183.660004,,25456400.000000,AMZN
2024-06-17,182.520004,185.000000,181.220001,184.059998,,35601900.000000,AMZN
2024-06-18,183.740005,184.289993,181.429993,182.809998,,36659200.000000,AMZN
2024-06-20,182.910004,186.509995,182.720001,186.100006,,44726800.000000,AMZN
2024-06-21,187.800003,189.279999,185.860001,189.080002,,72931800.000000,AMZN
2024-06-24,189.330002,191.000000,185.330002,185.570007,,50610400.000000,AMZN
2024-06-25,186.809998,188.839996,185.419998,186.339996,,45898500.000000,AMZN
2024-06-26,186.919998,194.800003,186.259995,193.610001,,65103900.000000,AMZN
2024-06-27,195.009995,199.839996,194.199997,197.850006,,74397500.000000,AMZN
2024-06-28,197.729996,198.850006,192.500000,193.250000,,76930200.000000,AMZN
2024-07-01,193.490005,198.300003,192.820007,197.199997,,41192000.000000,AMZN
2024-07-02,197.279999,200.429993,195.929993,200.000000,,45600000.000000,AMZN
2024-07-03,199.940002,200.029999,196.759995,197.589996,,31597900.000000,AMZN
2024-07-05,198.649994,200.550003,198.169998,200.000000,,39858900.000000,AMZN
2024-07-08,200.039993,201.199997,197.960007,199.289993,,34767300.000000,AMZN
2024-07-09,199.399994,200.570007,199.050003,199.339996,,32700100.000000,AMZN
2024-07-10,200.000000,200.110001,197.690002,199.789993,,32883800.000000,AMZN
2024-07-11,200.089996,200.270004,192.860001,195.050003,,44565000.000000,AMZN
2024-07-12,194.800003,196.470001,193.830002,194.490005,,30598500.000000,AMZN
2024-07-15,194.559998,196.190002,190.830002,192.720001,,40683200.000000,AMZN
2024-07-16,195.589996,196.619995,192.240005,193.020004,,33994700.000000,AMZN
2024-07-17,191.350006,191.580002,185.990005,187.929993,,48076100.000000,AMZN
2024-07-18,189.589996,189.679993,181.449997,183.750000,,51043600.000000,AMZN
2024-07-19,181.139999,184.929993,180.110001,183.130005,,43081800.000000,AMZN
2024-07-22,185.000000,185.059998,182.479996,182.550003,,39931900.000000,AMZN
2024-07-23,184.100006,189.389999,183.559998,186.410004,,47537700.000000,AMZN
2024-07-24,183.199997,185.449997,180.410004,180.830002,,41532400.000000,AMZN
2024-07-25,182.910004,183.899994,176.800003,179.850006,,44464200.000000,AMZN
2024-07-26,180.389999,183.190002,180.240005,182.500000,,29506000.000000,AMZN
2024-07-29,183.839996,184.750000,182.380005,183.199997,,33270100.000000,AMZN
2024-07-30,184.720001,185.860001,179.380005,181.710007,,39508600.000000,AMZN
2024-07-31,185.050003,187.940002,184.460007,186.979996,,41667300.000000,AMZN
2024-08-01,189.289993,190.600006,181.869995,184.070007,,70435600.000000,AMZN
2024-08-02,166.750000,168.770004,160.550003,167.899994,,141448400.000000,AMZN
2024-08-05,154.210007,162.960007,151.610001,161.020004,,83149400.000000,AMZN
2024-08-06,161.710007,165.080002,158.539993,161.929993,,59950800.000000,AMZN
2024-08-07,166.550003,167.580002,161.429993,162.770004,,48408200.000000,AMZN
2024-08-08,165.169998,166.690002,162.550003,165.800003,,44616200.000000,AMZN
2024-08-09,166.399994,168.550003,165.850006,166.940002,,36401000.000000,AMZN
2024-08-12,168.139999,168.550003,166.110001,166.800003,,30072800.000000,AMZN
2024-08-13,167.809998,171.039993,167.100006,170.229996,,39237900.000000,AMZN
2024-08-14,172.110001,172.279999,168.860001,170.100006,,28843800.000000,AMZN
2024-08-15,174.860001,177.910004,173.990005,177.589996,,51698500.000000,AMZN
2024-08-16,177.039993,178.339996,176.259995,177.059998,,31489200.000000,AMZN
2024-08-19,177.639999,178.300003,176.160004,178.220001,,31129800.000000,AMZN
2024-08-20,177.919998,179.009995,177.429993,178.880005,,26255200.000000,AMZN
2024-08-21,179.919998,182.389999,178.889999,180.110001,,35599100.000000,AMZN
2024-08-22,181.380005,181.470001,175.679993,176.130005,,32047500.000000,AMZN
2024-08-23,177.339996,178.970001,175.240005,177.039993,,29150100.000000,AMZN
2024-08-26,176.699997,177.470001,174.300003,175.500000,,22366200.000000,AMZN
2024-08-27,174.149994,174.889999,172.250000,173.119995,,29842000.000000,AMZN
2024-08-28,173.690002,173.690002,168.919998,170.800003,,29045000.000000,AMZN
2024-08-29,173.220001,174.289993,170.809998,172.119995,,26407800.000000,AMZN
2024-08-30,172.779999,178.899994,172.600006,178.500000,,43429400.000000,AMZN
2024-09-03,177.550003,178.259995,175.259995,176.250000,,37817500.000000,AMZN
2024-09-04,174.479996,175.979996,172.539993,173.330002,,30309200.000000,AMZN
2024-09-05,175.000000,179.880005,175.000000,177.889999,,40170500.000000,AMZN
2024-09-06,177.240005,178.380005,171.160004,171.389999,,41466500.000000,AMZN
2024-09-09,174.529999,175.850006,173.509995,175.399994,,29037400.000000,AMZN
2024-09-10,177.490005,180.500000,176.789993,179.550003,,36233800.000000,AMZN
2024-09-11,180.100006,184.990005,175.729996,184.520004,,42564700.000000,AMZN
2024-09-12,184.800003,187.410004,183.539993,187.000000,,33622500.000000,AMZN
2024-09-13,187.000000,188.500000,185.910004,186.490005,,26495400.000000,AMZN
2024-09-16,185.289993,185.809998,183.360001,184.889999,,26065500.000000,AMZN
2024-09-17,186.850006,189.449997,186.139999,186.880005,,26091700.000000,AMZN
2024-09-18,186.449997,188.800003,185.059998,186.429993,,34448100.000000,AMZN
2024-09-19,190.039993,190.990005,188.470001,189.869995,,39543200.000000,AMZN
2024-09-20,190.229996,191.839996,187.410004,191.600006,,100378600.000000,AMZN
2024-09-23,191.639999,194.449997,190.570007,193.880005,,36993100.000000,AMZN
2024-09-24,194.270004,195.369995,190.130005,193.960007,,43478900.000000,AMZN
2024-09-25,193.750000,193.949997,192.160004,192.529999,,26391100.000000,AMZN
2024-09-26,194.309998,194.529999,189.539993,191.160004,,36334900.000000,AMZN
2024-09-27,190.679993,190.899994,187.339996,187.970001,,36002300.000000,AMZN
2024-09-30,187.139999,188.490005,184.649994,186.330002,,41583900.000000,AMZN
2024-10-01,184.899994,186.190002,183.449997,185.130005,,36044900.000000,AMZN
2024-10-02,184.440002,186.600006,184.039993,184.759995,,23704100.000000,AMZN
2024-10-03,183.050003,183.440002,180.880005,181.960007,,30204300.000000,AMZN
2024-10-04,185.750000,187.600006,183.600006,186.509995,,40890300.000000,AMZN
2024-10-07,182.949997,183.600006,180.250000,180.800003,,42364200.000000,AMZN
2024-10-08,181.919998,183.089996,180.919998,182.720001,,26372100.000000,AMZN
2024-10-09,182.820007,185.850006,182.050003,185.169998,,26343100.000000,AMZN
2024-10-10,187.130005,188.130005,185.830002,186.649994,,27785000.000000,AMZN
2024-10-11,186.630005,189.929993,186.300003,188.820007,,25751600.000000,AMZN
2024-10-14,189.779999,189.830002,187.360001,187.539993,,22614400.000000,AMZN
2024-10-15,187.630005,188.410004,184.580002,187.690002,,32178900.000000,AMZN
2024-10-16,187.050003,187.779999,185.610001,186.889999,,23456800.000000,AMZN
2024-10-17,188.220001,188.940002,186.000000,187.529999,,25039400.000000,AMZN
2024-10-18,187.149994,190.740005,186.279999,188.990005,,37417700.000000,AMZN
2024-10-21,188.050003,189.460007,186.399994,189.070007,,24639400.000000,AMZN
2024-10-22,188.350006,191.520004,186.979996,189.699997,,29650600.000000,AMZN
2024-10-23,188.850006,189.160004,183.690002,184.710007,,31937100.000000,AMZN
2024-10-24,185.250000,187.110001,183.860001,186.380005,,21647400.000000,AMZN
2024-10-25,187.850006,190.449997,187.529999,187.830002,,29362100.000000,AMZN
2024-10-28,189.570007,190.210007,188.210007,188.389999,,27930800.000000,AMZN
2024-10-29,188.580002,191.460007,187.820007,190.830002,,35690200.000000,AMZN
2024-10-30,194.699997,195.610001,192.419998,192.729996,,37707600.000000,AMZN
2024-10-31,190.509995,190.600006,185.229996,186.399994,,75146800.000000,AMZN
2024-11-01,199.000000,200.500000,197.020004,197.929993,,99687800.000000,AMZN
2024-11-04,196.449997,197.330002,194.309998,195.779999,,38492100.000000,AMZN
2024-11-05,196.039993,199.820007,195.990005,199.500000,,30564800.000000,AMZN
2024-11-06,200.009995,207.550003,199.139999,207.089996,,72292200.000000,AMZN
2024-11-07,207.440002,212.250000,207.190002,210.050003,,52878400.000000,AMZN
2024-11-08,209.720001,209.960007,207.440002,208.179993,,36075800.000000,AMZN
2024-11-11,208.500000,209.649994,205.589996,206.839996,,35456000.000000,AMZN
2024-11-12,208.369995,209.539993,206.009995,208.910004,,38942900.000000,AMZN
2024-11-13,209.399994,215.089996,209.139999,214.100006,,46212900.000000,AMZN
2024-11-14,214.160004,215.899994,210.880005,211.479996,,42620300.000000,AMZN
2024-11-15,206.759995,207.339996,199.610001,202.610001,,86591100.000000,AMZN
2024-11-18,204.149994,204.669998,200.949997,201.699997,,36512500.000000,AMZN
2024-11-19,199.330002,205.300003,198.779999,204.610001,,31197900.000000,AMZN
2024-11-20,202.979996,203.130005,199.449997,202.880005,,32769000.000000,AMZN
2024-11-21,203.490005,203.490005,195.750000,198.380005,,58800000.000000,AMZN
2024-11-22,198.250000,199.259995,196.750000,197.119995,,31530800.000000,AMZN
2024-11-25,199.279999,201.949997,199.000000,201.449997,,40685700.000000,AMZN
2024-11-26,201.899994,208.000000,201.789993,207.860001,,41673700.000000,AMZN
2024-11-27,206.979996,207.639999,205.050003,205.740005,,28061600.000000,AMZN
2024-11-29,205.830002,208.199997,204.589996,207.889999,,24892400.000000,AMZN
2024-12-02,209.960007,212.990005,209.509995,210.710007,,39523200.000000,AMZN
2024-12-03,210.309998,214.020004,209.649994,213.440002,,32214800.000000,AMZN
2024-12-04,215.960007,220.000000,215.750000,218.160004,,48745700.000000,AMZN
2024-12-05,218.029999,222.149994,217.300003,220.550003,,41140200.000000,AMZN
2024-12-06,220.750000,227.149994,220.600006,227.029999,,44178100.000000,AMZN
2024-12-09,227.210007,230.080002,225.669998,226.089996,,46819400.000000,AMZN
2024-12-10,226.089996,229.059998,224.199997,225.039993,,31199900.000000,AMZN
2024-12-11,226.410004,231.199997,226.259995,230.259995,,35385800.000000,AMZN
2024-12-12,229.830002,231.089996,227.630005,228.970001,,28204100.000000,AMZN
2024-12-13,228.399994,230.199997,225.860001,227.460007,,28768100.000000,AMZN
2024-12-16,230.229996,233.000000,228.009995,232.929993,,37552100.000000,AMZN
2024-12-17,232.389999,232.729996,227.850006,231.149994,,35948100.000000,AMZN
2024-12-18,230.770004,231.399994,220.110001,220.520004,,43281400.000000,AMZN
2024-12-19,224.910004,226.089996,222.919998,223.289993,,39918700.000000,AMZN
2024-12-20,219.839996,226.210007,218.729996,224.919998,,88279200.000000,AMZN
2024-12-23,225.009995,226.880005,223.899994,225.059998,,28070000.000000,AMZN
2024-12-24,226.940002,229.139999,226.130005,229.050003,,15007500.000000,AMZN
2024-12-26,228.500000,228.500000,226.669998,227.050003,,16146700.000000,AMZN
2024-12-27,225.600006,226.029999,220.899994,223.750000,,27367100.000000,AMZN
2024-12-30,220.059998,223.000000,218.429993,221.300003,,28321200.000000,AMZN
2024-01-02,138.941904,139.952119,137.090672,138.902084,,20071900.000000,GOOG
2024-01-03,137.946636,140.424888,137.777424,139.698334,,18974300.000000,GOOG
2024-01-04,139.190732,139.972020,137.359394,137.389252,,18253300.000000,GOOG
2024-01-05,137.699795,138.155629,136.204877,136.742325,,15433200.000000,GOOG
2024-01-08,137.349436,139.976990,137.230007,139.867508,,17645300.000000,GOOG
2024-01-09,139.399740,142.126829,139.131009,141.887955,,19579700.000000,GOOG
2024-01-10,141.848151,143.843689,141.788437,143.122116,,16641900.000000,GOOG
2024-01-11,144.211953,145.968632,141.544579,142.992722,,17471100.000000,GOOG
2024-01-12,143.659563,144.057686,142.684187,143.560043,,13995200.000000,GOOG
2024-01-16,142.753858,145.152500,142.381628,143.400803,,19198900.000000,GOOG
2024-01-17,142.236310,142.733953,139.847615,142.216400,,17884500.000000,GOOG
2024-01-18,142.763792,144.898684,142.674220,144.306488,,18876800.000000,GOOG
2024-01-19,145.615286,147.342108,145.112677,147.272446,,27170900.000000,GOOG
2024-01-22,148.008973,149.307814,146.884295,147.013687,,21829200.000000,GOOG
2024-01-23,147.023630,148.158255,146.496129,147.979095,,14113600.000000,GOOG
2024-01-24,149.581505,150.855485,149.133630,149.641235,,19245000.000000,GOOG
2024-01-25,151.024689,154.030441,150.507136,152.915726,,21495100.000000,GOOG
2024-01-26,152.149356,153.383516,152.079694,153.065018,,19494500.000000,GOOG
2024-01-29,152.915737,154.468380,152.199130,154.110077,,20909300.000000,GOOG
2024-01-30,153.283988,154.309131,152.054809,152.328522,,26578900.000000,GOOG
2024-01-31,144.704619,144.903673,140.882725,141.131546,,43908600.000000,GOOG
2024-02-01,143.012623,143.938231,141.589356,142.037247,,25526900.000000,GOOG
2024-02-02,140.225826,143.201736,137.518647,142.863327,,42116900.000000,GOOG
2024-02-05,143.360977,145.978583,143.231600,144.246780,,29254400.000000,GOOG
2024-02-06,145.271928,146.048250,143.838714,144.724518,,21517700.000000,GOOG
2024-02-07,145.431183,146.307039,144.525484,145.988541,,21436100.000000,GOOG
2024-02-08,146.277164,146.914147,145.729754,146.525986,,18241300.000000,GOOG
2024-02-09,147.252538,149.984608,146.734985,149.511841,,21877700.000000,GOOG
2024-02-12,148.835033,149.880087,147.859658,148.028854,,17236100.000000,GOOG
2024-02-13,145.381419,147.342118,144.425938,145.679993,,18138500.000000,GOOG
2024-02-14,146.675262,147.133100,144.868815,146.446350,,16651800.000000,GOOG
2024-02-15,143.778997,144.077571,141.211158,143.261444,,26724300.000000,GOOG
2024-02-16,143.530183,143.798899,140.852862,141.091721,,21849700.000000,GOOG
2024-02-20,140.275593,142.653323,140.136254,141.529648,,18625600.000000,GOOG
2024-02-21,141.967571,143.301250,141.241017,143.161911,,16499600.000000,GOOG
2024-02-22,145.431181,145.510805,143.331127,144.634964,,23024700.000000,GOOG
2024-02-23,144.286588,145.266946,144.107429,144.605072,,14519400.000000,GOOG
2024-02-26,142.773757,143.161918,138.085969,138.095917,,33513000.000000,GOOG
2024-02-27,138.752810,139.827721,137.847096,139.439560,,22364000.000000,GOOG
2024-02-28,138.444276,138.623420,135.995866,136.782135,,30628700.000000,GOOG
2024-02-29,137.697812,139.290260,136.921490,139.121063,,35485000.000000,GOOG
2024-03-01,138.951863,139.340024,137.324576,137.429077,,28522000.000000,GOOG
2024-03-04,135.896333,135.985920,132.233688,133.567368,,43571500.000000,GOOG
2024-03-05,132.114247,133.388212,130.929855,133.149338,,28447600.000000,GOOG
2024-03-06,133.607177,134.104820,131.327964,131.935089,,23175200.000000,GOOG
2024-03-07,133.258836,135.179746,132.034638,134.602478,,24107300.000000,GOOG
2024-03-08,134.398448,138.329825,134.164556,135.647522,,26472400.000000,GOOG
2024-03-11,136.423824,139.320094,136.423824,138.285004,,22536400.000000,GOOG
2024-03-12,137.598286,139.618715,137.558481,138.961823,,19019700.000000,GOOG
2024-03-13,139.399725,141.519688,139.349957,140.106384,,19637000.000000,GOOG
2024-03-14,141.629185,144.047722,140.818024,143.659561,,36117900.000000,GOOG
2024-03-15,142.733946,143.659555,140.464696,141.499786,,41025900.000000,GOOG
2024-03-18,148.665864,152.209079,147.441666,147.780060,,47676700.000000,GOOG
2024-03-19,148.277687,148.914670,146.316973,147.222687,,17748400.000000,GOOG
2024-03-20,148.088577,149.054005,146.968880,148.974380,,17730000.000000,GOOG
2024-03-21,149.611372,150.591714,147.312249,148.038818,,19843900.000000,GOOG
2024-03-22,149.531764,151.840819,149.382462,151.054550,,19226300.000000,GOOG
2024-03-25,150.238400,150.742011,148.098542,150.437454,,15114700.000000,GOOG
2024-03-26,150.527040,152.477792,150.318024,150.984863,,19312700.000000,GOOG
2024-03-27,151.427760,151.970189,149.422260,151.223724,,16622000.000000,GOOG
2024-03-28,151.283452,151.950292,150.616613,151.542221,,21105600.000000,GOOG
2024-04-01,151.114269,156.259896,150.935110,155.762253,,24469800.000000,GOOG
2024-04-02,154.020478,155.254637,152.736566,155.135193,,17598100.000000,GOOG
2024-04-03,154.189682,155.812002,153.405402,155.632843,,17266200.000000,GOOG
2024-04-04,154.348921,155.443726,151.164010,151.223724,,24184800.000000,GOOG
2024-04-05,150.964969,154.110076,150.368794,153.214325,,16289800.000000,GOOG
2024-04-08,153.288948,155.916502,153.264072,155.403931,,16641500.000000,GOOG
2024-04-09,156.608232,159.136251,155.901572,157.394501,,21538100.000000,GOOG
2024-04-10,157.135758,157.414437,155.463670,156.916794,,16339200.000000,GOOG
2024-04-11,157.593566,160.360459,157.185495,160.032013,,17841700.000000,GOOG
2024-04-12,158.653543,160.937722,157.852345,158.439560,,16968200.000000,GOOG
2024-04-15,159.524409,160.071819,155.413873,155.593033,,21140900.000000,GOOG
2024-04-16,154.906299,156.488800,154.319084,155.264603,,15413200.000000,GOOG
2024-04-17,156.449009,157.932977,155.398974,156.140472,,16237800.000000,GOOG
2024-04-18,156.185246,157.737890,155.473620,156.717728,,14016100.000000,GOOG
2024-04-19,157.006361,157.245235,153.184466,154.985931,,20063900.000000,GOOG
2024-04-22,155.274542,158.434577,154.926201,157.205399,,17243900.000000,GOOG
2024-04-23,157.842390,159.723480,157.220337,159.166122,,16115400.000000,GOOG
2024-04-24,158.340027,160.629187,158.071310,160.340561,,19485700.000000,GOOG
2024-04-25,152.637040,157.533845,152.047836,157.205399,,36197800.000000,GOOG
2024-04-26,175.160376,175.588342,170.592003,172.871216,,56500800.000000,GOOG
2024-04-29,169.964971,170.572096,166.272454,167.108490,,35914600.000000,GOOG
2024-04-30,166.590950,169.069202,163.724522,163.863861,,29420800.000000,GOOG
2024-05-01,165.396600,168.014206,164.122635,164.789490,,25223200.000000,GOOG
2024-05-02,165.884293,167.735525,164.908917,167.665863,,17041100.000000,GOOG
2024-05-03,168.740754,169.049306,164.202253,168.193359,,22767100.000000,GOOG
2024-05-06,168.422263,169.099051,167.098532,169.029388,,15147900.000000,GOOG
2024-05-07,169.318017,172.652231,169.198588,172.164536,,21102400.000000,GOOG
2024-05-08,169.945048,171.098581,169.718126,170.353119,,14569900.000000,GOOG
2024-05-09,170.343153,171.627080,169.128903,170.771133,,11937700.000000,GOOG
2024-05-10,168.890051,170.532266,167.118443,169.487213,,18740500.000000,GOOG
2024-05-13,165.065187,170.144128,164.978591,170.094360,,19648600.000000,GOOG
2024-05-14,170.781083,171.965475,169.616600,171.119476,,18729500.000000,GOOG
2024-05-15,171.487764,173.225536,171.219033,173.060318,,20958200.000000,GOOG
2024-05-16,173.776938,175.508726,173.229528,174.603012,,17247300.000000,GOOG
2024-05-17,174.722436,176.658259,174.155116,176.454224,,16546400.000000,GOOG
2024-05-20,176.474141,179.101695,176.389550,177.618729,,17495100.000000,GOOG
2024-05-21,177.559009,178.972328,176.474151,178.693634,,14706000.000000,GOOG
2024-05-22,177.558997,178.008877,175.946639,177.160889,,16189400.000000,GOOG
2024-05-23,177.937190,179.061868,173.717173,174.234726,,14928400.000000,GOOG
2024-05-24,175.687871,176.468172,174.374086,175.498764,,11400600.000000,GOOG
2024-05-28,174.911536,177.668466,174.851806,177.180786,,15655300.000000,GOOG
2024-05-29,175.976490,177.389795,175.429080,176.563705,,15023800.000000,GOOG
2024-05-30,175.857056,175.857056,172.413360,172.741806,,18844000.000000,GOOG
2024-05-31,172.582566,173.597761,170.164028,173.139938,,28085200.000000,GOOG
2024-06-03,173.060331,175.030993,171.637064,173.597778,,20742800.000000,GOOG
2024-06-04,173.627611,174.364128,172.403413,174.304413,,14066600.000000,GOOG
2024-06-05,175.702794,177.131026,174.463652,176.235275,,15233900.000000,GOOG
2024-06-06,176.593570,177.867550,176.374622,177.509247,,14255800.000000,GOOG
2024-06-07,177.618722,178.574188,174.961295,175.120544,,14716300.000000,GOOG
2024-06-10,175.818028,177.830797,173.755449,175.997391,,17122200.000000,GOOG
2024-06-11,177.083486,177.751084,174.811653,177.551804,,14402400.000000,GOOG
2024-06-12,179.106223,181.427879,177.143277,178.916901,,18600400.000000,GOOG
2024-06-13,177.203061,177.870660,176.027295,176.107010,,15956900.000000,GOOG
2024-06-14,175.222184,178.089867,175.222184,177.731155,,12361600.000000,GOOG
2024-06-17,176.346138,179.275611,175.857903,178.139694,,15272900.000000,GOOG
2024-06-18,178.149655,178.269235,174.991010,175.818039,,15640300.000000,GOOG
2024-06-20,176.077114,178.099842,175.828009,177.073532,,16753200.000000,GOOG
2024-06-21,177.850715,181.858298,177.422247,179.614365,,59728000.000000,GOOG
2024-06-24,180.630737,181.427875,179.584495,180.142487,,18198300.000000,GOOG
2024-06-25,180.496231,185.084734,180.456365,184.915344,,18917700.000000,GOOG
2024-06-26,183.540262,185.264062,183.331023,184.706070,,13375700.000000,GOOG
2024-06-27,184.980105,186.828457,184.785796,186.190750,,13025700.000000,GOOG
2024-06-28,185.054827,185.911747,182.668401,182.763062,,23032400.000000,GOOG
2024-07-01,183.819280,184.676201,182.075548,183.829254,,11815900.000000,GOOG
2024-07-02,182.812897,186.280429,182.404362,185.941650,,12555500.000000,GOOG
2024-07-03,185.632764,186.948029,184.721033,186.718857,,7409100.000000,GOOG
2024-07-05,186.649110,191.571405,186.649110,191.272491,,14303400.000000,GOOG
2024-07-08,190.679615,190.992486,188.641941,189.797775,,12097600.000000,GOOG
2024-07-09,191.063225,192.169250,189.548665,189.757919,,10198500.000000,GOOG
2024-07-10,190.066823,192.617652,189.937284,191.969986,,12052900.000000,GOOG
2024-07-11,190.654705,191.720880,186.150904,186.629181,,16452000.000000,GOOG
2024-07-12,186.250536,188.014201,185.473331,186.111038,,14449100.000000,GOOG
2024-07-15,185.822068,189.219843,185.822068,187.515976,,12186000.000000,GOOG
2024-07-16,188.283247,189.658294,184.456988,184.835632,,12760100.000000,GOOG
2024-07-17,184.018547,184.566580,180.969509,181.965927,,17376600.000000,GOOG
2024-07-18,182.882645,183.390828,177.571748,178.578125,,17877200.000000,GOOG
2024-07-19,179.723983,181.318259,178.219397,178.747498,,14485900.000000,GOOG
2024-07-22,181.696910,183.639923,181.248510,182.693329,,16303900.000000,GOOG
2024-07-23,183.181575,184.556637,182.673407,182.942444,,23772600.000000,GOOG
2024-07-24,174.761834,177.312663,172.948361,173.745483,,31250700.000000,GOOG
2024-07-25,173.625920,174.572514,168.444547,168.554153,,28967900.000000,GOOG
2024-07-26,168.165541,169.231700,165.270946,168.075851,,25150100.000000,GOOG
2024-07-29,169.889357,171.543415,169.112151,170.517105,,13768900.000000,GOOG
2024-07-30,171.214570,172.330553,169.510688,171.244461,,13681400.000000,GOOG
2024-07-31,174.293511,175.279971,171.104975,172.529846,,15650200.000000,GOOG
2024-08-01,171.364034,175.050779,169.899298,171.832352,,17177800.000000,GOOG
2024-08-02,167.587620,169.600390,165.794064,167.796860,,18907800.000000,GOOG
2024-08-05,156.806374,165.345688,156.039143,160.064667,,34907800.000000,GOOG
2024-08-06,160.368575,161.768542,157.563655,159.965012,,36146500.000000,GOOG
2024-08-07,162.655343,164.199779,159.666087,160.174255,,19334200.000000,GOOG
2024-08-08,161.762545,164.907247,161.449674,163.253189,,15733600.000000,GOOG
2024-08-09,161.066071,164.927192,160.353620,164.797653,,13549200.000000,GOOG
2024-08-12,165.400482,166.102959,162.964247,163.362808,,12435000.000000,GOOG
2024-08-13,164.593382,165.943524,164.179875,165.335709,,12717600.000000,GOOG
2024-08-14,163.621892,164.369206,158.958645,161.449692,,22515900.000000,GOOG
2024-08-15,161.629049,162.934354,160.911626,162.585602,,18392500.000000,GOOG
2024-08-16,162.824755,166.352070,162.495935,164.149994,,16853100.000000,GOOG
2024-08-19,166.401880,167.866616,165.495136,167.796860,,13100800.000000,GOOG
2024-08-20,168.135660,169.799677,168.055945,168.354874,,12622500.000000,GOOG
2024-08-21,166.391925,168.036010,165.973431,167.029633,,15269600.000000,GOOG
2024-08-22,168.434566,168.813210,164.438934,164.897293,,19123800.000000,GOOG
2024-08-23,165.953500,167.348479,165.066688,166.830338,,14281600.000000,GOOG
2024-08-26,167.552752,168.773371,165.724333,167.328552,,11990300.000000,GOOG
2024-08-27,167.009694,167.642414,165.564890,165.784103,,13718200.000000,GOOG
2024-08-28,166.182660,166.790476,162.695196,163.910828,,15208700.000000,GOOG
2024-08-29,165.465250,167.029635,161.401853,162.814774,,17133800.000000,GOOG
2024-08-30,163.631850,164.688051,162.824753,164.518661,,18498800.000000,GOOG
2024-09-03,162.730082,162.794851,157.289630,158.041931,,26533100.000000,GOOG
2024-09-04,157.508862,159.825532,156.876142,157.244812,,17410700.000000,GOOG
2024-09-05,157.214912,160.438326,156.955849,158.031982,,14139500.000000,GOOG
2024-09-06,158.121647,158.649747,151.390835,151.585144,,24999100.000000,GOOG
2024-09-09,153.281274,154.288976,147.863592,149.200546,,28057700.000000,GOOG
2024-09-10,151.106213,151.954290,149.203544,149.669479,,20401800.000000,GOOG
2024-09-11,150.747035,152.133879,148.362461,151.804626,,18991500.000000,GOOG
2024-09-12,154.458597,155.256784,153.151573,155.186935,,21024100.000000,GOOG
2024-09-13,156.007076,158.913458,155.755649,158.010513,,16733900.000000,GOOG
2024-09-16,157.970614,158.878552,157.252247,158.629120,,14157600.000000,GOOG
2024-09-17,159.726612,161.223208,159.048163,159.916183,,12064800.000000,GOOG
2024-09-18,160.484895,161.263123,159.297593,160.444977,,16756500.000000,GOOG
2024-09-19,164.445892,164.615504,162.153104,162.869476,,17548200.000000,GOOG
2024-09-20,164.146558,164.376032,162.809589,164.266281,,46362700.000000,GOOG
2024-09-23,164.964696,166.231818,162.580122,162.699860,,15648400.000000,GOOG
2024-09-24,163.877171,164.176493,161.662209,163.268555,,18774100.000000,GOOG
2024-09-25,162.600067,163.844230,162.405502,162.620026,,13607900.000000,GOOG
2024-09-26,164.655403,165.124337,163.128877,163.458130,,18234500.000000,GOOG
2024-09-27,163.537953,166.591005,163.458133,164.914810,,13604300.000000,GOOG
2024-09-30,164.405968,166.980113,164.266286,166.810501,,14070100.000000,GOOG
2024-10-01,168.476708,170.053124,165.523420,168.037704,,18629500.000000,GOOG
2024-10-02,167.379197,168.496665,165.872630,166.930222,,12745000.000000,GOOG
2024-10-03,165.443615,167.528868,164.994625,166.830460,,11004300.000000,GOOG
2024-10-04,168.955612,169.165142,166.581024,168.177383,,11422100.000000,GOOG
2024-10-07,168.756064,169.514333,163.757441,164.016846,,14034700.000000,GOOG
2024-10-08,165.054476,165.722969,163.937024,165.323868,,11723900.000000,GOOG
2024-10-09,164.480789,165.882598,160.754266,162.689865,,19666400.000000,GOOG
2024-10-10,161.742022,163.938030,161.273088,162.809586,,12900500.000000,GOOG
2024-10-11,162.959259,164.894858,162.131142,164.146561,,10946000.000000,GOOG
2024-10-14,164.535678,167.239518,164.405969,165.972412,,9981800.000000,GOOG
2024-10-15,166.760609,168.706180,165.673087,166.521149,,14829300.000000,GOOG
2024-10-16,165.653131,166.900294,164.840984,166.361526,,9968500.000000,GOOG
2024-10-17,167.000077,167.548817,163.996900,164.136581,,15113400.000000,GOOG
2024-10-18,164.495755,165.992350,164.376032,164.675354,,13091300.000000,GOOG
2024-10-21,164.206428,165.842705,163.932043,165.423660,,11384000.000000,GOOG
2024-10-22,164.326147,167.089864,164.296216,166.441345,,11958600.000000,GOOG
2024-10-23,166.052214,167.219572,163.261566,164.106644,,12754300.000000,GOOG
2024-10-24,164.216401,164.675364,162.400540,164.156540,,12764400.000000,GOOG
2024-10-25,164.989635,167.020004,164.854932,166.610947,,14566400.000000,GOOG
2024-10-28,170.202779,170.218749,165.413671,167.957886,,20858300.000000,GOOG
2024-10-29,169.000505,171.469893,168.277160,170.751526,,28916100.000000,GOOG
2024-10-30,181.995961,183.372818,175.346081,175.740189,,49698300.000000,GOOG
2024-10-31,174.323410,178.015009,172.168310,172.298019,,32801900.000000,GOOG
2024-11-01,171.150621,173.425460,169.923418,172.258102,,21752900.000000,GOOG
2024-11-04,170.851298,171.529747,169.100277,170.292557,,16194000.000000,GOOG
2024-11-05,170.442235,171.706357,169.983272,171.020920,,12518300.000000,GOOG
2024-11-06,174.951985,178.234511,174.642676,177.925217,,27061500.000000,GOOG
2024-11-07,178.703439,182.165564,178.483937,181.866241,,16730400.000000,GOOG
2024-11-08,181.586894,181.936105,179.162417,179.451752,,15021500.000000,GOOG
2024-11-11,179.661265,181.671690,179.581444,181.556946,,12503400.000000,GOOG
2024-11-12,180.968301,183.607287,180.579187,182.903900,,14065800.000000,GOOG
2024-11-13,181.736543,182.200499,179.711152,180.080322,,13969700.000000,GOOG
2024-11-14,179.341995,180.035425,175.630438,176.947449,,17925800.000000,GOOG
2024-11-15,175.241313,175.480773,172.352880,173.495285,,21708900.000000,GOOG
2024-11-18,174.557884,176.508448,174.024094,176.398697,,18725400.000000,GOOG
2024-11-19,174.837225,179.761020,174.718492,179.172363,,15392900.000000,GOOG
2024-11-20,178.424070,178.703433,174.932015,176.927475,,15729800.000000,GOOG
2024-11-21,175.056739,175.181455,164.934763,168.855850,,38839400.000000,GOOG
2024-11-22,166.780582,167.883070,165.333876,166.191925,,24497000.000000,GOOG
2024-11-25,167.608692,170.073086,167.020019,169.045410,,21395700.000000,GOOG
2024-11-26,169.105287,171.105726,169.045410,170.232712,,14937500.000000,GOOG
2024-11-27,170.292569,170.751532,169.284867,170.432266,,12433400.000000,GOOG
2024-11-29,169.673980,170.482139,168.366956,170.103012,,9250700.000000,GOOG
2024-12-02,169.933406,173.205960,169.883516,172.587357,,16593400.000000,GOOG
2024-12-03,172.727037,173.924326,172.118421,172.627274,,15721500.000000,GOOG
2024-12-04,172.387808,176.029517,172.357877,175.690292,,18239800.000000,GOOG
2024-12-05,176.917515,177.306629,173.615015,173.914337,,16145500.000000,GOOG
2024-12-06,173.485325,176.437608,173.156072,176.089401,,13319500.000000,GOOG
2024-12-09,175.515034,177.837386,175.200390,176.898468,,19887800.000000,GOOG
2024-12-10,184.325009,187.816027,182.462126,186.317734,,34317400.000000,GOOG
2024-12-11,186.487541,196.665948,186.048040,196.486160,,41664500.000000,GOOG
2024-12-12,196.076612,196.481150,193.060045,193.409653,,25197800.000000,GOOG
2024-12-13,192.490704,194.118839,191.042342,191.162216,,18883200.000000,GOOG
2024-12-16,194.143830,200.411683,193.889115,197.934509,,32248600.000000,GOOG
2024-12-17,198.304075,202.649131,196.466172,196.895676,,24129500.000000,GOOG
2024-12-18,196.606015,198.463899,189.064604,189.933609,,27638400.000000,GOOG
2024-12-19,193.060059,194.378564,189.304343,189.484131,,26981200.000000,GOOG
2024-12-20,186.797176,193.914068,186.157905,192.740417,,45319700.000000,GOOG
2024-12-23,193.809192,196.266399,191.411929,195.766968,,15235900.000000,GOOG
2024-12-24,195.946768,197.445061,194.975874,197.345184,,6809800.000000,GOOG
2024-12-26,196.516126,197.934509,195.647106,196.875717,,7907900.000000,GOOG
2024-12-27,196.246426,196.576052,191.753543,193.819183,,14693000.000000,GOOG
2024-12-30,190.647813,193.559490,190.143383,192.470734,,12209500.000000,GOOG
2024-01-02,144.279999,144.399994,137.429993,138.580002,,64902000.000000,AMD
2024-01-03,135.710007,137.429993,133.740005,135.320007,,61988600.000000,AMD
2024-01-04,134.300003,137.699997,134.000000,136.009995,,58610300.000000,AMD
2024-01-05,136.779999,141.009995,136.440002,138.580002,,69595000.000000,AMD
2024-01-08,140.360001,147.149994,140.149994,146.179993,,71756900.000000,AMD
2024-01-09,145.949997,149.860001,145.080002,149.259995,,67875700.000000,AMD
2024-01-10,150.070007,150.880005,146.649994,148.539993,,56951200.000000,AMD
2024-01-11,148.520004,150.380005,143.690002,148.020004,,62764600.000000,AMD
2024-01-12,148.039993,148.750000,145.000000,146.559998,,48250800.000000,AMD
2024-01-16,150.360001,159.720001,149.979996,158.740005,,112711400.000000,AMD
2024-01-17,158.449997,160.639999,154.399994,160.169998,,104085000.000000,AMD
2024-01-18,166.199997,168.600006,158.220001,162.669998,,131864900.000000,AMD
2024-01-19,165.800003,174.250000,162.199997,174.229996,,139825500.000000,AMD
2024-01-22,174.389999,174.720001,164.149994,168.179993,,122973800.000000,AMD
2024-01-23,166.500000,169.630005,164.270004,168.419998,,76830500.000000,AMD
2024-01-24,172.550003,180.580002,170.559998,178.289993,,125516400.000000,AMD
2024-01-25,183.410004,184.919998,177.630005,180.330002,,127171400.000000,AMD
2024-01-26,175.289993,181.229996,174.149994,177.250000,,107381200.000000,AMD
2024-01-29,178.770004,178.889999,174.399994,177.830002,,89384500.000000,AMD
2024-01-30,176.130005,178.479996,169.520004,172.059998,,122265700.000000,AMD
2024-01-31,165.740005,171.300003,162.559998,167.690002,,133157300.000000,AMD
2024-02-01,169.270004,171.139999,165.860001,170.479996,,91576700.000000,AMD
2024-02-02,173.789993,179.000000,173.050003,177.660004,,82078100.000000,AMD
2024-02-05,179.089996,180.009995,171.110001,174.229996,,76349200.000000,AMD
2024-02-06,173.149994,173.880005,165.500000,167.880005,,68854100.000000,AMD
2024-02-07,169.470001,172.970001,168.199997,170.940002,,53665400.000000,AMD
2024-02-08,170.330002,172.169998,168.600006,169.350006,,43385300.000000,AMD
2024-02-09,171.000000,175.100006,168.660004,172.479996,,56375700.000000,AMD
2024-02-12,172.679993,177.410004,170.669998,171.910004,,58177100.000000,AMD
2024-02-13,167.940002,173.169998,164.300003,171.539993,,63071300.000000,AMD
2024-02-14,173.470001,178.740005,172.880005,178.699997,,57402500.000000,AMD
2024-02-15,179.139999,180.500000,175.259995,176.759995,,51126400.000000,AMD
2024-02-16,177.449997,180.330002,173.250000,173.869995,,53896000.000000,AMD
2024-02-20,171.139999,171.809998,162.000000,165.690002,,66550000.000000,AMD
2024-02-21,162.740005,164.899994,161.809998,164.289993,,48774600.000000,AMD
2024-02-22,173.199997,183.830002,172.000000,181.860001,,100684700.000000,AMD
2024-02-23,181.860001,183.800003,174.550003,176.520004,,69207400.000000,AMD
2024-02-26,178.779999,179.839996,174.809998,176.009995,,45435100.000000,AMD
2024-02-27,175.919998,178.460007,172.490005,178.000000,,43665200.000000,AMD
2024-02-28,176.250000,176.839996,173.589996,176.539993,,35914400.000000,AMD
2024-02-29,179.820007,193.000000,179.820007,192.529999,,105538500.000000,AMD
2024-03-01,197.910004,202.720001,195.419998,202.639999,,103583000.000000,AMD
2024-03-04,205.160004,211.009995,203.500000,205.360001,,86835300.000000,AMD
2024-03-05,200.500000,205.330002,199.149994,205.130005,,65407100.000000,AMD
2024-03-06,210.429993,214.809998,207.320007,210.630005,,86687000.000000,AMD
2024-03-07,212.520004,213.830002,208.220001,211.380005,,63869000.000000,AMD
2024-03-08,213.410004,227.300003,205.600006,207.389999,,120592600.000000,AMD
2024-03-11,203.009995,203.550003,196.699997,198.389999,,73098600.000000,AMD
2024-03-12,200.520004,202.850006,194.270004,202.759995,,68951700.000000,AMD
2024-03-13,198.729996,198.830002,192.699997,194.789993,,70526900.000000,AMD
2024-03-14,192.919998,196.929993,184.029999,187.059998,,84490500.000000,AMD
2024-03-15,184.830002,193.800003,184.479996,191.059998,,95225700.000000,AMD
2024-03-18,193.289993,193.500000,188.050003,190.649994,,59306900.000000,AMD
2024-03-19,183.160004,185.610001,177.360001,181.419998,,83509500.000000,AMD
2024-03-20,182.029999,182.679993,174.000000,179.729996,,81773100.000000,AMD
2024-03-21,185.970001,187.690002,177.660004,178.679993,,75265600.000000,AMD
2024-03-22,177.210007,180.759995,175.050003,179.649994,,57832100.000000,AMD
2024-03-25,172.899994,182.800003,172.000000,178.630005,,71935300.000000,AMD
2024-03-26,179.539993,182.600006,176.330002,177.869995,,65322400.000000,AMD
2024-03-27,179.960007,181.229996,175.399994,179.589996,,55685600.000000,AMD
2024-03-28,179.470001,183.399994,178.300003,180.490005,,57628600.000000,AMD
2024-04-01,180.100006,187.240005,179.899994,183.339996,,74299900.000000,AMD
2024-04-02,179.470001,180.100006,174.830002,178.699997,,61598800.000000,AMD
2024-04-03,177.539993,182.050003,176.699997,180.770004,,49835100.000000,AMD
2024-04-04,182.919998,183.020004,165.649994,165.830002,,88280000.000000,AMD
2024-04-05,168.100006,172.690002,165.580002,170.419998,,66025200.000000,AMD
2024-04-08,168.199997,171.660004,166.820007,169.899994,,43997500.000000,AMD
2024-04-09,170.210007,171.600006,167.289993,170.779999,,42928000.000000,AMD
2024-04-10,166.710007,169.779999,164.000000,167.139999,,59600000.000000,AMD
2024-04-11,167.550003,170.949997,166.550003,170.500000,,48994500.000000,AMD
2024-04-12,164.529999,165.699997,161.820007,163.279999,,63334200.000000,AMD
2024-04-15,164.429993,164.440002,158.759995,160.320007,,61461200.000000,AMD
2024-04-16,162.279999,164.880005,161.669998,163.460007,,55302100.000000,AMD
2024-04-17,163.970001,164.449997,153.880005,154.020004,,75909000.000000,AMD
2024-04-18,155.509995,156.960007,152.320007,155.080002,,52669800.000000,AMD
2024-04-19,151.589996,154.250000,145.289993,146.639999,,71232500.000000,AMD
2024-04-22,148.149994,149.889999,145.630005,148.639999,,49397000.000000,AMD
2024-04-23,151.649994,153.500000,150.350006,152.270004,,46051900.000000,AMD
2024-04-24,156.559998,157.660004,150.630005,151.740005,,43412600.000000,AMD
2024-04-25,149.149994,155.139999,146.750000,153.759995,,41471400.000000,AMD
2024-04-26,154.240005,158.630005,153.429993,157.399994,,42510700.000000,AMD
2024-04-29,159.080002,160.770004,156.259995,160.199997,,43478200.000000,AMD
2024-04-30,160.630005,162.289993,158.350006,158.380005,,60742800.000000,AMD
2024-05-01,148.110001,151.369995,142.139999,144.270004,,89413200.000000,AMD
2024-05-02,145.509995,147.619995,141.160004,146.160004,,50034700.000000,AMD
2024-05-03,148.750000,150.789993,147.240005,150.600006,,49361100.000000,AMD
2024-05-06,153.100006,156.649994,151.259995,155.779999,,44624500.000000,AMD
2024-05-07,156.320007,157.699997,153.660004,154.429993,,37374900.000000,AMD
2024-05-08,153.399994,155.330002,152.520004,153.619995,,28728000.000000,AMD
2024-05-09,153.130005,154.089996,150.610001,152.389999,,33018000.000000,AMD
2024-05-10,154.289993,156.369995,151.309998,151.919998,,37652800.000000,AMD
2024-05-13,151.279999,153.330002,150.399994,150.559998,,27859200.000000,AMD
2024-05-14,150.429993,153.490005,148.779999,153.160004,,31938300.000000,AMD
2024-05-15,155.589996,159.690002,154.699997,159.669998,,43195900.000000,AMD
2024-05-16,160.919998,168.059998,159.899994,162.619995,,76726700.000000,AMD
2024-05-17,168.429993,169.720001,162.320007,164.470001,,65944400.000000,AMD
2024-05-20,165.550003,168.490005,164.470001,166.330002,,45618000.000000,AMD
2024-05-21,164.000000,165.830002,163.100006,164.660004,,30005500.000000,AMD
2024-05-22,167.410004,169.809998,163.860001,165.520004,,47426700.000000,AMD
2024-05-23,170.179993,173.139999,158.270004,160.429993,,91888800.000000,AMD
2024-05-24,161.410004,167.660004,160.250000,166.360001,,54795400.000000,AMD
2024-05-28,169.419998,174.550003,164.960007,171.610001,,66495400.000000,AMD
2024-05-29,167.460007,168.479996,162.910004,165.139999,,56537500.000000,AMD
2024-05-30,167.899994,168.750000,163.800003,166.750000,,46479900.000000,AMD
2024-05-31,166.649994,169.500000,160.070007,166.899994,,64331900.000000,AMD
2024-06-03,170.820007,171.080002,160.910004,163.550003,,59157600.000000,AMD
2024-06-04,162.839996,164.830002,158.869995,159.990005,,48157200.000000,AMD
2024-06-05,162.070007,167.119995,161.380005,166.169998,,60507500.000000,AMD
2024-06-06,165.460007,169.509995,163.860001,166.779999,,47153700.000000,AMD
2024-06-07,166.589996,169.449997,165.860001,167.869995,,44796000.000000,AMD
2024-06-10,162.479996,165.550003,159.610001,160.339996,,67575600.000000,AMD
2024-06-11,160.500000,161.539993,156.919998,158.960007,,40497100.000000,AMD
2024-06-12,160.320007,162.240005,158.619995,160.240005,,48325800.000000,AMD
2024-06-13,160.399994,162.660004,157.309998,159.899994,,44442500.000000,AMD
2024-06-14,158.500000,161.339996,157.610001,159.630005,,34054000.000000,AMD
2024-06-17,158.000000,159.229996,154.139999,158.399994,,44507700.000000,AMD
2024-06-18,156.990005,157.240005,153.339996,154.630005,,51852000.000000,AMD
2024-06-20,155.820007,166.820007,155.500000,161.779999,,93245700.000000,AMD
2024-06-21,161.750000,163.199997,157.889999,161.229996,,61334700.000000,AMD
2024-06-24,159.750000,163.399994,158.190002,160.250000,,45954100.000000,AMD
2024-06-25,160.729996,161.000000,156.449997,160.250000,,40975300.000000,AMD
2024-06-26,160.600006,160.740005,156.000000,157.539993,,36973400.000000,AMD
2024-06-27,157.179993,160.610001,156.809998,159.470001,,34018200.000000,AMD
2024-06-28,160.229996,166.449997,159.410004,162.210007,,56204600.000000,AMD
2024-07-01,161.250000,161.509995,153.639999,157.690002,,50436700.000000,AMD
2024-07-02,157.039993,164.580002,156.699997,164.309998,,57838600.000000,AMD
2024-07-03,164.199997,165.259995,162.509995,163.899994,,26980900.000000,AMD
2024-07-05,165.970001,174.039993,165.679993,171.899994,,61857100.000000,AMD
2024-07-08,174.899994,178.949997,173.220001,178.690002,,60223400.000000,AMD
2024-07-09,177.970001,180.410004,174.699997,177.100006,,43395600.000000,AMD
2024-07-10,179.990005,187.279999,177.800003,183.960007,,90247000.000000,AMD
2024-07-11,184.070007,187.110001,177.250000,181.940002,,59231400.000000,AMD
2024-07-12,182.020004,186.990005,179.690002,181.610001,,50827400.000000,AMD
2024-07-15,184.449997,185.500000,178.539993,179.830002,,42202700.000000,AMD
2024-07-16,179.690002,179.750000,174.529999,177.550003,,40633100.000000,AMD
2024-07-17,169.800003,169.800003,159.369995,159.429993,,76954200.000000,AMD
2024-07-18,163.410004,163.410004,153.199997,155.770004,,69420300.000000,AMD
2024-07-19,154.860001,155.809998,150.619995,151.580002,,47513100.000000,AMD
2024-07-22,154.229996,156.699997,152.539993,155.869995,,43912500.000000,AMD
2024-07-23,154.949997,157.050003,153.800003,154.000000,,31950600.000000,AMD
2024-07-24,152.720001,153.679993,144.529999,144.630005,,49203100.000000,AMD
2024-07-25,144.070007,144.750000,136.809998,138.320007,,60578500.000000,AMD
2024-07-26,140.320007,141.289993,138.270004,139.990005,,49435800.000000,AMD
2024-07-29,141.190002,144.589996,138.750000,139.750000,,47447200.000000,AMD
2024-07-30,139.880005,141.699997,134.050003,138.440002,,68801700.000000,AMD
2024-07-31,150.729996,153.600006,140.029999,144.479996,,114306800.000000,AMD
2024-08-01,145.000000,147.289993,130.240005,132.539993,,94731900.000000,AMD
2024-08-02,133.500000,137.100006,131.330002,132.500000,,78562000.000000,AMD
2024-08-05,122.160004,139.139999,121.830002,134.820007,,76089400.000000,AMD
2024-08-06,135.149994,136.440002,129.100006,130.179993,,64455600.000000,AMD
2024-08-07,133.750000,136.240005,128.369995,128.669998,,54676500.000000,AMD
2024-08-08,131.970001,136.479996,128.940002,136.320007,,49037500.000000,AMD
2024-08-09,134.690002,135.500000,132.440002,134.270004,,40583000.000000,AMD
2024-08-12,134.440002,137.990005,133.229996,136.770004,,39724300.000000,AMD
2024-08-13,138.119995,141.190002,137.520004,141.130005,,42218000.000000,AMD
2024-08-14,143.000000,143.250000,137.639999,140.750000,,35506400.000000,AMD
2024-08-15,143.000000,147.960007,141.809998,147.360001,,43582400.000000,AMD
2024-08-16,145.699997,149.369995,145.199997,148.559998,,31123900.000000,AMD
2024-08-19,148.429993,155.369995,147.720001,155.279999,,60766900.000000,AMD
2024-08-20,156.490005,162.039993,154.509995,156.399994,,76851200.000000,AMD
2024-08-21,156.119995,158.649994,155.070007,157.809998,,42791200.000000,AMD
2024-08-22,158.869995,159.839996,151.009995,151.699997,,45737300.000000,AMD
2024-08-23,153.600006,156.399994,151.830002,154.979996,,43694600.000000,AMD
2024-08-26,154.699997,158.279999,148.910004,149.990005,,49893300.000000,AMD
2024-08-27,150.130005,151.699997,148.440002,150.500000,,35102700.000000,AMD
2024-08-28,149.399994,150.429993,144.720001,146.360001,,34075800.000000,AMD
2024-08-29,146.589996,149.490005,144.470001,145.490005,,31602100.000000,AMD
2024-08-30,147.520004,148.990005,145.250000,148.559998,,31169100.000000,AMD
2024-09-03,146.410004,146.490005,136.100006,136.940002,,42172700.000000,AMD
2024-09-04,140.509995,143.369995,138.509995,140.869995,,42130600.000000,AMD
2024-09-05,138.199997,141.710007,137.830002,139.440002,,25023000.000000,AMD
2024-09-06,138.699997,139.130005,132.110001,134.350006,,39993500.000000,AMD
2024-09-09,136.100006,138.449997,134.860001,138.149994,,27194500.000000,AMD
2024-09-10,139.059998,143.080002,137.250000,142.839996,,37217500.000000,AMD
2024-09-11,145.320007,150.160004,140.710007,149.860001,,50935400.000000,AMD
2024-09-12,148.429993,151.539993,147.649994,150.770004,,29286200.000000,AMD
2024-09-13,152.320007,153.029999,150.699997,152.309998,,25117200.000000,AMD
2024-09-16,151.699997,154.440002,150.910004,152.080002,,27677800.000000,AMD
2024-09-17,153.550003,154.039993,149.229996,150.820007,,29889000.000000,AMD
2024-09-18,150.899994,152.820007,148.009995,148.289993,,26320100.000000,AMD
2024-09-19,153.809998,159.250000,152.770004,156.740005,,44500000.000000,AMD
2024-09-20,156.000000,157.449997,152.470001,155.949997,,40248200.000000,AMD
2024-09-23,156.449997,157.190002,154.970001,156.750000,,21728500.000000,AMD
2024-09-24,157.460007,159.639999,154.580002,158.320007,,27531200.000000,AMD
2024-09-25,158.500000,162.949997,158.179993,162.020004,,35233300.000000,AMD
2024-09-26,167.059998,168.679993,164.050003,167.490005,,38044900.000000,AMD
2024-09-27,167.479996,168.729996,163.740005,164.350006,,27876000.000000,AMD
2024-09-30,163.100006,165.080002,162.179993,164.080002,,21881600.000000,AMD
2024-10-01,164.479996,165.399994,158.080002,159.750000,,31831900.000000,AMD
2024-10-02,159.309998,163.100006,158.669998,159.779999,,24630400.000000,AMD
2024-10-03,159.710007,166.789993,159.399994,162.850006,,29598800.000000,AMD
2024-10-04,166.529999,171.210007,164.419998,170.899994,,44556500.000000,AMD
2024-10-07,171.080002,172.410004,168.210007,170.970001,,38379900.000000,AMD
2024-10-08,171.750000,173.600006,170.000000,172.800003,,34730200.000000,AMD
2024-10-09,174.050003,174.050003,169.550003,171.020004,,33890700.000000,AMD
2024-10-10,169.759995,172.009995,162.000000,164.179993,,75113600.000000,AMD
2024-10-11,164.190002,169.350006,163.009995,167.889999,,42136200.000000,AMD
2024-10-14,167.770004,168.899994,165.149994,165.270004,,31757200.000000,AMD
2024-10-15,163.210007,164.130005,155.740005,156.639999,,50768000.000000,AMD
2024-10-16,158.070007,158.279999,154.919998,156.130005,,30575800.000000,AMD
2024-10-17,160.000000,160.440002,156.199997,156.250000,,29491900.000000,AMD
2024-10-18,157.410004,158.009995,155.559998,155.970001,,23823000.000000,AMD
2024-10-21,155.759995,158.000000,154.149994,157.899994,,25781200.000000,AMD
2024-10-22,156.600006,156.740005,151.910004,154.089996,,34997400.000000,AMD
2024-10-23,153.000000,153.449997,150.520004,152.910004,,26095900.000000,AMD
2024-10-24,154.740005,155.190002,152.350006,153.440002,,22877000.000000,AMD
2024-10-25,155.399994,158.910004,155.050003,156.229996,,29758500.000000,AMD
2024-10-28,158.500000,160.279999,157.039993,159.919998,,36010100.000000,AMD
2024-10-29,161.100006,167.509995,158.940002,166.250000,,71896000.000000,AMD
2024-10-30,153.009995,153.119995,148.100006,148.600006,,87701700.000000,AMD
2024-10-31,147.800003,148.679993,143.330002,144.070007,,44386600.000000,AMD
2024-11-01,144.440002,144.539993,141.320007,141.860001,,39027400.000000,AMD
2024-11-04,141.699997,143.639999,139.720001,140.710007,,29117400.000000,AMD
2024-11-05,141.940002,143.080002,140.800003,141.660004,,27067300.000000,AMD
2024-11-06,144.949997,145.630005,141.520004,145.100006,,32911500.000000,AMD
2024-11-07,146.679993,150.119995,145.660004,149.820007,,30326400.000000,AMD
2024-11-08,149.389999,150.710007,147.529999,147.949997,,27560300.000000,AMD
2024-11-11,147.380005,148.570007,144.910004,147.350006,,29868100.000000,AMD
2024-11-12,147.000000,147.449997,141.550003,143.630005,,33560300.000000,AMD
2024-11-13,142.860001,144.490005,139.070007,139.300003,,35146600.000000,AMD
2024-11-14,140.339996,141.399994,138.559998,138.839996,,31681400.000000,AMD
2024-11-15,136.570007,137.350006,133.649994,134.899994,,44217500.000000,AMD
2024-11-18,138.190002,140.899994,137.210007,138.929993,,38782400.000000,AMD
2024-11-19,137.410004,139.750000,137.139999,139.389999,,23131400.000000,AMD
2024-11-20,138.960007,140.770004,135.479996,137.600006,,28843100.000000,AMD
2024-11-21,138.869995,140.279999,134.929993,137.490005,,29311400.000000,AMD
2024-11-22,137.350006,139.130005,137.039993,138.350006,,21784700.000000,AMD
2024-11-25,140.490005,142.350006,139.050003,141.130005,,30923100.000000,AMD
2024-11-26,142.550003,142.800003,136.619995,137.720001,,32092400.000000,AMD
2024-11-27,137.199997,137.940002,132.960007,136.240005,,30175300.000000,AMD
2024-11-29,136.240005,138.589996,135.779999,137.179993,,16085700.000000,AMD
2024-12-02,137.919998,142.820007,137.800003,142.059998,,33102400.000000,AMD
2024-12-03,142.580002,143.449997,141.080002,141.979996,,22665300.000000,AMD
2024-12-04,142.960007,144.119995,141.179993,143.990005,,25942700.000000,AMD
2024-12-05,143.679993,143.949997,140.380005,141.360001,,29576900.000000,AMD
2024-12-06,141.479996,142.789993,137.399994,138.589996,,33576800.000000,AMD
2024-12-09,135.710007,135.770004,130.000000,130.869995,,57055600.000000,AMD
2024-12-10,131.559998,131.559998,127.070000,127.739998,,38907200.000000,AMD
2024-12-11,128.520004,131.210007,126.220001,130.149994,,45588100.000000,AMD
2024-12-12,130.000000,132.320007,129.070007,130.600006,,34267100.000000,AMD
2024-12-13,131.300003,131.300003,124.769997,126.910004,,67544700.000000,AMD
2024-12-16,126.010002,127.760002,123.120003,126.690002,,42090300.000000,AMD
2024-12-17,124.449997,127.080002,123.150002,125.019997,,43314900.000000,AMD
2024-12-18,125.430000,127.750000,120.430000,121.410004,,49724400.000000,AMD
2024-12-19,122.160004,123.379997,118.449997,118.879997,,46160700.000000,AMD
2024-12-20,118.000000,121.860001,117.900002,119.209999,,53591200.000000,AMD
2024-12-23,120.709999,126.339996,120.470001,124.599998,,47777900.000000,AMD
2024-12-24,127.510002,127.510002,124.660004,126.290001,,24829600.000000,AMD
2024-12-26,125.519997,127.300003,125.050003,125.059998,,24998200.000000,AMD
2024-12-27,124.370003,126.180000,122.260002,125.190002,,32924000.000000,AMD
2024-12-30,123.559998,124.099998,122.349998,122.440002,,30501600.000000,AMD
2024-01-02,186.033057,187.315366,182.792518,184.532074,,82488700.000000,AAPL
2024-01-03,183.120556,184.770652,182.335262,183.150375,,58414500.000000,AAPL
2024-01-04,181.062914,181.997307,179.800504,180.824356,,71983600.000000,AAPL
2024-01-05,180.903872,181.669266,179.094727,180.098694,,62303300.000000,AAPL
2024-01-08,181.003268,184.492330,180.416793,184.452560,,59144500.000000,AAPL
2024-01-09,182.822345,184.045000,181.639444,184.035065,,42841800.000000,AAPL
2024-01-10,183.249796,185.287550,182.822355,185.078812,,46792900.000000,AAPL
2024-01-11,185.426703,185.933669,182.524132,184.482376,,49128400.000000,AAPL
2024-01-12,184.949573,185.625523,184.084771,184.810410,,40444700.000000,AAPL
2024-01-16,181.072860,183.160318,179.850190,182.534088,,65603000.000000,AAPL
2024-01-17,180.188164,181.838245,179.223951,181.589737,,47317400.000000,AAPL
2024-01-18,184.979377,188.011177,184.720935,187.504227,,78005800.000000,AAPL
2024-01-19,188.200061,190.804420,187.693110,190.416748,,68741000.000000,AAPL
2024-01-22,191.152327,194.164242,191.112557,192.732834,,60133900.000000,AAPL
2024-01-23,193.856118,194.581757,192.673218,194.015152,,42355600.000000,AAPL
2024-01-24,194.253726,195.208003,193.180169,193.339218,,53631300.000000,AAPL
2024-01-25,194.054906,195.098642,191.957498,193.011169,,54822100.000000,AAPL
2024-01-26,193.110587,193.597653,190.794491,191.271622,,44594000.000000,AAPL
2024-01-29,190.864052,191.052920,188.448561,190.585724,,47145600.000000,AAPL
2024-01-30,189.800472,190.655340,186.351180,186.917770,,55859400.000000,AAPL
2024-01-31,185.923743,185.983398,183.249810,183.299500,,55467800.000000,AAPL
2024-02-01,182.891930,185.834256,182.722947,185.744797,,64885400.000000,AAPL
2024-02-02,178.786588,186.212008,178.180228,184.740845,,102518000.000000,AAPL
2024-02-05,187.027087,188.120528,184.730876,186.559891,,69668800.000000,AAPL
2024-02-06,185.744802,188.180177,185.655343,188.170242,,43490800.000000,AAPL
2024-02-07,189.502257,189.909814,187.484373,188.279602,,53439000.000000,AAPL
2024-02-08,188.259712,188.408811,186.231894,187.196106,,40962000.000000,AAPL
2024-02-09,187.763406,189.097120,187.116467,187.962479,,45155200.000000,AAPL
2024-02-12,187.534482,187.783307,185.912138,186.270447,,41781900.000000,AAPL
2024-02-13,184.896945,185.334879,182.647556,184.170364,,56529500.000000,AAPL
2024-02-14,184.449076,184.658081,181.582606,183.284561,,54630500.000000,AAPL
2024-02-15,182.687385,183.622970,180.497727,182.995926,,65434500.000000,AAPL
2024-02-16,182.558001,183.981288,180.816225,181.453217,,49701400.000000,AAPL
2024-02-20,180.935641,181.572633,179.154060,180.706726,,53665600.000000,AAPL
2024-02-21,181.084946,182.030479,179.810963,181.463165,,41529700.000000,AAPL
2024-02-22,182.617708,184.090764,181.602513,183.503525,,52292200.000000,AAPL
2024-02-23,184.140520,184.170377,181.373586,181.662231,,45119700.000000,AAPL
2024-02-26,181.383551,181.901096,179.801011,180.308624,,40867400.000000,AAPL
2024-02-27,180.248905,183.055644,178.716134,181.771713,,54318900.000000,AAPL
2024-02-28,181.652272,182.259406,179.283467,180.567398,,48953900.000000,AAPL
2024-02-29,180.418104,181.711997,178.686276,179.900543,,136682600.000000,AAPL
2024-03-01,178.706190,179.681580,176.546390,178.815674,,73488000.000000,AAPL
2024-03-04,175.322137,176.068613,172.973228,174.277084,,81510100.000000,AAPL
2024-03-05,169.957487,171.231471,168.822845,169.320496,,95132400.000000,AAPL
2024-03-06,170.256065,170.435227,167.887245,168.325180,,68587700.000000,AAPL
2024-03-07,168.355054,169.927630,167.698167,168.205765,,71765100.000000,AAPL
2024-03-08,168.205762,172.883671,168.146047,169.927628,,76114600.000000,AAPL
2024-03-11,172.127250,173.560485,171.241434,171.938141,,60139500.000000,AAPL
2024-03-12,172.336252,173.212122,170.206310,172.415878,,59825400.000000,AAPL
2024-03-13,171.958052,172.376076,169.957488,170.325760,,52488700.000000,AAPL
2024-03-14,172.097377,173.490792,171.241418,172.186951,,72913500.000000,AAPL
2024-03-15,170.365549,171.808731,169.489680,171.808731,,121664700.000000,AAPL
2024-03-18,174.744891,176.874834,172.704523,172.903580,,75604200.000000,AAPL
2024-03-19,173.520659,175.779995,172.216818,175.252487,,55215200.000000,AAPL
2024-03-20,174.894174,177.830307,174.267130,177.830307,,53423100.000000,AAPL
2024-03-21,176.217935,176.655870,170.037113,170.564621,,106181300.000000,AAPL
2024-03-22,170.952792,172.236738,169.260784,171.470352,,71106600.000000,AAPL
2024-03-25,169.768390,171.131947,168.653644,170.047073,,54288300.000000,AAPL
2024-03-26,169.201060,170.614385,168.783036,168.912430,,57388400.000000,AAPL
2024-03-27,169.609149,172.784160,169.310556,172.495514,,60273300.000000,AAPL
2024-03-28,170.942823,171.420563,169.708645,170.674088,,65672700.000000,AAPL
2024-04-01,170.385479,170.445194,168.683508,169.230927,,46240500.000000,AAPL
2024-04-02,168.285371,168.544144,167.439360,168.046494,,49329500.000000,AAPL
2024-04-03,167.996733,169.877850,167.787728,168.852692,,47691700.000000,AAPL
2024-04-04,169.489704,171.112049,168.026627,168.026627,,53704400.000000,AAPL
2024-04-05,168.792968,169.589211,168.155976,168.783020,,42055200.000000,AAPL
2024-04-08,168.235616,168.404816,167.449336,167.658340,,37425500.000000,AAPL
2024-04-09,167.907162,169.280681,167.558816,168.872604,,42451200.000000,AAPL
2024-04-10,168.006696,168.295327,166.324636,166.991486,,49709300.000000,AAPL
2024-04-11,167.548852,174.635401,167.369706,174.217361,,91070300.000000,AAPL
2024-04-12,173.441045,177.521782,173.391292,175.720291,,101593300.000000,AAPL
2024-04-15,174.535868,175.799904,171.689308,171.878418,,73531800.000000,AAPL
2024-04-16,170.942841,172.943390,167.479200,168.583984,,73711200.000000,AAPL
2024-04-17,168.812899,169.848004,167.210464,167.210464,,50901200.000000,AAPL
2024-04-18,167.240312,167.847446,165.767272,166.254959,,43122900.000000,AAPL
2024-04-19,165.428884,165.617978,163.308889,164.224564,,67772100.000000,AAPL
2024-04-22,164.742120,166.473933,163.995644,165.060608,,48116400.000000,AAPL
2024-04-23,164.572928,166.264935,164.144941,166.115631,,49537800.000000,AAPL
2024-04-24,165.757307,168.504345,165.428871,168.225662,,48251800.000000,AAPL
2024-04-25,168.733275,169.808201,167.359755,169.091583,,50558300.000000,AAPL
2024-04-26,169.081609,170.534739,168.384887,168.504333,,44838400.000000,AAPL
2024-04-29,172.555207,175.202709,172.286487,172.684601,,68169400.000000,AAPL
2024-04-30,172.515396,174.167598,169.201044,169.529495,,65934800.000000,AAPL
2024-05-01,168.783016,171.898311,168.315224,168.504333,,50383100.000000,AAPL
2024-05-02,171.699267,172.604994,170.086885,172.216827,,94214900.000000,AAPL
2024-05-03,185.772810,186.121171,181.801571,182.518188,,163224100.000000,AAPL
2024-05-06,181.493025,183.334321,179.572087,180.856033,,78569700.000000,AAPL
2024-05-07,182.587839,184.031021,180.467859,181.542770,,77305800.000000,AAPL
2024-05-08,181.990679,182.209646,180.597249,181.881195,,45057100.000000,AAPL
2024-05-09,181.702043,183.792180,181.254160,183.702606,,48983000.000000,AAPL
2024-05-10,184.280653,184.470019,181.519943,182.436859,,50759500.000000,AAPL
2024-05-13,184.818838,186.473282,184.001578,185.656021,,72044800.000000,AAPL
2024-05-14,186.881888,187.669251,185.665974,186.802155,,52393600.000000,AAPL
2024-05-15,187.280584,190.011396,186.742384,189.084518,,70400000.000000,AAPL
2024-05-16,189.831996,190.459891,189.024712,189.204102,,52845200.000000,AAPL
2024-05-17,188.875199,190.170847,188.546302,189.233994,,41282900.000000,AAPL
2024-05-20,188.695822,191.277143,188.376886,190.400085,,44361300.000000,AAPL
2024-05-21,190.449915,192.084421,190.280486,191.705704,,42309400.000000,AAPL
2024-05-22,191.625965,192.174126,189.632664,190.260544,,34648500.000000,AAPL
2024-05-23,190.340286,190.360223,186.004866,186.254028,,51005900.000000,AAPL
2024-05-24,188.187525,189.941624,187.410124,189.343628,,36294600.000000,AAPL
2024-05-28,190.868489,192.353504,188.466574,189.353592,,52280100.000000,AAPL
2024-05-29,188.974888,191.606045,188.875217,189.652603,,53068000.000000,AAPL
2024-05-30,190.121023,191.536264,189.991469,190.649246,,49947900.000000,AAPL
2024-05-31,190.798749,191.924969,189.273875,191.606033,,75158300.000000,AAPL
2024-06-03,192.253846,194.336857,191.875129,193.380066,,50080500.000000,AAPL
2024-06-04,193.988012,194.665742,192.383404,193.698990,,47471400.000000,AAPL
2024-06-05,194.745471,196.240446,194.217247,195.213898,,54156800.000000,AAPL
2024-06-06,195.034506,195.841790,193.519593,193.828552,,41181800.000000,AAPL
2024-06-07,193.997982,196.280320,193.489696,196.230484,,53103900.000000,AAPL
2024-06-10,196.240436,196.639105,191.506347,192.473099,,97262100.000000,AAPL
2024-06-11,193.001336,206.466092,192.981414,206.456116,,172373300.000000,AAPL
2024-06-12,206.675389,219.462415,206.206962,212.356308,,198134300.000000,AAPL
2024-06-13,214.020695,216.023956,210.891213,213.522369,,97862700.000000,AAPL
2024-06-14,213.133674,214.449244,210.592212,211.778229,,70122700.000000,AAPL
2024-06-17,212.655280,218.216591,212.007463,215.944229,,93728300.000000,AAPL
2024-06-18,216.861138,217.897663,212.286517,213.572189,,79943300.000000,AAPL
2024-06-20,213.213394,213.522369,208.150424,208.977631,,86172500.000000,AAPL
2024-06-21,209.685278,211.180254,206.416266,206.794998,,246421400.000000,AAPL
2024-06-24,207.024219,211.987533,205.897999,207.442810,,80727000.000000,AAPL
2024-06-25,208.449409,210.671950,207.911224,208.369690,,56713900.000000,AAPL
2024-06-26,210.791552,214.140298,209.934432,212.535690,,66213200.000000,AAPL
2024-06-27,213.970878,215.017364,211.638720,213.382858,,49772700.000000,AAPL
2024-06-28,215.047248,215.346246,209.595570,209.914490,,82542700.000000,AAPL
2024-07-01,211.379562,216.781405,211.210133,216.023956,,60402900.000000,AAPL
2024-07-02,215.425971,219.641813,214.379500,219.532181,,58046200.000000,AAPL
2024-07-03,219.263081,220.807892,218.296329,220.807892,,37369800.000000,AAPL
2024-07-05,220.907540,225.691465,220.907540,225.581833,,60412400.000000,AAPL
2024-07-08,226.329319,227.086783,222.502185,227.056885,,59085900.000000,AAPL
2024-07-09,227.166498,228.631576,225.611726,227.913986,,48076100.000000,AAPL
2024-07-10,228.531934,232.299271,228.482099,232.199600,,62627700.000000,AAPL
2024-07-11,230.614920,231.611571,225.013750,226.807724,,64710600.000000,AAPL
2024-07-12,228.153193,231.860733,227.913991,229.767761,,53046500.000000,AAPL
2024-07-15,235.687872,236.435360,232.309228,233.614838,,62631300.000000,AAPL
2024-07-16,234.212822,235.478572,231.551767,234.033432,,43234300.000000,AAPL
2024-07-17,228.681410,230.684687,225.880825,228.113327,,57345900.000000,AAPL
2024-07-18,229.508635,229.668103,221.525471,223.429062,,66034600.000000,AAPL
2024-07-19,224.066941,226.040304,222.532091,223.558640,,49151500.000000,AAPL
2024-07-22,226.249580,227.017005,222.342712,223.209808,,48201800.000000,AAPL
2024-07-23,223.618446,226.179845,221.934105,224.256302,,39960300.000000,AAPL
2024-07-24,223.249670,224.046994,216.402687,217.807953,,61777600.000000,AAPL
2024-07-25,218.196654,220.110236,213.901093,216.761490,,51391200.000000,AAPL
2024-07-26,217.967416,218.754778,215.286424,217.229904,,41601300.000000,AAPL
2024-07-29,216.233261,218.565419,215.027307,217.508972,,36311800.000000,AAPL
2024-07-30,218.455801,219.591982,215.396077,218.067108,,41643800.000000,AAPL
2024-07-31,220.698250,223.070282,219.890965,221.336105,,50036300.000000,AAPL
2024-08-01,223.618418,223.728050,216.293048,217.628555,,62501000.000000,AAPL
2024-08-02,218.415922,224.844329,216.980758,219.123550,,105568600.000000,AAPL
2024-08-05,198.423107,212.784842,195.343462,208.569016,,119548600.000000,AAPL
2024-08-06,204.612315,209.286608,200.396488,206.535843,,69660500.000000,AAPL
2024-08-07,206.206940,212.924368,205.698654,209.117172,,63516400.000000,AAPL
2024-08-08,212.396147,213.482492,208.130485,212.595474,,47161100.000000,AAPL
2024-08-09,211.389554,216.053871,211.259985,215.515686,,42201600.000000,AAPL
2024-08-12,215.595507,219.027939,215.126538,217.052292,,38028100.000000,AAPL
2024-08-13,218.529041,221.402722,218.529041,220.784088,,44155300.000000,AAPL
2024-08-14,220.085625,222.540214,219.217525,221.233093,,41960600.000000,AAPL
2024-08-15,224.106770,224.855123,222.270799,224.226501,,46414000.000000,AAPL
2024-08-16,223.428262,226.331875,223.158850,225.553589,,44340200.000000,AAPL
2024-08-19,225.224296,225.493707,222.550174,225.393921,,40687800.000000,AAPL
2024-08-20,225.274208,226.671128,224.954903,226.012573,,30299000.000000,AAPL
2024-08-21,226.022564,227.479349,224.555791,225.902817,,34765500.000000,AAPL
2024-08-22,227.289746,227.838541,223.408290,224.036911,,43695300.000000,AAPL
2024-08-23,225.164441,227.718817,223.837360,226.341843,,38677300.000000,AAPL
2024-08-26,226.262015,226.780878,223.398323,226.681091,,30602200.000000,AAPL
2024-08-27,225.503695,228.347442,224.396132,227.529236,,35934600.000000,AAPL
2024-08-28,227.419467,229.355209,225.184381,225.992615,,38052200.000000,AAPL
2024-08-29,229.594702,232.408501,228.377380,229.285370,,51906300.000000,AAPL
2024-08-30,229.684490,229.894020,226.980435,228.497101,,52990800.000000,AAPL
2024-09-03,228.048098,228.497107,220.684300,222.280792,,50190600.000000,AAPL
2024-09-04,221.173224,221.292956,217.002396,220.365005,,43840200.000000,AAPL
2024-09-05,221.143294,224.984830,221.033535,221.891647,,36615400.000000,AAPL
2024-09-06,223.458184,224.745359,219.287371,220.335068,,48423000.000000,AAPL
2024-09-09,220.335082,220.784091,216.234107,220.424881,,67180000.000000,AAPL
2024-09-10,218.439228,220.993604,216.254035,219.626617,,51591000.000000,AAPL
2024-09-11,220.973674,222.600084,217.411507,222.171036,,44587100.000000,AAPL
2024-09-12,222.011381,223.059078,219.337274,222.280792,,37498200.000000,AAPL
2024-09-13,223.088998,223.547979,221.422667,222.011368,,36766600.000000,AAPL
2024-09-16,216.064458,216.742973,213.450217,215.844955,,59357400.000000,AAPL
2024-09-17,215.276194,216.423663,214.028940,216.313904,,45519300.000000,AAPL
2024-09-18,217.072249,222.220921,217.062261,220.205353,,59894900.000000,AAPL
2024-09-19,224.495917,229.315312,224.136707,228.367386,,66781300.000000,AAPL
2024-09-20,229.464970,232.578113,227.120124,227.698853,,318679900.000000,AAPL
2024-09-23,226.840741,228.946108,225.314102,225.972656,,54146000.000000,AAPL
2024-09-24,228.147870,228.846345,225.234284,226.870682,,43556100.000000,AAPL
2024-09-25,224.436039,226.790857,223.528049,225.872879,,42308700.000000,AAPL
2024-09-26,226.800837,227.998199,224.914988,227.020355,,36636700.000000,AAPL
2024-09-27,227.958291,229.015961,226.800835,227.289749,,34026000.000000,AAPL
2024-09-30,229.534805,232.488312,229.145663,232.488312,,54541900.000000,AAPL
2024-10-01,229.015955,229.145659,223.248649,225.713226,,63285000.000000,AAPL
2024-10-02,225.393922,226.870668,222.530230,226.281967,,32880600.000000,AAPL
2024-10-03,224.645573,226.311904,222.829578,225.174408,,34044200.000000,AAPL
2024-10-04,227.399516,227.499303,223.637806,226.301941,,37245100.000000,AAPL
2024-10-07,224.006998,225.194387,220.843961,221.203171,,39505400.000000,AAPL
2024-10-08,223.807427,225.483731,222.759730,225.274200,,31855700.000000,AAPL
2024-10-09,224.735386,229.245465,224.336271,229.035919,,33591100.000000,AAPL
2024-10-10,227.279775,228.995999,226.671114,228.537003,,28183500.000000,AAPL
2024-10-11,228.796450,228.906209,226.840747,227.050293,,31759200.000000,AAPL
2024-10-14,228.197757,231.221102,228.097986,230.792053,,39882100.000000,AAPL
2024-10-15,233.096978,236.968462,231.859696,233.336456,,64751400.000000,AAPL
2024-10-16,231.091399,231.610246,229.335254,231.270996,,34082200.000000,AAPL
2024-10-17,232.917370,233.336461,230.013772,231.640182,,32993800.000000,AAPL
2024-10-18,235.661334,235.661334,233.496101,234.483932,,46431500.000000,AAPL
2024-10-21,233.935137,236.329876,233.935137,235.960678,,36254500.000000,AAPL
2024-10-22,233.376366,235.701251,232.089206,235.342041,,38846600.000000,AAPL
2024-10-23,233.565951,234.623621,227.259823,230.253235,,52287000.000000,AAPL
2024-10-24,229.474944,230.313111,227.908400,230.063660,,31109500.000000,AAPL
2024-10-25,229.235479,232.707832,229.065854,230.901810,,38802300.000000,AAPL
2024-10-28,232.807625,234.214517,232.039312,232.887436,,36087100.000000,AAPL
2024-10-29,232.588105,233.815399,231.809819,233.156845,,35417200.000000,AAPL
2024-10-30,232.099178,232.957290,229.045901,229.594696,,47070900.000000,AAPL
2024-10-31,228.836355,229.325284,224.875072,225.413895,,64370100.000000,AAPL
2024-11-01,220.484744,224.855131,219.786285,222.420486,,65276700.000000,AAPL
2024-11-04,220.504697,222.300732,219.227509,221.522446,,44944500.000000,AAPL
2024-11-05,221.312919,223.458192,220.654365,222.959290,,28111300.000000,AAPL
2024-11-06,222.121137,225.573545,220.704257,222.230896,,54561100.000000,AAPL
2024-11-07,224.136706,227.379569,224.076840,226.980438,,42137700.000000,AAPL
2024-11-08,226.920500,228.408869,226.161340,226.710739,,38328800.000000,AAPL
2024-11-11,224.752893,225.452121,221.256737,223.983734,,42005600.000000,AAPL
2024-11-12,224.303390,225.342241,223.114694,223.983734,,40398300.000000,AAPL
2024-11-13,223.763975,226.401075,222.515348,224.872757,,48566200.000000,AAPL
2024-11-14,224.772878,228.618640,224.752895,227.969360,,44923900.000000,AAPL
2024-11-15,226.151340,226.670773,224.023690,224.752884,,47923700.000000,AAPL
2024-11-18,225.002615,229.487689,224.922701,227.769577,,44686000.000000,AAPL
2024-11-19,226.730706,229.907222,226.411066,228.029282,,36211800.000000,AAPL
2024-11-20,227.809519,229.677461,225.641904,228.748489,,35169600.000000,AAPL
2024-11-21,228.628633,229.907226,225.462116,228.269028,,42108300.000000,AAPL
2024-11-22,227.809529,230.466611,227.809529,229.617538,,38168300.000000,AAPL
2024-11-25,231.205803,232.993830,229.487690,232.614243,,90152800.000000,AAPL
2024-11-26,233.073738,235.311284,233.073738,234.801834,,45986200.000000,AAPL
2024-11-27,234.212496,235.431157,233.553217,234.671982,,33498400.000000,AAPL
2024-11-29,234.552115,237.548820,233.713041,237.069351,,28481400.000000,AAPL
2024-12-02,237.009414,240.525538,236.899535,239.326859,,48137100.000000,AAPL
2024-12-03,239.546622,242.493379,238.637618,242.383499,,38861000.000000,AAPL
2024-12-04,242.603257,243.841901,240.985041,242.743103,,44383900.000000,AAPL
2024-12-05,243.722040,244.271424,241.864082,242.773071,,40033900.000000,AAPL
2024-12-06,242.643218,244.361331,241.814128,242.573288,,36870600.000000,AAPL
2024-12-09,241.564409,246.968471,241.484495,246.479004,,44649200.000000,AAPL
2024-12-10,246.618841,247.937398,245.070540,247.497879,,36914800.000000,AAPL
2024-12-11,247.687671,250.524548,245.989526,246.219284,,45205800.000000,AAPL
2024-12-12,246.618851,248.466825,245.410173,247.687683,,32777500.000000,AAPL
2024-12-13,247.547826,249.016197,245.969559,247.857483,,33155300.000000,AAPL
2024-12-16,247.717644,251.103920,247.378006,250.764282,,51694800.000000,AAPL
2024-12-17,249.805339,253.551221,249.505666,253.201599,,51356400.000000,AAPL
2024-12-18,251.883059,254.000726,247.467916,247.777573,,56774100.000000,AAPL
2024-12-19,247.228177,251.723235,246.818624,249.515656,,60882300.000000,AAPL
2024-12-20,247.767582,254.719945,245.420172,254.210510,,147495300.000000,AAPL
2024-12-23,254.490204,255.369227,253.171646,254.989655,,40858800.000000,AAPL
2024-12-24,255.209412,257.926411,255.009620,257.916443,,23234700.000000,AAPL
2024-12-26,257.906429,259.814335,257.347047,258.735504,,27237100.000000,AAPL
2024-12-27,257.546826,258.415896,252.782075,255.309296,,42355300.000000,AAPL
2024-12-30,251.952985,253.221595,250.474615,251.923019,,35557500.000000,AAPL
2024-01-02,483.190002,484.649994,461.859985,468.500000,,5049400.000000,NFLX
2024-01-03,467.320007,475.049988,465.769989,470.260010,,3443700.000000,NFLX
2024-01-04,472.980011,480.739990,466.529999,474.670013,,3636500.000000,NFLX
2024-01-05,476.500000,479.549988,471.799988,474.059998,,2612500.000000,NFLX
2024-01-08,473.890015,485.239990,473.649994,485.029999,,3675800.000000,NFLX
2024-01-09,475.529999,485.089996,473.799988,482.089996,,3526800.000000,NFLX
2024-01-10,481.600006,487.000000,472.950012,478.329987,,4342400.000000,NFLX
2024-01-11,492.540009,503.410004,483.820007,492.230011,,7993300.000000,NFLX
2024-01-12,500.510010,500.790009,490.609985,492.160004,,4996600.000000,NFLX
2024-01-16,490.000000,494.149994,478.019989,481.239990,,4679000.000000,NFLX
2024-01-17,484.500000,486.209991,475.260010,480.329987,,4894600.000000,NFLX
2024-01-18,480.029999,485.769989,478.019989,485.309998,,4054400.000000,NFLX
2024-01-19,484.980011,485.670013,476.059998,482.950012,,5665600.000000,NFLX
2024-01-22,487.549988,489.799988,479.899994,485.709991,,5212300.000000,NFLX
2024-01-23,492.000000,498.959991,481.399994,492.190002,,15506000.000000,NFLX
2024-01-24,537.750000,562.500000,537.070007,544.869995,,26432800.000000,NFLX
2024-01-25,551.950012,563.460022,548.460022,562.000000,,9451900.000000,NFLX
2024-01-26,561.809998,579.640015,558.429993,570.419983,,12770600.000000,NFLX
2024-01-29,571.349976,578.549988,562.679993,575.789978,,6905400.000000,NFLX
2024-01-30,567.320007,570.880005,560.820007,562.849976,,6181800.000000,NFLX
2024-01-31,562.849976,572.150024,562.039978,564.109985,,4857600.000000,NFLX
2024-02-01,567.020020,572.659973,563.830017,567.510010,,3174000.000000,NFLX
2024-02-02,564.520020,567.799988,562.369995,564.640015,,4030800.000000,NFLX
2024-02-05,562.469971,575.750000,557.200012,562.059998,,4143100.000000,NFLX
2024-02-06,564.119995,566.340027,554.369995,555.880005,,2840300.000000,NFLX
2024-02-07,558.159973,567.799988,554.979980,559.299988,,4373600.000000,NFLX
2024-02-08,560.549988,563.700012,555.739990,558.530029,,3175500.000000,NFLX
2024-02-09,565.000000,566.000000,558.099976,561.320007,,3055700.000000,NFLX
2024-02-12,560.359985,568.440002,557.000000,557.849976,,3608500.000000,NFLX
2024-02-13,550.799988,559.200012,549.000000,554.520020,,3511500.000000,NFLX
2024-02-14,567.260010,581.250000,564.340027,579.330017,,5634200.000000,NFLX
2024-02-15,581.909973,593.770020,580.320007,593.460022,,5220900.000000,NFLX
2024-02-16,596.950012,597.000000,577.460022,583.950012,,4323600.000000,NFLX
2024-02-20,580.179993,586.000000,569.659973,575.130005,,3124200.000000,NFLX
2024-02-21,573.510010,575.780029,567.320007,573.349976,,2281100.000000,NFLX
2024-02-22,582.750000,590.849976,578.890015,588.469971,,3526600.000000,NFLX
2024-02-23,586.400024,592.429993,579.820007,583.559998,,2568900.000000,NFLX
2024-02-26,583.559998,590.750000,583.270020,587.650024,,2393700.000000,NFLX
2024-02-27,595.000000,605.359985,592.330017,601.669983,,4489400.000000,NFLX
2024-02-28,595.789978,598.169983,590.010010,596.479980,,2605200.000000,NFLX
2024-02-29,604.250000,604.520020,595.159973,602.919983,,3572100.000000,NFLX
2024-03-01,599.809998,620.280029,599.500000,619.340027,,4264200.000000,NFLX
2024-03-04,621.559998,624.419983,615.080017,615.830017,,3020300.000000,NFLX
2024-03-05,610.099976,610.909973,592.000000,598.500000,,3849600.000000,NFLX
2024-03-06,602.989990,607.929993,593.559998,597.690002,,2469600.000000,NFLX
2024-03-07,599.340027,610.530029,595.900024,608.510010,,2742800.000000,NFLX
2024-03-08,608.270020,616.090027,600.840027,604.820007,,2774600.000000,NFLX
2024-03-11,608.080017,611.000000,600.369995,600.929993,,2500900.000000,NFLX
2024-03-12,600.210022,615.299988,596.270020,611.080017,,2821600.000000,NFLX
2024-03-13,613.369995,614.849976,607.210022,609.450012,,2192100.000000,NFLX
2024-03-14,615.000000,620.799988,607.349976,613.010010,,3120500.000000,NFLX
2024-03-15,622.919983,622.919983,603.820007,605.880005,,6670900.000000,NFLX
2024-03-18,613.559998,627.409973,610.450012,618.390015,,3344200.000000,NFLX
2024-03-19,615.619995,621.280029,608.000000,620.739990,,2142600.000000,NFLX
2024-03-20,619.950012,629.510010,618.340027,627.690002,,2639500.000000,NFLX
2024-03-21,630.650024,634.359985,622.330017,622.710022,,2507700.000000,NFLX
2024-03-22,624.159973,629.049988,621.000000,628.010010,,2134100.000000,NFLX
2024-03-25,627.900024,630.460022,623.159973,627.460022,,1803300.000000,NFLX
2024-03-26,625.200012,634.390015,619.179993,629.239990,,2804500.000000,NFLX
2024-03-27,629.010010,631.349976,610.729980,613.530029,,2628300.000000,NFLX
2024-03-28,614.989990,615.000000,601.590027,607.330017,,3708800.000000,NFLX
2024-04-01,608.000000,615.109985,605.570007,614.309998,,2115900.000000,NFLX
2024-04-02,611.000000,615.030029,605.510010,614.210022,,2029200.000000,NFLX
2024-04-03,612.750000,630.409973,611.500000,630.080017,,2931200.000000,NFLX
2024-04-04,633.210022,638.000000,616.580017,617.140015,,3064300.000000,NFLX
2024-04-05,624.919983,637.909973,622.710022,636.179993,,3372800.000000,NFLX
2024-04-08,636.390015,639.000000,628.109985,628.409973,,2145700.000000,NFLX
2024-04-09,631.989990,631.989990,615.630005,618.200012,,2146600.000000,NFLX
2024-04-10,610.969971,620.140015,609.340027,618.580017,,2806200.000000,NFLX
2024-04-11,624.419983,631.659973,617.239990,628.780029,,2662700.000000,NFLX
2024-04-12,628.229980,633.119995,618.919983,622.830017,,2956500.000000,NFLX
2024-04-15,630.169983,630.169983,603.869995,607.150024,,3085400.000000,NFLX
2024-04-16,607.500000,622.450012,607.500000,617.520020,,3519100.000000,NFLX
2024-04-17,620.969971,620.969971,607.710022,613.690002,,3312200.000000,NFLX
2024-04-18,612.099976,621.330017,605.429993,610.559998,,8468400.000000,NFLX
2024-04-19,567.880005,579.000000,552.159973,555.039978,,16425000.000000,NFLX
2024-04-22,550.659973,558.609985,542.010010,554.599976,,8597700.000000,NFLX
2024-04-23,556.489990,579.210022,555.280029,577.750000,,4975500.000000,NFLX
2024-04-24,574.309998,576.909973,551.299988,555.119995,,5355300.000000,NFLX
2024-04-25,549.460022,566.539978,545.710022,564.799988,,3807100.000000,NFLX
2024-04-26,558.210022,562.919983,553.190002,561.229980,,4332600.000000,NFLX
2024-04-29,559.179993,559.640015,554.239990,559.489990,,2508900.000000,NFLX
2024-04-30,560.000000,560.000000,549.380005,550.640015,,3361500.000000,NFLX
2024-05-01,547.840027,560.390015,544.250000,551.710022,,3473200.000000,NFLX
2024-05-02,556.020020,565.460022,555.590027,565.150024,,3068200.000000,NFLX
2024-05-03,566.000000,580.260010,565.159973,579.340027,,3307500.000000,NFLX
2024-05-06,581.820007,597.340027,580.250000,596.969971,,3686300.000000,NFLX
2024-05-07,596.280029,606.049988,591.320007,606.000000,,3614100.000000,NFLX
2024-05-08,601.630005,618.219971,601.630005,609.469971,,3093900.000000,NFLX
2024-05-09,614.400024,615.719971,605.750000,612.090027,,2065400.000000,NFLX
2024-05-10,619.000000,623.979980,605.059998,610.869995,,2653600.000000,NFLX
2024-05-13,614.299988,618.219971,606.830017,616.590027,,2086200.000000,NFLX
2024-05-14,615.169983,621.479980,608.400024,613.659973,,2792400.000000,NFLX
2024-05-15,618.570007,624.099976,609.099976,613.520020,,5670600.000000,NFLX
2024-05-16,615.750000,618.340027,609.090027,610.520020,,3056400.000000,NFLX
2024-05-17,617.000000,625.789978,614.710022,621.099976,,3782700.000000,NFLX
2024-05-20,620.400024,644.369995,619.520020,640.820007,,3857900.000000,NFLX
2024-05-21,636.760010,650.880005,634.219971,650.609985,,2920200.000000,NFLX
2024-05-22,647.140015,649.250000,638.119995,640.469971,,2176200.000000,NFLX
2024-05-23,642.340027,642.710022,630.000000,635.669983,,2313900.000000,NFLX
2024-05-24,639.400024,652.000000,637.599976,646.750000,,2613300.000000,NFLX
2024-05-28,647.049988,649.750000,643.030029,649.000000,,2609500.000000,NFLX
2024-05-29,644.130005,664.250000,643.890015,654.619995,,3695900.000000,NFLX
2024-05-30,653.520020,656.489990,644.729980,647.659973,,2393400.000000,NFLX
2024-05-31,644.010010,648.580017,628.299988,641.619995,,4071000.000000,NFLX
2024-06-03,645.219971,646.780029,627.270020,633.789978,,2323500.000000,NFLX
2024-06-04,633.780029,635.229980,626.440002,631.619995,,3008200.000000,NFLX
2024-06-05,634.020020,651.250000,628.250000,650.270020,,2682600.000000,NFLX
2024-06-06,644.890015,657.989990,644.239990,648.520020,,2466700.000000,NFLX
2024-06-07,649.380005,650.400024,640.239990,641.469971,,1876600.000000,NFLX
2024-06-10,641.010010,644.789978,635.590027,644.500000,,2066800.000000,NFLX
2024-06-11,640.719971,650.190002,640.520020,648.549988,,2167400.000000,NFLX
2024-06-12,652.210022,655.780029,643.109985,650.059998,,2094400.000000,NFLX
2024-06-13,644.000000,655.250000,642.349976,653.260010,,1863600.000000,NFLX
2024-06-14,655.049988,675.580017,652.640015,669.380005,,4447100.000000,NFLX
2024-06-17,669.109985,682.710022,665.109985,675.830017,,3631200.000000,NFLX
2024-06-18,675.630005,687.059998,674.640015,685.669983,,2943800.000000,NFLX
2024-06-20,681.799988,689.880005,673.719971,679.030029,,2585100.000000,NFLX
2024-06-21,683.260010,686.900024,678.099976,686.119995,,4557100.000000,NFLX
2024-06-24,685.000000,685.500000,664.500000,669.020020,,3916300.000000,NFLX
2024-06-25,673.440002,673.669983,662.299988,672.409973,,2278800.000000,NFLX
2024-06-26,672.409973,682.960022,670.020020,677.690002,,3545800.000000,NFLX
2024-06-27,679.349976,688.570007,678.140015,684.340027,,2404800.000000,NFLX
2024-06-28,679.000000,687.000000,673.080017,674.880005,,3412400.000000,NFLX
2024-07-01,674.890015,675.020020,663.780029,673.609985,,2212800.000000,NFLX
2024-07-02,673.539978,681.739990,670.070007,679.580017,,2411400.000000,NFLX
2024-07-03,677.479980,683.750000,675.500000,682.510010,,1403500.000000,NFLX
2024-07-05,682.510010,697.489990,677.229980,690.650024,,2659100.000000,NFLX
2024-07-08,687.000000,688.859985,681.489990,685.739990,,1930800.000000,NFLX
2024-07-09,690.000000,695.270020,684.719971,685.739990,,2596100.000000,NFLX
2024-07-10,685.020020,687.219971,673.159973,677.650024,,2651900.000000,NFLX
2024-07-11,672.489990,672.489990,647.440002,652.750000,,5106600.000000,NFLX
2024-07-12,652.750000,655.919983,643.710022,647.599976,,3355200.000000,NFLX
2024-07-15,647.500000,667.539978,646.630005,656.450012,,3208800.000000,NFLX
2024-07-16,661.799988,663.679993,649.130005,656.320007,,2685700.000000,NFLX
2024-07-17,650.000000,650.450012,639.469971,647.460022,,4017300.000000,NFLX
2024-07-18,656.599976,657.039978,639.169983,643.039978,,7575800.000000,NFLX
2024-07-19,660.640015,678.969971,629.119995,633.340027,,9815600.000000,NFLX
2024-07-22,639.500000,656.289978,632.599976,647.500000,,5219100.000000,NFLX
2024-07-23,647.500000,649.909973,641.000000,642.760010,,2463600.000000,NFLX
2024-07-24,635.739990,652.419983,632.669983,635.989990,,4888200.000000,NFLX
2024-07-25,641.000000,649.979980,621.700012,634.090027,,4554500.000000,NFLX
2024-07-26,645.000000,646.989990,629.770020,631.369995,,3120700.000000,NFLX
2024-07-29,634.609985,634.609985,623.929993,626.960022,,2400500.000000,NFLX
2024-07-30,630.169983,634.690002,617.000000,622.580017,,3496600.000000,NFLX
2024-07-31,626.570007,633.599976,622.580017,628.349976,,3134900.000000,NFLX
2024-08-01,629.250000,646.710022,617.609985,624.849976,,3720600.000000,NFLX
2024-08-02,620.979980,625.270020,608.349976,613.640015,,3523000.000000,NFLX
2024-08-05,587.039978,604.559998,587.039978,598.549988,,4044200.000000,NFLX
2024-08-06,600.619995,622.450012,600.619995,609.570007,,4319100.000000,NFLX
2024-08-07,616.070007,632.000000,610.640015,611.479980,,3187800.000000,NFLX
2024-08-08,621.989990,632.289978,616.020020,630.349976,,3283500.000000,NFLX
2024-08-09,622.989990,636.619995,622.989990,633.940002,,1980800.000000,NFLX
2024-08-12,631.000000,639.000000,627.070007,633.140015,,2331700.000000,NFLX
2024-08-13,638.559998,650.969971,635.500000,648.020020,,2639600.000000,NFLX
2024-08-14,648.700012,663.570007,648.700012,661.679993,,4014300.000000,NFLX
2024-08-15,668.489990,673.190002,659.799988,663.219971,,3210200.000000,NFLX
2024-08-16,669.429993,680.229980,665.359985,674.070007,,3511000.000000,NFLX
2024-08-19,674.070007,688.840027,672.909973,688.530029,,3016200.000000,NFLX
2024-08-20,688.859985,711.330017,688.250000,698.539978,,4813100.000000,NFLX
2024-08-21,697.000000,701.000000,691.380005,697.119995,,2235300.000000,NFLX
2024-08-22,691.000000,701.500000,686.239990,688.960022,,2729400.000000,NFLX
2024-08-23,694.130005,696.070007,678.630005,686.729980,,2354500.000000,NFLX
2024-08-26,687.260010,690.590027,681.640015,688.440002,,1354200.000000,NFLX
2024-08-27,688.530029,707.890015,686.919983,695.719971,,3164900.000000,NFLX
2024-08-28,695.830017,696.669983,677.099976,683.840027,,2430600.000000,NFLX
2024-08-29,690.000000,699.799988,686.070007,692.479980,,2187000.000000,NFLX
2024-08-30,700.359985,701.859985,688.159973,701.349976,,3266700.000000,NFLX
2024-09-03,700.099976,703.859985,671.010010,675.320007,,3161000.000000,NFLX
2024-09-04,673.309998,684.650024,673.059998,679.679993,,1785300.000000,NFLX
2024-09-05,673.140015,687.309998,671.859985,683.619995,,1810100.000000,NFLX
2024-09-06,681.859985,683.150024,662.340027,665.770020,,2991300.000000,NFLX
2024-09-09,674.000000,683.500000,672.140015,675.419983,,2683100.000000,NFLX
2024-09-10,676.869995,680.590027,665.809998,673.619995,,2079200.000000,NFLX
2024-09-11,677.460022,682.969971,660.799988,681.469971,,2391900.000000,NFLX
2024-09-12,684.919983,694.880005,682.200012,686.799988,,2588400.000000,NFLX
2024-09-13,680.010010,699.640015,680.000000,697.059998,,2276500.000000,NFLX
2024-09-16,700.000000,703.020020,688.630005,696.500000,,1843700.000000,NFLX
2024-09-17,700.820007,707.630005,698.369995,706.909973,,2298600.000000,NFLX
2024-09-18,707.549988,707.549988,688.000000,690.469971,,2984400.000000,NFLX
2024-09-19,705.000000,715.659973,695.369995,704.320007,,4228500.000000,NFLX
2024-09-20,705.549988,706.669983,696.309998,701.030029,,3998100.000000,NFLX
2024-09-23,702.390015,712.250000,699.159973,705.369995,,3224300.000000,NFLX
2024-09-24,706.630005,722.440002,704.450012,722.260010,,3565700.000000,NFLX
2024-09-25,721.000000,725.119995,716.210022,721.559998,,2259800.000000,NFLX
2024-09-26,724.729980,725.260010,701.719971,711.429993,,2833000.000000,NFLX
2024-09-27,708.359985,710.710022,701.250000,707.349976,,2395600.000000,NFLX
2024-09-30,707.000000,711.210022,702.820007,709.270020,,1709900.000000,NFLX
2024-10-01,713.640015,717.760010,698.590027,706.130005,,2813500.000000,NFLX
2024-10-02,706.130005,716.210022,704.690002,711.090027,,1758200.000000,NFLX
2024-10-03,704.260010,708.809998,700.000000,706.799988,,2256400.000000,NFLX
2024-10-04,713.320007,721.010010,708.820007,719.700012,,2229000.000000,NFLX
2024-10-07,714.760010,715.880005,696.429993,701.919983,,3360500.000000,NFLX
2024-10-08,703.880005,725.059998,703.549988,721.760010,,3187400.000000,NFLX
2024-10-09,719.250000,728.590027,718.869995,727.429993,,1981100.000000,NFLX
2024-10-10,723.289978,733.849976,722.500000,730.289978,,2767900.000000,NFLX
2024-10-11,734.900024,736.000000,721.219971,722.789978,,2299500.000000,NFLX
2024-10-14,725.000000,726.619995,711.309998,713.000000,,2797100.000000,NFLX
2024-10-15,712.510010,713.400024,699.780029,705.979980,,2932800.000000,NFLX
2024-10-16,703.429993,705.590027,697.820007,702.000000,,2494300.000000,NFLX
2024-10-17,704.349976,704.409973,677.880005,687.650024,,8926700.000000,NFLX
2024-10-18,737.640015,766.280029,736.229980,763.890015,,15974100.000000,NFLX
2024-10-21,765.760010,773.000000,756.599976,772.070007,,6057100.000000,NFLX
2024-10-22,765.270020,769.700012,761.119995,764.239990,,2987300.000000,NFLX
2024-10-23,762.830017,763.789978,744.260010,749.289978,,3749000.000000,NFLX
2024-10-24,751.969971,755.820007,746.250000,754.549988,,2643000.000000,NFLX
2024-10-25,756.169983,768.500000,753.530029,754.679993,,2819500.000000,NFLX
2024-10-28,758.679993,758.679993,747.880005,749.119995,,2862400.000000,NFLX
2024-10-29,751.130005,763.880005,748.010010,759.440002,,3660400.000000,NFLX
2024-10-30,758.080017,759.789978,752.280029,753.739990,,1722000.000000,NFLX
2024-10-31,753.929993,760.789978,752.229980,756.030029,,3057700.000000,NFLX
2024-11-01,753.479980,763.799988,747.770020,756.099976,,2996800.000000,NFLX
2024-11-04,753.140015,762.479980,749.690002,755.510010,,1902200.000000,NFLX
2024-11-05,757.349976,767.530029,756.270020,763.909973,,2200600.000000,NFLX
2024-11-06,771.500000,781.489990,757.380005,780.210022,,3690800.000000,NFLX
2024-11-07,781.369995,798.219971,779.940002,796.539978,,3295100.000000,NFLX
2024-11-08,797.359985,799.059998,788.650024,795.039978,,1910600.000000,NFLX
2024-11-11,795.900024,806.820007,795.570007,805.440002,,2399200.000000,NFLX
2024-11-12,807.500000,820.369995,803.750000,819.500000,,2814100.000000,NFLX
2024-11-13,822.619995,836.989990,820.539978,830.469971,,2767800.000000,NFLX
2024-11-14,833.669983,841.000000,830.020020,837.260010,,3038200.000000,NFLX
2024-11-15,832.039978,832.039978,816.489990,823.960022,,3673700.000000,NFLX
2024-11-18,815.500000,848.450012,809.330017,847.049988,,4084100.000000,NFLX
2024-11-19,839.750000,874.489990,839.159973,871.320007,,3814200.000000,NFLX
2024-11-20,879.979980,890.599976,868.400024,883.849976,,4093800.000000,NFLX
2024-11-21,883.929993,908.000000,877.239990,897.479980,,4511300.000000,NFLX
2024-11-22,896.000000,906.000000,893.000000,897.789978,,3214000.000000,NFLX
2024-11-25,902.049988,902.049988,864.219971,865.590027,,6014200.000000,NFLX
2024-11-26,867.489990,886.359985,867.250000,872.599976,,3138300.000000,NFLX
2024-11-27,872.059998,880.950012,858.909973,877.340027,,2578200.000000,NFLX
2024-11-29,882.169983,892.409973,876.679993,886.809998,,2027200.000000,NFLX
2024-12-02,887.510010,902.340027,884.119995,897.739990,,2389000.000000,NFLX
2024-12-03,894.359985,902.690002,888.030029,902.169983,,2401600.000000,NFLX
2024-12-04,898.049988,915.969971,898.049988,911.059998,,2689600.000000,NFLX
2024-12-05,917.849976,927.000000,911.109985,917.869995,,2835300.000000,NFLX
2024-12-06,915.229980,935.270020,912.710022,934.739990,,2955400.000000,NFLX
2024-12-09,928.000000,930.299988,902.590027,913.690002,,3350100.000000,NFLX
2024-12-10,913.760010,922.880005,909.580017,913.349976,,2388600.000000,NFLX
2024-12-11,924.710022,941.750000,923.080017,936.559998,,3501700.000000,NFLX
2024-12-12,933.349976,934.090027,922.599976,925.549988,,2486200.000000,NFLX
2024-12-13,916.809998,925.549988,909.609985,918.869995,,2485800.000000,NFLX
2024-12-16,923.940002,928.940002,919.500000,921.080017,,2674900.000000,NFLX
2024-12-17,921.539978,928.450012,916.419983,919.130005,,2459500.000000,NFLX
2024-12-18,919.130005,922.440002,886.559998,889.549988,,2938200.000000,NFLX
2024-12-19,908.179993,912.619995,899.000000,902.039978,,2815500.000000,NFLX
2024-12-20,893.210022,919.919983,890.489990,909.049988,,4530500.000000,NFLX
2024-12-23,913.419983,915.000000,899.099976,911.450012,,2339400.000000,NFLX
2024-12-24,915.000000,935.849976,911.700012,932.119995,,2320300.000000,NFLX
2024-12-26,928.400024,930.489990,915.299988,924.140015,,2340300.000000,NFLX
2024-12-27,916.010010,918.130005,894.500000,907.549988,,3226200.000000,NFLX
2024-12-30,894.510010,908.229980,889.710022,900.429993,,2203000.000000,NFLX
2024-01-02,100.431416,100.794838,98.800936,99.724220,,9020900.000000,TSM
2024-01-03,98.555387,99.449206,97.887489,98.388412,,6650600.000000,TSM
2024-01-04,97.759792,98.653611,97.357088,97.366905,,7996700.000000,TSM
2024-01-05,97.239220,98.850051,97.042780,97.838371,,7344900.000000,TSM
2024-01-08,98.840235,100.961821,98.712549,100.421600,,12455600.000000,TSM
2024-01-09,99.252756,100.156391,98.427692,100.077812,,7764000.000000,TSM
2024-01-10,100.696612,100.951990,98.201794,99.007210,,6975700.000000,TSM
2024-01-11,99.891197,100.343023,98.211612,99.419739,,7862700.000000,TSM
2024-01-12,99.095611,100.559108,99.075970,99.439384,,6514000.000000,TSM
2024-01-16,98.742001,100.529631,98.417869,99.861725,,11185500.000000,TSM
2024-01-17,99.075965,101.492211,98.221436,101.118965,,17649500.000000,TSM
2024-01-18,109.222237,111.373289,107.532835,111.019691,,58783700.000000,TSM
2024-01-19,111.206311,113.101985,109.045435,112.168877,,37737300.000000,TSM
2024-01-22,112.738567,113.052875,110.518760,111.019691,,17755500.000000,TSM
2024-01-23,111.500969,112.581411,111.147379,112.100121,,11667900.000000,TSM
2024-01-24,113.278794,116.736186,112.571599,114.447624,,21859200.000000,TSM
2024-01-25,115.920932,116.726348,114.408329,114.486900,,15485300.000000,TSM
2024-01-26,114.820856,115.940580,114.231529,115.174454,,10196400.000000,TSM
2024-01-29,115.086053,115.773607,113.701134,114.899437,,10042200.000000,TSM
2024-01-30,114.290464,115.911119,113.504689,113.995796,,11030800.000000,TSM
2024-01-31,111.481324,112.699268,110.872349,110.950928,,12853900.000000,TSM
2024-02-01,111.775995,112.001900,110.607157,111.373283,,8807600.000000,TSM
2024-02-02,112.817144,113.897579,111.893861,113.691315,,10042200.000000,TSM
2024-02-05,115.046759,117.413899,114.506546,116.677238,,13267600.000000,TSM
2024-02-06,117.983596,118.838118,116.176318,117.256752,,11503800.000000,TSM
2024-02-07,117.875550,122.776797,117.865725,122.757156,,18172500.000000,TSM
2024-02-08,124.741204,132.353364,123.867034,131.351501,,33367000.000000,TSM
2024-02-09,132.107846,132.765928,128.267384,130.742569,,16984200.000000,TSM
2024-02-12,130.899699,131.135420,127.943224,128.139679,,14203800.000000,TSM
2024-02-13,125.654679,127.609284,124.230472,125.281441,,14494000.000000,TSM
2024-02-14,127.324438,128.463795,125.684135,126.970840,,13069700.000000,TSM
2024-02-15,128.473639,128.797771,126.067216,126.735115,,12554000.000000,TSM
2024-02-16,124.868899,126.352044,123.572376,124.436729,,13091700.000000,TSM
2024-02-20,124.633166,124.800140,121.941901,123.100914,,12038800.000000,TSM
2024-02-21,122.216930,123.150030,120.723967,123.110741,,11578100.000000,TSM
2024-02-22,127.383367,129.141524,126.705637,126.774399,,17014100.000000,TSM
2024-02-23,128.178961,128.679884,125.458230,127.226212,,10123300.000000,TSM
2024-02-26,127.707514,128.895985,126.273475,128.316483,,9526700.000000,TSM
2024-02-27,128.444183,129.622838,126.302948,126.302948,,8851800.000000,TSM
2024-02-28,126.214547,126.293126,124.397452,125.114464,,6519100.000000,TSM
2024-02-29,125.752891,126.892263,124.888545,126.381508,,9369900.000000,TSM
2024-03-01,127.815542,134.219568,127.786076,131.518478,,24361700.000000,TSM
2024-03-04,137.451077,139.464619,135.231263,135.800949,,26544600.000000,TSM
2024-03-05,134.681228,134.985712,131.351522,132.569473,,13694700.000000,TSM
2024-03-06,136.331371,141.438883,136.144747,139.052109,,22292700.000000,TSM
2024-03-07,142.322847,148.903695,141.586186,146.546371,,34675700.000000,TSM
2024-03-08,151.162781,155.582746,142.352317,143.766708,,43771100.000000,TSM
2024-03-11,141.065632,141.831758,136.459044,136.547455,,29227100.000000,TSM
2024-03-12,141.949617,144.090837,138.069874,141.831741,,21218500.000000,TSM
2024-03-13,140.505757,140.682548,138.855629,139.611938,,12923100.000000,TSM
2024-03-14,140.073591,140.554881,136.547445,137.136765,,14961900.000000,TSM
2024-03-15,133.031113,135.250912,132.235522,134.543716,,22733000.000000,TSM
2024-03-18,138.245912,139.587149,134.725176,134.754761,,14732900.000000,TSM
2024-03-19,133.433261,134.389879,131.194576,133.009186,,17341100.000000,TSM
2024-03-20,134.646300,135.415537,133.147267,134.863266,,12750200.000000,TSM
2024-03-21,140.583236,140.632549,137.121654,137.526001,,17809400.000000,TSM
2024-03-22,137.476697,139.389933,137.190704,138.600967,,9935200.000000,TSM
2024-03-25,138.226216,139.725234,137.338624,138.295242,,9922200.000000,TSM
2024-03-26,138.669991,139.015168,136.727170,136.924408,,10786400.000000,TSM
2024-03-27,136.944136,137.358339,133.285316,134.804077,,13842800.000000,TSM
2024-03-28,133.808007,134.912565,133.571328,134.172913,,10019400.000000,TSM
2024-04-01,135.395793,140.987577,135.159114,139.537857,,14222700.000000,TSM
2024-04-02,138.443181,139.094064,137.427393,138.285385,,9869200.000000,TSM
2024-04-03,136.668005,140.957979,136.480624,140.040817,,9707500.000000,TSM
2024-04-04,142.013226,144.725284,137.506271,137.733109,,15759500.000000,TSM
2024-04-05,138.068401,140.040807,137.003300,139.409637,,8249500.000000,TSM
2024-04-08,143.236125,143.985634,140.790331,140.819916,,16307400.000000,TSM
2024-04-09,144.242041,146.125692,140.977711,143.393906,,18488000.000000,TSM
2024-04-10,144.606938,146.382091,143.255830,144.202591,,18861300.000000,TSM
2024-04-11,145.169067,145.524101,142.141432,145.169067,,11818800.000000,TSM
2024-04-12,142.999445,144.488606,140.188760,140.553665,,11981400.000000,TSM
2024-04-15,143.019157,143.472802,137.950075,138.206482,,13458800.000000,TSM
2024-04-16,135.987519,138.600951,135.168969,137.871170,,14218200.000000,TSM
2024-04-17,139.182818,140.602953,135.464829,137.111786,,18823200.000000,TSM
2024-04-18,131.056509,133.265609,128.502247,130.445068,,39306100.000000,TSM
2024-04-19,127.585067,129.734998,124.892738,125.938110,,28248000.000000,TSM
2024-04-22,125.001215,128.857272,124.044597,127.959824,,18556800.000000,TSM
2024-04-23,129.547618,131.865201,128.857279,131.589050,,12573800.000000,TSM
2024-04-24,134.212355,134.409592,129.725128,131.135406,,15558000.000000,TSM
2024-04-25,128.206400,135.938228,127.082129,134.695618,,18034300.000000,TSM
2024-04-26,134.922428,136.825808,134.074293,136.391876,,9453400.000000,TSM
2024-04-29,136.096025,136.737051,134.034864,136.589127,,9997100.000000,TSM
2024-04-30,136.036827,137.772538,135.366201,135.445099,,10980600.000000,TSM
2024-05-01,135.523995,137.506258,131.372090,133.078217,,12561800.000000,TSM
2024-05-02,133.729120,134.853391,131.381953,134.350418,,9261900.000000,TSM
2024-05-03,136.983584,140.149302,136.845517,139.606888,,13264300.000000,TSM
2024-05-06,138.531935,140.859375,137.881038,140.859375,,8601600.000000,TSM
2024-05-07,139.912610,140.326813,138.571373,139.163101,,8682900.000000,TSM
2024-05-08,139.163108,142.269642,138.857388,141.618759,,10202300.000000,TSM
2024-05-09,140.967855,141.372202,139.182830,140.819916,,8012700.000000,TSM
2024-05-10,145.188821,148.423566,144.902813,147.200668,,23671400.000000,TSM
2024-05-13,145.977772,146.391975,144.281501,144.389984,,8278700.000000,TSM
2024-05-14,144.468871,149.912701,144.232177,149.853531,,12316500.000000,TSM
2024-05-15,151.244070,153.847645,150.622757,153.433441,,14027100.000000,TSM
2024-05-16,151.973879,152.920625,150.109956,150.129669,,13394100.000000,TSM
2024-05-17,151.875248,151.875248,148.758843,149.587250,,7711200.000000,TSM
2024-05-20,149.577406,152.111955,148.739143,151.431473,,9261200.000000,TSM
2024-05-21,150.198727,151.865412,149.853550,151.549820,,7919400.000000,TSM
2024-05-22,153.729326,155.060691,152.407803,153.995590,,13455200.000000,TSM
2024-05-23,156.983768,158.561698,153.719439,154.922607,,20873000.000000,TSM
2024-05-24,155.031124,158.443393,154.547894,157.792496,,11895500.000000,TSM
2024-05-28,157.476866,158.167220,155.425577,157.210602,,13964400.000000,TSM
2024-05-29,154.587324,154.715535,151.096172,152.210571,,15780000.000000,TSM
2024-05-30,151.470907,151.924567,149.794365,150.849609,,9711000.000000,TSM
2024-05-31,149.390002,150.395933,145.770639,148.956070,,13782600.000000,TSM
2024-06-03,152.979786,154.981777,150.356498,152.812134,,12924400.000000,TSM
2024-06-04,151.283540,151.668159,148.906802,150.366379,,10066700.000000,TSM
2024-06-05,156.401920,161.471002,155.770750,160.672180,,23192600.000000,TSM
2024-06-06,162.250118,162.427627,158.147510,159.833923,,14819100.000000,TSM
2024-06-07,161.313224,163.828029,159.725437,162.121902,,14023300.000000,TSM
2024-06-10,161.737297,167.496719,160.179094,165.839905,,12438400.000000,TSM
2024-06-11,165.859614,166.086451,161.530183,163.423706,,11508600.000000,TSM
2024-06-12,170.968146,173.630891,169.173249,170.593384,,20309500.000000,TSM
2024-06-13,171.101883,172.209925,168.687954,171.062317,,15591800.000000,TSM
2024-06-14,170.162051,171.784525,168.539576,170.666595,,9192500.000000,TSM
2024-06-17,175.939634,176.760766,171.626223,175.346054,,18593700.000000,TSM
2024-06-18,178.096342,182.884619,177.077350,177.769867,,27155100.000000,TSM
2024-06-20,180.628995,181.212687,171.646020,173.505936,,28403200.000000,TSM
2024-06-21,170.864462,175.583480,170.369805,172.101105,,20271300.000000,TSM
2024-06-24,168.608798,169.588225,165.334171,166.016800,,19741700.000000,TSM
2024-06-25,168.133954,170.795212,167.203996,170.755646,,13481000.000000,TSM
2024-06-26,170.280762,171.833992,168.381280,170.231308,,11901500.000000,TSM
2024-06-27,171.932913,173.604856,169.321124,169.796005,,10864600.000000,TSM
2024-06-28,170.963384,174.930543,170.963384,171.952698,,11216100.000000,TSM
2024-07-01,172.378119,173.426790,168.628610,170.488525,,10717000.000000,TSM
2024-07-02,169.301337,174.821711,169.202399,173.822495,,10655500.000000,TSM
2024-07-03,176.088034,180.539948,175.979209,180.539948,,11808700.000000,TSM
2024-07-05,182.172317,183.102275,180.351982,182.023926,,11372900.000000,TSM
2024-07-08,187.969711,190.739794,183.151756,184.635727,,22582400.000000,TSM
2024-07-09,186.080107,186.426373,180.549845,182.548264,,19935200.000000,TSM
2024-07-10,186.268079,189.374525,184.704961,189.008484,,19293500.000000,TSM
2024-07-11,191.026678,191.402623,181.054389,182.528473,,21584200.000000,TSM
2024-07-12,181.113759,188.345643,180.797171,185.348022,,19220300.000000,TSM
2024-07-15,186.663802,188.029061,182.112966,183.240784,,15683100.000000,TSM
2024-07-16,186.258183,187.564070,183.042912,184.052002,,16663300.000000,TSM
2024-07-17,173.347638,174.693106,168.687961,169.370590,,45052600.000000,TSM
2024-07-18,173.624647,176.780562,162.752079,170.033432,,52903600.000000,TSM
2024-07-19,167.362274,168.697854,163.454486,163.998611,,22585300.000000,TSM
2024-07-22,164.829648,169.054024,164.404235,167.540375,,21037200.000000,TSM
2024-07-23,167.609606,169.706947,166.175103,168.005341,,11690700.000000,TSM
2024-07-24,163.325873,163.682026,157.884645,158.092407,,19536600.000000,TSM
2024-07-25,156.469935,161.653931,150.484581,158.567276,,25731800.000000,TSM
2024-07-26,162.544331,162.831226,157.488935,160.209549,,13089200.000000,TSM
2024-07-29,160.941623,161.485748,156.934912,158.300156,,12663100.000000,TSM
2024-07-30,158.725574,159.427978,150.919885,152.888611,,22018000.000000,TSM
2024-07-31,162.019983,164.869198,160.338152,164.028290,,19860400.000000,TSM
2024-08-01,161.733084,165.878313,155.164038,156.489716,,21095600.000000,TSM
2024-08-02,149.633783,152.215894,145.320372,148.258636,,31095300.000000,TSM
2024-08-05,132.429600,148.397131,132.142706,146.369034,,31193100.000000,TSM
2024-08-06,148.832421,156.024739,146.141485,153.729523,,24528100.000000,TSM
2024-08-07,159.823700,160.911936,152.868823,153.383255,,22379000.000000,TSM
2024-08-08,157.568079,162.989516,153.877926,162.791656,,18889600.000000,TSM
2024-08-09,164.542728,166.006909,161.495639,165.334167,,20519400.000000,TSM
2024-08-12,164.226158,167.718436,163.771067,165.838745,,14727300.000000,TSM
2024-08-13,166.204793,170.607238,164.562528,170.498413,,15243500.000000,TSM
2024-08-14,170.043326,170.666584,165.403440,168.153732,,11510300.000000,TSM
2024-08-15,170.587440,173.565286,168.994659,172.101105,,15393500.000000,TSM
2024-08-16,171.537191,173.129987,170.409373,172.674896,,10710000.000000,TSM
2024-08-19,172.892536,173.575165,169.271657,173.575165,,11511000.000000,TSM
2024-08-20,173.525711,173.525711,168.035029,170.201614,,13555500.000000,TSM
2024-08-21,168.539571,171.230507,168.094383,169.608032,,9434800.000000,TSM
2024-08-22,170.162053,171.428374,164.285524,164.661469,,13546100.000000,TSM
2024-08-23,167.194102,171.438254,166.125641,169.449738,,12189100.000000,TSM
2024-08-26,168.559366,169.222205,166.026724,167.263367,,9611300.000000,TSM
2024-08-27,164.641681,168.757233,163.276423,168.727554,,9186000.000000,TSM
2024-08-28,169.489324,170.627030,164.424025,167.391968,,10581400.000000,TSM
2024-08-29,166.847842,173.545503,165.720024,167.342499,,13213200.000000,TSM
2024-08-30,168.242760,170.389570,166.946761,169.865234,,9481400.000000,TSM
2024-09-03,166.204784,166.877510,158.092410,158.775040,,18464400.000000,TSM
2024-09-04,157.597755,162.128816,157.251489,159.150970,,11317400.000000,TSM
2024-09-05,159.813807,162.831218,159.329053,161.950729,,10260600.000000,TSM
2024-09-06,163.128014,163.642462,154.342899,155.144257,,14964400.000000,TSM
2024-09-09,159.042154,161.357161,158.537609,161.040573,,10339000.000000,TSM
2024-09-10,161.149381,161.149381,156.004951,160.694290,,11910800.000000,TSM
2024-09-11,162.049667,168.559356,159.695094,168.410950,,15059500.000000,TSM
2024-09-12,169.399958,170.939042,167.811206,170.224106,,13415500.000000,TSM
2024-09-13,171.028410,173.540612,170.243958,171.286575,,8787800.000000,TSM
2024-09-16,168.714804,169.360225,165.596892,167.890640,,12194300.000000,TSM
2024-09-17,168.158753,169.042491,165.189780,166.172821,,8629100.000000,TSM
2024-09-18,167.275009,170.392921,165.825273,166.103302,,9116000.000000,TSM
2024-09-19,173.153370,176.529447,171.415680,174.980423,,15855000.000000,TSM
2024-09-20,173.639920,174.781840,172.428501,172.855484,,18429800.000000,TSM
2024-09-23,173.610109,174.166168,172.478129,173.530670,,5794200.000000,TSM
2024-09-24,178.237345,181.494272,175.804582,180.689972,,14576100.000000,TSM
2024-09-25,180.243143,182.526967,179.935326,181.067307,,8280900.000000,TSM
2024-09-26,187.174044,187.998207,182.507108,185.515793,,15103400.000000,TSM
2024-09-27,184.532744,184.632047,176.152111,176.718109,,17908400.000000,TSM
2024-09-30,173.044150,175.576216,170.720598,172.448364,,13540200.000000,TSM
2024-10-01,174.076818,174.752043,169.578685,170.859619,,11850200.000000,TSM
2024-10-02,171.743366,175.725153,169.588617,174.563385,,11164400.000000,TSM
2024-10-03,174.563362,179.518251,173.888137,178.217468,,12555000.000000,TSM
2024-10-04,178.435944,179.955181,176.301074,179.885681,,9993800.000000,TSM
2024-10-07,180.322578,183.698656,179.657278,183.212097,,12054200.000000,TSM
2024-10-08,183.658943,185.227815,180.749546,184.741272,,10394200.000000,TSM
2024-10-09,186.478954,186.677544,180.977916,185.823593,,11925000.000000,TSM
2024-10-10,184.552599,185.764018,183.102862,184.473160,,6443800.000000,TSM
2024-10-11,186.846360,190.143013,186.687482,189.467789,,12163900.000000,TSM
2024-10-14,189.269190,192.883584,189.159963,190.857941,,11714400.000000,TSM
2024-10-15,191.602667,192.258013,182.953929,185.813675,,21812700.000000,TSM
2024-10-16,188.445033,188.673411,185.346985,186.161209,,18689200.000000,TSM
2024-10-17,201.919584,211.104517,200.549287,204.392059,,62274700.000000,TSM
2024-10-18,204.501292,204.501292,199.347797,199.367661,,21030800.000000,TSM
2024-10-21,199.397439,202.008943,198.255534,200.529419,,14820000.000000,TSM
2024-10-22,197.669693,198.761946,195.723474,197.083832,,11165100.000000,TSM
2024-10-23,195.296493,201.701134,194.849662,199.447098,,16535700.000000,TSM
2024-10-24,197.560473,199.089634,196.021373,196.537704,,9935800.000000,TSM
2024-10-25,198.841394,203.756571,198.593152,202.008957,,13434900.000000,TSM
2024-10-28,197.858347,198.334981,193.151699,193.310562,,20135300.000000,TSM
2024-10-29,193.022607,197.391650,192.238170,195.554672,,13779100.000000,TSM
2024-10-30,193.012682,194.075147,191.255128,193.111969,,10007800.000000,TSM
2024-10-31,191.503364,191.503364,186.339946,189.199677,,13062700.000000,TSM
2024-11-01,192.833935,196.776010,191.195547,191.592728,,12691200.000000,TSM
2024-11-04,192.337455,192.992816,189.259271,190.212509,,10917300.000000,TSM
2024-11-05,192.218307,196.944818,192.128944,194.382965,,10339200.000000,TSM
2024-11-06,190.689132,192.893518,187.174040,191.860840,,19834900.000000,TSM
2024-11-07,194.929103,200.589004,194.869527,199.774780,,14865200.000000,TSM
2024-11-08,202.455763,205.156631,198.612991,199.784683,,13112100.000000,TSM
2024-11-11,196.567497,196.805799,190.143008,192.684998,,16610000.000000,TSM
2024-11-12,192.466543,192.635345,188.385453,190.421036,,11819000.000000,TSM
2024-11-13,191.086326,191.126037,185.188107,185.346985,,13882200.000000,TSM
2024-11-14,187.074739,191.304783,186.220788,187.174042,,11453900.000000,TSM
2024-11-15,186.856287,187.471936,183.509997,184.701553,,9834800.000000,TSM
2024-11-18,183.053237,186.677556,182.199286,186.161209,,10694000.000000,TSM
2024-11-19,187.799605,188.683344,186.697413,188.335800,,9390100.000000,TSM
2024-11-20,187.521578,187.521578,182.765263,187.035019,,10624500.000000,TSM
2024-11-21,188.077646,190.947317,185.426430,189.894775,,18137300.000000,TSM
2024-11-22,191.592727,191.642378,188.097483,188.742920,,8838900.000000,TSM
2024-11-25,186.766928,186.925806,182.417748,183.778107,,14380000.000000,TSM
2024-11-26,184.095838,184.592321,181.047441,182.546814,,10186600.000000,TSM
2024-11-27,180.719766,181.166598,176.797554,179.915466,,9895200.000000,TSM
2024-11-29,180.233202,185.634938,179.905522,183.361053,,8045300.000000,TSM
2024-12-02,188.008128,193.916271,187.610947,193.032532,,16646900.000000,TSM
2024-12-03,192.138867,197.600178,191.245204,197.490952,,11217700.000000,TSM
2024-12-04,198.444202,201.174858,196.875315,199.278290,,12761100.000000,TSM
2024-12-05,199.834336,204.183531,199.337853,202.862885,,12483700.000000,TSM
2024-12-06,200.579074,201.760706,198.523628,201.591904,,9672900.000000,TSM
2024-12-09,199.516596,201.701133,197.580316,197.768982,,9699700.000000,TSM
2024-12-10,197.699466,198.503766,189.030865,190.589828,,15307900.000000,TSM
2024-12-11,193.300640,194.621286,191.900555,193.231140,,9027600.000000,TSM
2024-12-12,193.874629,194.661557,190.547581,190.716934,,7944900.000000,TSM
2024-12-13,197.739560,201.753918,196.504382,200.209946,,19477000.000000,TSM
2024-12-16,202.411358,204.702434,200.090399,201.435165,,15139300.000000,TSM
2024-12-17,200.219902,201.614463,196.703604,199.881226,,11169400.000000,TSM
2024-12-18,202.212137,204.443449,193.207229,194.801010,,14721100.000000,TSM
2024-12-19,197.629984,197.799338,193.197258,193.884583,,10553400.000000,TSM
2024-12-20,191.852502,197.311229,191.234898,196.444611,,16170100.000000,TSM
2024-12-23,200.219905,207.242546,200.130258,206.555222,,17847000.000000,TSM
2024-12-24,205.120808,206.395839,203.756130,205.529221,,7634500.000000,TSM
2024-12-26,204.702429,207.352109,202.102558,202.271896,,8044900.000000,TSM
2024-12-27,203.706314,203.706314,198.277469,200.847458,,10664400.000000,TSM
2024-12-30,199.064390,201.186129,197.709668,199.612259,,11235200.000000,TSM
2024-01-02,56.639401,57.679718,56.514177,57.621922,,16322600.000000,KO
2024-01-03,57.727882,57.987962,57.564127,57.756779,,14830600.000000,KO
2024-01-04,57.843474,58.045756,57.467805,57.564129,,12912900.000000,KO
2024-01-05,57.602660,57.747150,56.918750,57.477436,,10411400.000000,KO
2024-01-08,57.487068,57.968696,57.236620,57.901268,,11554600.000000,KO
2024-01-09,57.785676,57.930162,57.429269,57.795307,,10493700.000000,KO
2024-01-10,58.007226,58.190244,57.776044,57.987961,,12258000.000000,KO
2024-01-11,58.036120,58.045751,57.496696,57.612289,,13754200.000000,KO
2024-01-12,57.872364,58.238398,57.670078,58.170971,,13216900.000000,KO
2024-01-16,58.170979,58.209510,57.650820,57.785679,,11826900.000000,KO
2024-01-17,57.660455,57.997593,57.621924,57.785679,,8982100.000000,KO
2024-01-18,57.496697,58.016856,57.342577,57.949429,,10397700.000000,KO
2024-01-19,58.045758,58.065023,57.448540,57.631561,,14193100.000000,KO
2024-01-22,57.564124,57.862735,57.255883,57.381107,,14314300.000000,KO
2024-01-23,57.342577,57.795308,57.275149,57.650818,,14481600.000000,KO
2024-01-24,57.602658,57.612292,56.726096,56.745361,,16370500.000000,KO
2024-01-25,56.841686,56.995806,56.504548,56.986176,,14899700.000000,KO
2024-01-26,57.072868,57.304051,56.957278,57.188457,,13025100.000000,KO
2024-01-29,57.159564,57.593029,56.995808,57.535233,,14547100.000000,KO
2024-01-30,57.650817,57.814572,57.265517,57.698982,,22061500.000000,KO
2024-01-31,57.891637,58.228778,57.111402,57.304054,,22837000.000000,KO
2024-02-01,57.381110,58.768196,57.178827,58.739300,,15870900.000000,KO
2024-02-02,58.585182,58.633344,58.016861,58.315472,,17543500.000000,KO
2024-02-05,58.161346,58.161346,57.679719,57.833839,,12759600.000000,KO
2024-02-06,57.756780,57.843473,57.487070,57.737514,,12775200.000000,KO
2024-02-07,57.862737,57.997593,57.737513,57.785679,,10259900.000000,KO
2024-02-08,57.689354,57.766416,57.226992,57.631561,,12874800.000000,KO
2024-02-09,57.284786,57.390745,56.860951,57.371479,,15235300.000000,KO
2024-02-12,57.467801,57.564125,56.793522,57.506332,,13516800.000000,KO
2024-02-13,57.313683,58.431059,56.629773,57.169193,,24195700.000000,KO
2024-02-14,56.995807,57.400376,56.870587,57.111401,,15872500.000000,KO
2024-02-15,57.236623,57.400379,56.957282,57.217361,,13695800.000000,KO
2024-02-16,57.169191,57.429270,56.793522,57.207722,,13943300.000000,KO
2024-02-20,57.410003,58.604441,57.323309,58.469585,,18339300.000000,KO
2024-02-21,58.748932,59.028274,58.594812,58.989746,,14378300.000000,KO
2024-02-22,58.748933,58.999377,58.276936,58.903053,,12982800.000000,KO
2024-02-23,58.845255,59.355779,58.758562,58.951214,,13612900.000000,KO
2024-02-26,58.989745,59.018642,58.431056,58.479218,,10336100.000000,KO
2024-02-27,58.315470,58.546649,57.910901,58.122818,,9931100.000000,KO
2024-02-28,58.151711,58.267304,57.853104,58.180611,,8076500.000000,KO
2024-02-29,58.132451,58.411796,57.698989,57.814579,,18152700.000000,KO
2024-03-01,57.698982,57.698982,57.159558,57.342575,,10924800.000000,KO
2024-03-04,57.053600,57.747145,57.043969,57.612289,,10150200.000000,KO
2024-03-05,57.708616,57.901267,57.236619,57.332947,,12310000.000000,KO
2024-03-06,57.332943,57.795305,57.198088,57.361839,,12378800.000000,KO
2024-03-07,57.496700,57.573762,57.063238,57.255886,,13686900.000000,KO
2024-03-08,57.121029,57.593026,56.803157,57.332947,,13237500.000000,KO
2024-03-11,57.583389,58.074651,57.390741,58.026489,,14114300.000000,KO
2024-03-12,58.103549,58.517749,57.997591,58.276936,,12684600.000000,KO
2024-03-13,58.642974,58.960846,58.565912,58.874153,,13909500.000000,KO
2024-03-14,58.820755,59.034364,58.645982,58.743076,,13996600.000000,KO
2024-03-15,58.277017,58.694530,57.908051,58.141083,,36848900.000000,KO
2024-03-18,58.150791,58.645983,58.063405,58.383823,,15856700.000000,KO
2024-03-19,58.490631,58.597433,58.315857,58.480919,,15030600.000000,KO
2024-03-20,58.432370,59.044076,58.412950,58.985817,,15258800.000000,KO
2024-03-21,58.801338,59.218851,58.568306,58.713951,,13067100.000000,KO
2024-03-22,58.762496,59.024655,58.675109,58.733368,,11501400.000000,KO
2024-03-25,58.723656,58.946976,58.374110,58.645981,,13144700.000000,KO
2024-03-26,58.743078,58.946979,58.626564,58.781918,,13277400.000000,KO
2024-03-27,59.024654,59.646068,58.937268,59.257683,,12551200.000000,KO
2024-03-28,59.364492,59.481007,59.228559,59.403332,,13683500.000000,KO
2024-04-01,59.403327,59.519841,58.869299,58.917847,,11668700.000000,KO
2024-04-02,58.694527,58.966395,58.364401,58.403240,,13017300.000000,KO
2024-04-03,58.306146,58.636272,58.043986,58.092537,,13672900.000000,KO
2024-04-04,58.344982,58.403241,57.451697,57.577923,,14320700.000000,KO
2024-04-05,57.529378,57.946891,57.199252,57.781826,,10156200.000000,KO
2024-04-08,57.675020,57.742987,57.354601,57.548794,,10284500.000000,KO
2024-04-09,57.752697,58.005149,57.412863,57.985729,,10792100.000000,KO
2024-04-10,57.597343,57.665310,56.985637,57.208958,,11861900.000000,KO
2024-04-11,57.432284,57.645893,57.082738,57.335186,,11109000.000000,KO
2024-04-12,57.238089,57.296344,56.441902,56.587543,,12246700.000000,KO
2024-04-15,56.907963,57.102156,56.354516,56.451611,,12425000.000000,KO
2024-04-16,56.558417,56.684643,56.247710,56.373936,,11236800.000000,KO
2024-04-17,56.587547,56.859418,56.412774,56.810867,,13805100.000000,KO
2024-04-18,56.917670,57.267216,56.839995,57.199249,,11125900.000000,KO
2024-04-19,57.383730,58.607142,57.286636,58.422657,,21206200.000000,KO
2024-04-22,58.393529,58.869301,57.985727,58.791622,,15624500.000000,KO
2024-04-23,58.772199,58.917845,58.383818,58.879005,,13689100.000000,KO
2024-04-24,58.568304,59.859683,58.102244,59.762585,,19548300.000000,KO
2024-04-25,60.073289,60.772382,59.587809,59.947067,,19048500.000000,KO
2024-04-26,59.762583,60.131548,59.568390,59.947067,,10994300.000000,KO
2024-04-29,60.121836,60.248062,59.743162,60.238354,,13409300.000000,KO
2024-04-30,60.335447,61.005411,59.684905,59.976192,,19349200.000000,KO
2024-05-01,60.005324,60.752964,59.432457,60.131550,,16729800.000000,KO
2024-05-02,60.374289,60.587901,59.927648,60.189808,,10991300.000000,KO
2024-05-03,60.189805,60.519932,59.849967,60.364574,,11628700.000000,KO
2024-05-06,60.490805,60.568484,60.102423,60.539352,,9310700.000000,KO
2024-05-07,60.937444,60.995703,60.442256,60.801510,,9807000.000000,KO
2024-05-08,61.024830,61.141348,60.665576,61.024830,,10484400.000000,KO
2024-05-09,60.985992,61.316119,60.927733,61.053959,,9113700.000000,KO
2024-05-10,61.092798,61.520022,60.966575,61.422924,,8371700.000000,KO
2024-05-13,61.403512,61.772474,61.345253,61.733639,,10137600.000000,KO
2024-05-14,61.733635,61.908404,60.976283,61.267570,,10852200.000000,KO
2024-05-15,61.228733,61.549147,61.170474,61.296700,,9838900.000000,KO
2024-05-16,61.403511,61.879279,61.238446,61.481186,,10228000.000000,KO
2024-05-17,61.500607,61.529734,61.112221,61.199608,,11539000.000000,KO
2024-05-20,61.102506,61.180181,60.646154,60.752960,,11000900.000000,KO
2024-05-21,60.995701,61.151055,60.626736,61.083088,,9796200.000000,KO
2024-05-22,60.888896,61.189895,60.840348,61.170475,,7419400.000000,KO
2024-05-23,60.675289,61.053963,60.248064,60.286903,,9834300.000000,KO
2024-05-24,60.413132,60.607322,60.170392,60.199520,,8200700.000000,KO
2024-05-28,59.995615,60.325741,59.616941,60.024742,,12347000.000000,KO
2024-05-29,59.684909,60.083003,59.296524,59.908230,,11861800.000000,KO
2024-05-30,60.053869,60.277193,59.811129,60.170387,,9436800.000000,KO
2024-05-31,60.189808,61.199603,59.898517,61.102509,,19816600.000000,KO
2024-06-03,60.888896,61.257862,60.636448,61.102509,,9369000.000000,KO
2024-06-04,61.364671,62.112311,61.112219,62.083179,,11895600.000000,KO
2024-06-05,62.131733,62.209408,61.510316,62.063763,,9632500.000000,KO
2024-06-06,62.063759,62.490983,61.986084,62.287083,,8658500.000000,KO
2024-06-07,62.228820,62.355049,61.956956,62.054050,,9523100.000000,KO
2024-06-10,62.083174,62.131725,61.529727,61.743340,,15687100.000000,KO
2024-06-11,61.743341,61.801600,61.238442,61.704502,,8396000.000000,KO
2024-06-12,61.840434,61.840434,60.869474,61.053959,,9569600.000000,KO
2024-06-13,61.034545,61.209318,60.636451,61.160770,,9668900.000000,KO
2024-06-14,61.038450,61.341781,60.754686,61.204792,,8179200.000000,KO
2024-06-17,61.028665,61.547270,60.842753,61.273289,,10532700.000000,KO
2024-06-18,61.185229,61.468994,61.097165,61.283081,,10651700.000000,KO
2024-06-20,61.058024,61.390712,60.617701,60.842754,,13306300.000000,KO
2024-06-21,60.842755,61.742968,60.842755,61.420067,,28282200.000000,KO
2024-06-24,61.635338,62.682322,61.557056,62.594261,,13212500.000000,KO
2024-06-25,62.564904,62.692109,62.144151,62.467056,,10546800.000000,KO
2024-06-26,62.036520,62.731250,61.870174,62.672543,,9402500.000000,KO
2024-06-27,62.672541,62.887804,62.251785,62.535549,,8494100.000000,KO
2024-06-28,62.525767,62.682322,62.153938,62.281143,,17358800.000000,KO
2024-07-01,62.652972,62.917170,61.762543,61.919102,,10033400.000000,KO
2024-07-02,61.899524,62.016946,61.508129,61.791893,,8878200.000000,KO
2024-07-03,61.831037,62.300713,61.576630,61.968029,,9154200.000000,KO
2024-07-05,61.968022,62.418128,61.645117,62.388771,,11735500.000000,KO
2024-07-08,62.222428,62.222428,61.488558,61.605976,,11235100.000000,KO
2024-07-09,61.703831,61.870173,61.243938,61.341785,,11657500.000000,KO
2024-07-10,61.371144,61.508132,60.950391,61.478779,,11930400.000000,KO
2024-07-11,61.292859,62.095224,61.058023,61.742966,,11431600.000000,KO
2024-07-12,62.095226,62.731249,62.026732,62.330067,,9201500.000000,KO
2024-07-15,62.418132,62.564903,61.987592,62.046303,,8207500.000000,KO
2024-07-16,62.065875,62.926947,62.026734,62.887806,,9025100.000000,KO
2024-07-17,63.083511,63.983724,63.024804,63.807594,,12508200.000000,KO
2024-07-18,63.406417,64.394690,63.328135,63.788029,,11128200.000000,KO
2024-07-19,64.228347,64.228347,63.425982,63.885876,,13775700.000000,KO
2024-07-22,63.846729,63.885870,62.936729,63.377048,,11794200.000000,KO
2024-07-23,64.022863,64.619745,63.455334,63.562969,,11810300.000000,KO
2024-07-24,63.690167,64.551246,63.435764,64.394684,,13244600.000000,KO
2024-07-25,64.619748,65.451466,64.443618,64.649101,,16328600.000000,KO
2024-07-26,64.649097,65.666732,64.590390,65.608025,,13530100.000000,KO
2024-07-29,65.441666,65.588442,64.962206,65.392746,,12140200.000000,KO
2024-07-30,65.050282,66.371248,64.932860,66.224472,,13258000.000000,KO
2024-07-31,66.048345,66.155980,65.177486,65.304688,,15576800.000000,KO
2024-08-01,65.559098,66.645227,65.265547,66.498451,,16495900.000000,KO
2024-08-02,67.056191,68.171674,66.234260,67.838989,,22514800.000000,KO
2024-08-05,67.506296,68.054258,66.273399,66.635437,,25484300.000000,KO
2024-08-06,66.684365,67.359521,66.312533,66.586517,,12969100.000000,KO
2024-08-07,66.586515,67.692211,66.371245,66.987694,,13365300.000000,KO
2024-08-08,66.537588,67.379094,66.390813,67.251892,,15240900.000000,KO
2024-08-09,67.222531,67.310600,66.782212,67.202965,,12080400.000000,KO
2024-08-12,66.977911,67.065979,66.371249,66.703934,,11012300.000000,KO
2024-08-13,66.615869,67.134469,66.547375,66.987694,,9877600.000000,KO
2024-08-14,66.762646,67.408449,66.664791,67.105118,,14328000.000000,KO
2024-08-15,67.144261,67.437805,67.026839,67.173615,,11285100.000000,KO
2024-08-16,67.359523,67.809637,67.163827,67.692215,,12651200.000000,KO
2024-08-19,67.858559,67.927053,67.369312,67.496521,,9843900.000000,KO
2024-08-20,67.506297,67.897696,67.291027,67.887909,,11957400.000000,KO
2024-08-21,67.985761,68.621776,67.838986,68.073822,,8792400.000000,KO
2024-08-22,68.416297,68.416297,67.310602,67.838989,,12509200.000000,KO
2024-08-23,67.907481,68.347800,67.457375,68.289093,,11834700.000000,KO
2024-08-26,68.328239,69.394794,68.230392,69.316513,,12912200.000000,KO
2024-08-27,69.786182,69.991664,69.521992,69.962311,,16988400.000000,KO
2024-08-28,70.069951,70.265647,69.766620,70.206940,,13272600.000000,KO
2024-08-29,70.353720,70.666838,69.698131,70.500496,,17201700.000000,KO
2024-08-30,70.647256,71.009301,70.236290,70.911453,,18624200.000000,KO
2024-09-03,70.882101,71.713819,70.696185,71.439842,,14755800.000000,KO
2024-09-04,71.723603,71.948652,70.363497,70.999512,,18140800.000000,KO
2024-09-05,71.058233,71.116940,69.453503,69.639412,,23866100.000000,KO
2024-09-06,69.463286,70.128662,69.365438,69.610062,,17485700.000000,KO
2024-09-09,69.698133,70.754901,69.453509,70.304794,,12939300.000000,KO
2024-09-10,70.422204,70.862523,69.981877,70.011238,,10277600.000000,KO
2024-09-11,69.825338,69.835125,69.052327,69.551361,,11418200.000000,KO
2024-09-12,69.473078,69.844904,69.140394,69.698135,,12340800.000000,KO
2024-09-13,69.791722,70.412404,69.437056,70.353294,,11073800.000000,KO
2024-09-16,70.707955,71.171001,70.560181,71.033073,,10786500.000000,KO
2024-09-17,70.836037,71.279375,70.658700,70.737518,,12974400.000000,KO
2024-09-18,70.826183,71.308930,70.215355,70.688255,,10719700.000000,KO
2024-09-19,70.501059,70.875441,69.555266,69.574974,,13635600.000000,KO
2024-09-20,69.368085,70.737516,69.338523,70.579880,,48578500.000000,KO
2024-09-23,70.491212,71.131587,70.126684,70.668549,,11613000.000000,KO
2024-09-24,70.166095,70.757214,69.555267,70.274467,,13330600.000000,KO
2024-09-25,70.648840,70.855731,70.254757,70.392685,,12329100.000000,KO
2024-09-26,69.811420,70.550321,69.791711,70.343430,,10815200.000000,KO
2024-09-27,70.481361,71.131590,70.402543,70.727661,,11175700.000000,KO
2024-09-30,70.934559,71.131596,70.629148,70.796631,,18015300.000000,KO
2024-10-01,71.033078,71.673461,70.570032,70.648849,,13294500.000000,KO
2024-10-02,70.333580,70.372989,69.368086,69.959206,,11155500.000000,KO
2024-10-03,69.811421,69.939494,69.161184,69.476448,,9374800.000000,KO
2024-10-04,68.924738,69.240003,68.688292,69.131630,,12684800.000000,KO
2024-10-07,69.013411,69.062667,67.850872,67.988800,,14512000.000000,KO
2024-10-08,68.018360,68.412443,67.841024,68.156288,,13549700.000000,KO
2024-10-09,68.166138,68.707995,68.047911,68.540512,,9037700.000000,KO
2024-10-10,68.796669,68.875487,67.969096,68.225250,,8635200.000000,KO
2024-10-11,68.432139,68.560213,67.978947,68.540512,,8786300.000000,KO
2024-10-14,68.540516,69.427199,68.441997,69.299118,,7659300.000000,KO
2024-10-15,69.417345,70.156247,69.121789,69.299118,,10358700.000000,KO
2024-10-16,69.052811,69.653785,68.934591,69.525711,,7937300.000000,KO
2024-10-17,69.584824,69.643942,68.550367,68.865631,,14674600.000000,KO
2024-10-18,68.836079,69.506017,68.579924,69.397644,,15087500.000000,KO
2024-10-21,68.964151,69.289270,68.284359,68.422287,,11981200.000000,KO
2024-10-22,67.978949,68.717851,67.663685,68.422287,,18603300.000000,KO
2024-10-23,65.998691,67.683385,65.594762,67.003601,,24655200.000000,KO
2024-10-24,66.648927,67.033155,65.959281,66.304108,,17568800.000000,KO
2024-10-25,66.077507,66.698182,65.801652,65.929726,,11138100.000000,KO
2024-10-28,65.969135,66.402627,65.614462,65.683426,,10761400.000000,KO
2024-10-29,65.309052,65.358308,64.550442,64.589851,,16525900.000000,KO
2024-10-30,64.540598,65.555355,64.353407,64.944527,,14177800.000000,KO
2024-10-31,64.836153,65.013489,64.294296,64.343552,,13383700.000000,KO
2024-11-01,64.501189,64.688379,63.929770,64.047997,,12163100.000000,KO
2024-11-04,64.116960,64.451925,63.693323,64.146515,,10984500.000000,KO
2024-11-05,63.683463,64.501183,63.683463,64.402664,,8780200.000000,KO
2024-11-06,63.466721,63.900212,62.245072,62.757378,,22899300.000000,KO
2024-11-07,63.338646,63.437165,62.658855,62.717968,,14856100.000000,KO
2024-11-08,62.964271,63.289385,62.796788,62.974121,,14719300.000000,KO
2024-11-11,63.043087,63.171165,62.314036,62.422409,,13980900.000000,KO
2024-11-12,62.737671,62.806635,62.185956,62.264774,,15021000.000000,KO
2024-11-13,62.116993,62.323885,61.565282,62.067734,,13177600.000000,KO
2024-11-14,62.176104,62.176104,61.506166,61.624390,,15910800.000000,KO
2024-11-15,61.565283,61.703211,60.481559,60.826382,,26284300.000000,KO
2024-11-18,60.934753,61.220462,60.649047,60.944607,,16079400.000000,KO
2024-11-19,60.984015,61.693358,60.718010,61.663803,,16254800.000000,KO
2024-11-20,61.772178,62.077589,61.102241,62.057888,,18904900.000000,KO
2024-11-21,62.215516,62.865749,62.018475,62.816486,,17292300.000000,KO
2024-11-22,63.289385,63.525839,62.708120,62.974121,,19562200.000000,KO
2024-11-25,63.368201,63.752429,62.895305,63.427311,,36805300.000000,KO
2024-11-26,63.358345,63.683464,63.112045,63.594799,,14473300.000000,KO
2024-11-27,63.998730,64.136658,63.299237,63.476574,,13263400.000000,KO
2024-11-29,63.551019,63.779337,63.302854,63.610584,,10648400.000000,KO
2024-12-02,63.580806,63.719780,62.885930,63.183735,,16500100.000000,KO
2024-12-03,63.253223,63.610587,62.568275,63.054688,,24874500.000000,KO
2024-12-04,62.816442,62.885928,61.446553,61.754280,,28137700.000000,KO
2024-12-05,62.012379,62.657615,61.645087,62.459080,,21040400.000000,KO
2024-12-06,62.369743,62.895859,62.052084,62.071938,,15581100.000000,KO
2024-12-09,62.230763,62.469007,61.446553,62.141422,,22348300.000000,KO
2024-12-10,62.240693,62.578203,61.337359,62.449154,,14949400.000000,KO
2024-12-11,62.538497,63.163883,61.942893,62.181133,,32819000.000000,KO
2024-12-12,63.084465,63.451753,62.756884,63.372341,,17542100.000000,KO
2024-12-13,63.104320,63.372343,62.647691,62.657616,,13429000.000000,KO
2024-12-16,62.766808,63.392194,61.893254,62.091789,,24559700.000000,KO
2024-12-17,61.992524,63.084465,61.863476,62.935566,,21902400.000000,KO
2024-12-18,62.349887,63.173805,62.330033,62.389591,,20946100.000000,KO
2024-12-19,62.240696,62.707250,61.942894,61.992527,,21300600.000000,KO
2024-12-20,62.012377,62.598055,61.823767,62.091789,,42458100.000000,KO
2024-12-23,62.042158,62.300252,61.079263,61.923038,,13010800.000000,KO
2024-12-24,61.744358,62.379669,61.555747,62.379669,,5019100.000000,KO
2024-12-26,62.161278,62.280401,61.942892,62.111645,,7943800.000000,KO
2024-12-27,61.992527,62.488864,61.754283,61.992527,,8542800.000000,KO
2024-12-30,61.883330,61.883330,61.228165,61.575600,,8972200.000000,KO
2024-01-02,10.896349,11.204053,10.805848,11.004951,,47494800.000000,F
2024-01-03,10.878250,10.887299,10.534345,10.597695,,70120100.000000,F
2024-01-04,10.642945,10.697245,10.525293,10.570544,,54920300.000000,F
2024-01-05,10.543393,10.896348,10.525293,10.724396,,44409300.000000,F
2024-01-08,10.724397,10.905399,10.670096,10.832998,,41514400.000000,F
2024-01-09,10.688196,10.769647,10.651996,10.715346,,49536700.000000,F
2024-01-10,10.706296,10.733446,10.597695,10.706296,,37539200.000000,F
2024-01-11,10.633896,10.651996,10.470993,10.597695,,48692000.000000,F
2024-01-12,10.543393,10.651995,10.326190,10.371441,,55017300.000000,F
2024-01-16,10.226639,10.407641,10.118038,10.371441,,45207700.000000,F
2024-01-17,10.108987,10.235689,10.054686,10.199489,,52671300.000000,F
2024-01-18,10.181387,10.235689,9.918934,9.946084,,71667200.000000,F
2024-01-19,9.900835,10.154239,9.801284,10.136138,,61071900.000000,F
2024-01-22,10.163288,10.317140,10.081838,10.136138,,45479600.000000,F
2024-01-23,10.280939,10.371441,10.172338,10.289989,,45465200.000000,F
2024-01-24,10.353340,10.362391,9.955135,9.982285,,59064600.000000,F
2024-01-25,10.036587,10.280940,9.982286,10.262840,,49356700.000000,F
2024-01-26,10.317140,10.407641,10.226639,10.308090,,35837000.000000,F
2024-01-29,10.299040,10.461943,10.226639,10.452892,,58249600.000000,F
2024-01-30,10.651996,10.742496,10.516243,10.661045,,70213300.000000,F
2024-01-31,10.642945,10.851098,10.606745,10.606745,,74558900.000000,F
2024-02-01,10.697245,10.986850,10.516243,10.950649,,81065800.000000,F
2024-02-02,10.887299,11.032101,10.805848,10.986851,,73087000.000000,F
2024-02-05,10.869198,10.932549,10.443842,10.489093,,81026800.000000,F
2024-02-06,10.534343,10.950649,10.516243,10.923498,,98636800.000000,F
2024-02-07,11.520807,11.747061,11.041151,11.584159,,137224000.000000,F
2024-02-08,11.647508,11.674658,11.348854,11.611307,,68653900.000000,F
2024-02-09,11.593209,11.692760,11.439357,11.475557,,47649600.000000,F
2024-02-12,11.475557,11.828511,11.439356,11.747060,,54036500.000000,F
2024-02-13,11.557009,11.674659,11.294554,11.475557,,67907700.000000,F
2024-02-14,11.511758,11.575108,11.330755,11.366956,,52978800.000000,F
2024-02-15,11.478487,11.664374,11.441310,11.636491,,57811800.000000,F
2024-02-16,11.543547,11.627196,11.394838,11.432015,,43172000.000000,F
2024-02-20,11.329778,11.459898,11.246129,11.385544,,44591000.000000,F
2024-02-21,11.348366,11.450603,11.199657,11.283306,,41910300.000000,F
2024-02-22,11.274012,11.376249,11.199657,11.264717,,36980500.000000,F
2024-02-23,11.246129,11.394838,11.236834,11.283306,,32152100.000000,F
2024-02-26,11.274011,11.404132,11.106713,11.106713,,40241300.000000,F
2024-02-27,11.171775,11.311189,11.116009,11.153186,,36508800.000000,F
2024-02-28,11.125303,11.524958,11.116008,11.432015,,51447900.000000,F
2024-02-29,11.497076,11.590019,11.450604,11.562136,,43098500.000000,F
2024-03-01,11.645785,11.748023,11.450604,11.571430,,48740500.000000,F
2024-03-04,11.682962,12.110501,11.682962,11.840965,,81871700.000000,F
2024-03-05,11.757316,11.840965,11.617901,11.692256,,47896200.000000,F
2024-03-06,11.636491,11.682962,11.459899,11.506371,,48834500.000000,F
2024-03-07,11.534252,11.590018,11.394838,11.534252,,38971000.000000,F
2024-03-08,11.552841,11.636490,11.283306,11.320483,,54590300.000000,F
2024-03-11,11.274012,11.376249,11.227540,11.255423,,35135400.000000,F
2024-03-12,11.283306,11.301894,11.181068,11.255423,,31245200.000000,F
2024-03-13,11.264718,11.599313,11.255423,11.497076,,50595300.000000,F
2024-03-14,11.469193,11.497075,11.162480,11.227540,,52619900.000000,F
2024-03-15,11.199656,11.404132,11.171774,11.208951,,88214500.000000,F
2024-03-18,11.283306,11.329777,11.134596,11.320483,,36599200.000000,F
2024-03-19,11.255423,11.478487,11.255423,11.432015,,32668700.000000,F
2024-03-20,11.394839,12.008264,11.394839,11.989675,,67721500.000000,F
2024-03-21,12.008264,12.138384,11.887437,12.008264,,55822500.000000,F
2024-03-22,11.961792,12.045441,11.943204,11.998969,,33125200.000000,F
2024-03-25,12.008264,12.138384,11.840966,11.989675,,39063500.000000,F
2024-03-26,12.045441,12.045441,11.552842,11.562136,,67140200.000000,F
2024-03-27,11.645784,12.147678,11.636491,12.138384,,53555800.000000,F
2024-03-28,12.147678,12.361448,12.129090,12.342859,,61846400.000000,F
2024-04-01,12.389330,12.435802,12.212738,12.352153,,35898300.000000,F
2024-04-02,12.231328,12.426508,12.166268,12.342859,,42653400.000000,F
2024-04-03,12.314976,12.714632,12.296387,12.686749,,57498900.000000,F
2024-04-04,12.919106,12.965578,12.240621,12.277799,,67812400.000000,F
2024-04-05,12.333566,12.454391,12.166268,12.342859,,46877400.000000,F
2024-04-08,12.407919,12.584510,12.407919,12.463684,,29900500.000000,F
2024-04-09,12.519452,12.630984,12.398625,12.584512,,35542700.000000,F
2024-04-10,12.324270,12.352153,12.036146,12.138384,,51395000.000000,F
2024-04-11,12.184856,12.212739,11.998970,12.119796,,38383100.000000,F
2024-04-12,12.008263,12.008263,11.617901,11.720139,,52319600.000000,F
2024-04-15,11.840965,11.915320,11.320484,11.366955,,59484400.000000,F
2024-04-16,11.283306,11.385544,11.097419,11.236835,,56392200.000000,F
2024-04-17,11.283306,11.385544,11.171775,11.190363,,43646600.000000,F
2024-04-18,11.227539,11.311188,11.134596,11.208951,,39902100.000000,F
2024-04-19,11.171774,11.366954,11.171774,11.283306,,39592900.000000,F
2024-04-22,11.441310,11.989674,11.385543,11.971086,,86462700.000000,F
2024-04-23,12.129089,12.129089,11.915319,12.026851,,62807100.000000,F
2024-04-24,12.026852,12.129090,11.878143,12.036146,,74510400.000000,F
2024-04-25,11.943204,12.249917,11.738729,12.119796,,86944100.000000,F
2024-04-26,11.859554,12.101207,11.720139,11.887437,,57257800.000000,F
2024-04-29,11.906027,11.933910,11.664374,11.850261,,50285600.000000,F
2024-04-30,11.710846,11.710846,11.274012,11.292601,,75890500.000000,F
2024-05-01,11.301894,11.552841,11.292599,11.339071,,48749400.000000,F
2024-05-02,11.524958,11.664374,11.487781,11.608607,,46868600.000000,F
2024-05-03,11.748023,11.859555,11.515665,11.552842,,47463300.000000,F
2024-05-06,11.655079,11.729434,11.580725,11.617902,,29780300.000000,F
2024-05-07,11.664938,11.711974,11.373315,11.448572,,48102900.000000,F
2024-05-08,11.363907,11.523830,11.307464,11.429757,,38177200.000000,F
2024-05-09,11.420350,11.495608,11.345093,11.410943,,29103800.000000,F
2024-05-10,11.429758,11.448573,11.203985,11.279243,,51447800.000000,F
2024-05-13,11.335686,11.711974,11.335686,11.599088,,60962300.000000,F
2024-05-14,11.702567,11.890712,11.627310,11.702567,,39980400.000000,F
2024-05-15,11.749603,11.815454,11.457980,11.580274,,50739900.000000,F
2024-05-16,11.542645,11.740195,11.533237,11.646124,,41502200.000000,F
2024-05-17,11.636716,11.646123,11.523829,11.552051,,24011300.000000,F
2024-05-20,11.542644,11.599087,11.420351,11.429757,,27019100.000000,F
2024-05-21,11.439165,11.476793,11.316871,11.429757,,32851000.000000,F
2024-05-22,11.345094,11.363908,11.260429,11.316872,,35403000.000000,F
2024-05-23,11.382722,11.495609,11.298057,11.392129,,43590100.000000,F
2024-05-24,11.439164,11.542644,11.326278,11.439164,,40795100.000000,F
2024-05-28,11.392130,11.410945,10.968806,10.987620,,57460100.000000,F
2024-05-29,10.884139,10.959397,10.818289,10.874733,,45759500.000000,F
2024-05-30,10.893546,11.081690,10.799474,11.072284,,42249500.000000,F
2024-05-31,11.072284,11.429757,10.968804,11.410943,,57205800.000000,F
2024-06-03,11.523830,11.589680,11.307465,11.467386,,53784100.000000,F
2024-06-04,11.363908,11.410944,11.251021,11.316872,,41533100.000000,F
2024-06-05,11.335686,11.401536,11.119320,11.354500,,45509800.000000,F
2024-06-06,11.269835,11.382722,11.251021,11.354500,,28289900.000000,F
2024-06-07,11.288649,11.439165,11.241613,11.429757,,31934000.000000,F
2024-06-10,11.410944,11.777825,11.382722,11.646124,,68347200.000000,F
2024-06-11,11.589680,11.627309,11.335686,11.392129,,48201800.000000,F
2024-06-12,11.552052,11.636717,11.316872,11.363908,,57116200.000000,F
2024-06-13,11.363907,11.373314,11.147541,11.232205,,41422300.000000,F
2024-06-14,11.100506,11.128727,10.865325,11.015841,,49382100.000000,F
2024-06-17,10.968805,11.185171,10.968805,11.147542,,31970100.000000,F
2024-06-18,11.109912,11.232205,11.072283,11.081690,,29023400.000000,F
2024-06-20,11.015840,11.260428,10.959396,11.232205,,53468000.000000,F
2024-06-21,11.194577,11.203984,11.062876,11.138134,,50201900.000000,F
2024-06-24,11.222799,11.523829,11.213391,11.505014,,58436900.000000,F
2024-06-25,11.448572,11.486201,11.316871,11.373315,,39323900.000000,F
2024-06-26,11.298057,11.410944,11.241614,11.392129,,41426600.000000,F
2024-06-27,11.363907,11.646123,11.335685,11.505014,,48080200.000000,F
2024-06-28,11.533238,11.871897,11.533238,11.796639,,65914700.000000,F
2024-07-01,11.815453,12.107076,11.787231,12.003597,,56152700.000000,F
2024-07-02,12.069448,12.182334,11.965969,12.107077,,46990400.000000,F
2024-07-03,12.125891,12.191742,12.041226,12.107077,,26894300.000000,F
2024-07-05,12.107077,12.191742,11.994190,12.078856,,31589300.000000,F
2024-07-08,12.201149,12.417514,12.154112,12.210555,,44346200.000000,F
2024-07-09,12.191742,12.295221,12.116485,12.135299,,40680900.000000,F
2024-07-10,12.182334,12.426922,12.144705,12.389293,,36305500.000000,F
2024-07-11,12.464551,12.737360,12.464551,12.671510,,51443400.000000,F
2024-07-12,12.727952,13.367643,12.727952,13.198313,,85609700.000000,F
2024-07-15,13.367643,13.574601,13.282978,13.386456,,65643300.000000,F
2024-07-16,13.424086,13.612230,13.348827,13.536972,,52040100.000000,F
2024-07-17,13.442901,13.762746,13.433493,13.621637,,58087100.000000,F
2024-07-18,13.649860,13.969705,13.593416,13.687489,,58077000.000000,F
2024-07-19,13.631043,13.640451,13.132462,13.151276,,75908600.000000,F
2024-07-22,13.188907,13.339422,12.972540,13.282978,,59116800.000000,F
2024-07-23,13.226535,13.235942,12.765581,13.010169,,85897700.000000,F
2024-07-24,12.916096,13.057205,12.784396,12.859653,,81768700.000000,F
2024-07-25,11.100506,11.269835,10.489037,10.498445,,259484000.000000,F
2024-07-26,10.545481,10.686588,10.394965,10.526666,,79599900.000000,F
2024-07-29,10.517259,10.517259,10.159785,10.357336,,91667500.000000,F
2024-07-30,10.376150,10.451408,10.140970,10.197413,,69337000.000000,F
2024-07-31,10.216228,10.357337,10.084528,10.178599,,75478000.000000,F
2024-08-01,10.216228,10.272671,9.981047,10.056305,,60516500.000000,F
2024-08-02,9.924605,9.924605,9.407208,9.435430,,110703000.000000,F
2024-08-05,8.993291,9.313135,8.927440,9.134398,,115594200.000000,F
2024-08-06,9.209656,9.275506,9.106177,9.200249,,111817600.000000,F
2024-08-07,9.410432,9.534630,9.314895,9.334002,,69482400.000000,F
2024-08-08,9.362663,9.792581,9.362663,9.677937,,73007600.000000,F
2024-08-09,9.630168,9.716152,9.525077,9.649276,,48860800.000000,F
2024-08-12,9.649275,9.649275,9.400878,9.419985,,56118700.000000,F
2024-08-13,9.477308,9.697044,9.334002,9.687490,,44766100.000000,F
2024-08-14,9.706597,9.783027,9.601506,9.725705,,37026400.000000,F
2024-08-15,9.907226,10.031425,9.907226,9.993210,,41597900.000000,F
2024-08-16,9.935887,10.050532,9.907226,10.040978,,34142600.000000,F
2024-08-19,10.088747,10.270268,10.069639,10.241607,,41066300.000000,F
2024-08-20,10.222499,10.308483,10.136515,10.203392,,32468000.000000,F
2024-08-21,10.356252,10.480450,10.270268,10.365806,,48943900.000000,F
2024-08-22,10.365806,10.518666,10.356252,10.432682,,50885400.000000,F
2024-08-23,10.490004,10.776616,10.451789,10.767063,,64612700.000000,F
2024-08-26,10.814831,10.862600,10.575988,10.614202,,53070300.000000,F
2024-08-27,10.623755,10.719293,10.499557,10.642863,,44841000.000000,F
2024-08-28,10.604649,10.690632,10.490003,10.547326,,35442200.000000,F
2024-08-29,10.528220,10.700186,10.499558,10.614202,,44989200.000000,F
2024-08-30,10.652417,10.728847,10.566434,10.690632,,44977100.000000,F
2024-09-03,10.585541,10.642864,10.451789,10.490004,,49613500.000000,F
2024-09-04,10.499557,10.661970,10.365805,10.461342,,47900700.000000,F
2024-09-05,10.585541,10.642863,10.241606,10.289375,,50551900.000000,F
2024-09-06,10.298929,10.384913,10.060086,10.107855,,47508900.000000,F
2024-09-09,10.136515,10.279822,10.069639,10.184284,,39223300.000000,F
2024-09-10,10.021871,10.021871,9.716151,9.859457,,63019200.000000,F
2024-09-11,9.849904,9.993210,9.677937,9.983656,,55840200.000000,F
2024-09-12,9.935887,10.174730,9.849904,10.146070,,43807300.000000,F
2024-09-13,10.203392,10.308483,10.155623,10.212945,,35184800.000000,F
2024-09-16,10.260714,10.432682,10.232053,10.318037,,34802400.000000,F
2024-09-17,10.404020,10.642864,10.337143,10.413573,,52068600.000000,F
2024-09-18,10.442236,10.757509,10.432682,10.490004,,55017300.000000,F
2024-09-19,10.719294,10.805278,10.384913,10.432682,,52436400.000000,F
2024-09-20,10.375358,10.394466,10.212945,10.394466,,68809100.000000,F
2024-09-23,10.356252,10.432682,10.232054,10.423128,,40421300.000000,F
2024-09-24,10.480450,10.509111,10.327591,10.384912,,37746300.000000,F
2024-09-25,10.117408,10.117408,9.859456,9.954994,,74109600.000000,F
2024-09-26,10.088747,10.270268,10.088747,10.203392,,51408500.000000,F
2024-09-27,10.356251,10.499557,10.279821,10.298928,,45469600.000000,F
2024-09-30,10.012316,10.136515,9.964548,10.088747,,59662900.000000,F
2024-10-01,10.241607,10.337144,10.107855,10.270268,,63963000.000000,F
2024-10-02,10.251160,10.251160,9.964549,10.012317,,51457400.000000,F
2024-10-03,9.945441,10.002764,9.869011,9.983656,,44458300.000000,F
2024-10-04,10.117409,10.136516,9.974102,10.098301,,45883000.000000,F
2024-10-07,10.079193,10.136515,9.983656,10.021871,,38009100.000000,F
2024-10-08,10.031425,10.107854,9.916780,10.021871,,46355700.000000,F
2024-10-09,10.021871,10.203392,9.974102,10.146070,,40407000.000000,F
2024-10-10,10.107854,10.222499,10.069639,10.203392,,39458300.000000,F
2024-10-11,10.165177,10.318037,10.155623,10.241607,,31915700.000000,F
2024-10-14,10.232054,10.470897,10.184285,10.432682,,41940200.000000,F
2024-10-15,10.423128,10.528219,10.337144,10.356252,,53097100.000000,F
2024-10-16,10.404021,10.681080,10.404021,10.537773,,46996400.000000,F
2024-10-17,10.547326,10.633310,10.451788,10.575987,,37617200.000000,F
2024-10-18,10.661971,10.671525,10.547327,10.604650,,26074900.000000,F
2024-10-21,10.585541,10.661971,10.375358,10.394466,,41008600.000000,F
2024-10-22,10.432682,10.652417,10.432682,10.614202,,51597600.000000,F
2024-10-23,10.614202,10.738401,10.528219,10.566434,,37335400.000000,F
2024-10-24,10.738400,10.747954,10.575987,10.738400,,44736400.000000,F
2024-10-25,10.776615,10.824384,10.528219,10.575987,,39120700.000000,F
2024-10-28,10.671525,10.881707,10.623756,10.862599,,97967000.000000,F
2024-10-29,10.060086,10.079194,9.725706,9.945441,,156228000.000000,F
2024-10-30,9.935887,10.060086,9.869011,10.002764,,48853700.000000,F
2024-10-31,9.964549,10.012317,9.783027,9.830796,,72098700.000000,F
2024-11-01,9.869012,9.945441,9.744813,9.763921,,43472300.000000,F
2024-11-04,9.773473,10.098300,9.773473,9.897672,,55323800.000000,F
2024-11-05,9.869010,10.165177,9.840349,10.126962,,49309000.000000,F
2024-11-06,10.461342,10.728847,10.356252,10.690632,,100781800.000000,F
2024-11-07,10.661582,10.758417,10.487278,10.613164,,55407900.000000,F
2024-11-08,10.584114,10.622849,10.516329,10.622849,,45463400.000000,F
2024-11-11,10.719683,10.961772,10.671266,10.874619,,56630500.000000,F
2024-11-12,10.787469,10.942405,10.603481,10.748734,,44921400.000000,F
2024-11-13,10.768101,10.816519,10.671266,10.748734,,55150900.000000,F
2024-11-14,10.777784,10.874619,10.671266,10.719683,,56780900.000000,F
2024-11-15,10.700316,10.797151,10.632531,10.661582,,58895400.000000,F
2024-11-18,10.700317,10.913355,10.680949,10.855253,,47807600.000000,F
2024-11-19,10.710000,10.961772,10.661582,10.700316,,53227700.000000,F
2024-11-20,10.661582,10.700316,10.274239,10.390442,,68633300.000000,F
2024-11-21,10.438861,10.506646,10.274240,10.458228,,53409500.000000,F
2024-11-22,10.467911,11.019873,10.458228,10.826202,,82556700.000000,F
2024-11-25,10.942405,11.155443,10.923037,11.039240,,63469300.000000,F
2024-11-26,10.806835,10.874620,10.690633,10.748734,,47458800.000000,F
2024-11-27,10.777785,10.903671,10.710000,10.748734,,28474200.000000,F
2024-11-29,10.806835,10.913354,10.768101,10.777784,,28935200.000000,F
2024-12-02,10.864937,10.893987,10.613165,10.632531,,50034400.000000,F
2024-12-03,10.642215,10.661582,10.477594,10.477594,,43904300.000000,F
2024-12-04,10.506646,10.526013,10.254874,10.400126,,66780700.000000,F
2024-12-05,10.303291,10.351708,10.061202,10.109619,,68162000.000000,F
2024-12-06,10.177405,10.264557,10.090253,10.177405,,56227000.000000,F
2024-12-09,10.225823,10.458228,10.196771,10.264557,,53230100.000000,F
2024-12-10,10.380759,10.400126,10.216139,10.225822,,45084300.000000,F
2024-12-11,10.274240,10.274240,9.954683,10.080569,,60487100.000000,F
2024-12-12,10.051519,10.177405,10.022469,10.061203,,38432600.000000,F
2024-12-13,10.070886,10.109620,9.993418,10.061203,,40560700.000000,F
2024-12-16,9.751329,9.799747,9.567342,9.673861,,96264400.000000,F
2024-12-17,9.644810,9.722278,9.567341,9.654493,,76208600.000000,F
2024-12-18,9.625443,9.770697,9.354304,9.383354,,84199500.000000,F
2024-12-19,9.480189,9.635126,9.393037,9.431771,,81659000.000000,F
2024-12-20,9.393038,9.644810,9.373671,9.567342,,87705500.000000,F
2024-12-23,9.557658,9.606076,9.441455,9.586708,,50646600.000000,F
2024-12-24,9.586708,9.741646,9.577025,9.702911,,29083100.000000,F
2024-12-26,9.683544,9.799746,9.664176,9.751328,,35922700.000000,F
2024-12-27,9.712594,9.877214,9.664176,9.712594,,52899900.000000,F
2024-12-30,9.635126,9.664177,9.509240,9.567342,,47116700.000000,F
2024-01-02,651.054161,653.258806,645.016118,646.158203,,2657700.000000,COST
2024-01-03,646.714327,650.925046,638.660269,640.239319,,2612600.000000,COST
2024-01-04,637.647350,645.413371,636.088182,643.874023,,2171100.000000,COST
2024-01-05,651.649950,655.096025,647.737148,651.481140,,2232100.000000,COST
2024-01-08,651.282597,657.509331,649.514917,657.122009,,2245300.000000,COST
2024-01-09,654.331348,662.683262,653.715633,662.574036,,1886200.000000,COST
2024-01-10,664.937680,669.178221,664.391489,668.115601,,1801900.000000,COST
2024-01-11,666.367726,669.853504,663.030936,668.929932,,1670800.000000,COST
2024-01-12,672.822830,678.999860,671.442411,678.523193,,2387600.000000,COST
2024-01-16,678.523258,681.780644,673.478311,676.785339,,1626700.000000,COST
2024-01-17,675.802086,680.141912,674.501132,679.466614,,1786800.000000,COST
2024-01-18,678.116072,682.972267,675.514164,682.565125,,1900600.000000,COST
2024-01-19,683.746936,691.324267,677.957166,690.172241,,2261000.000000,COST
2024-01-22,690.629073,693.836755,685.752996,687.729248,,2452900.000000,COST
2024-01-23,685.951475,686.855227,679.903553,682.843140,,2208600.000000,COST
2024-01-24,684.243430,685.206705,678.404018,681.770630,,1946500.000000,COST
2024-01-25,681.760588,681.760588,671.293375,675.206177,,2751900.000000,COST
2024-01-26,675.385018,682.495562,674.809005,682.138062,,1825500.000000,COST
2024-01-29,685.137260,689.338039,681.522375,689.218872,,2215400.000000,COST
2024-01-30,688.156265,697.799253,686.031024,695.902405,,1610500.000000,COST
2024-01-31,696.478368,700.649385,688.255501,690.082825,,1928500.000000,COST
2024-02-01,690.222089,701.460563,687.735698,700.645020,,2039200.000000,COST
2024-02-02,699.511208,710.391655,698.437070,705.617737,,2377400.000000,COST
2024-02-05,706.771507,708.979393,701.838486,707.288635,,2276900.000000,COST
2024-02-06,707.358323,708.840202,700.505875,706.920715,,1920200.000000,COST
2024-02-07,710.262399,719.382463,708.124078,715.861755,,2145500.000000,COST
2024-02-08,719.949346,724.206015,716.736888,720.217834,,1918500.000000,COST
2024-02-09,721.192616,721.580507,716.199923,719.462097,,1426100.000000,COST
2024-02-12,719.581421,719.859865,711.406136,718.477417,,1572600.000000,COST
2024-02-13,717.462963,717.850854,705.180156,710.361816,,1951100.000000,COST
2024-02-14,712.102307,718.616638,707.199151,718.248657,,1472500.000000,COST
2024-02-15,717.562460,722.077785,714.369973,720.566040,,1264100.000000,COST
2024-02-16,718.059715,725.091236,714.588724,720.048828,,1764600.000000,COST
2024-02-20,724.066790,730.959057,719.770300,721.739502,,2407300.000000,COST
2024-02-21,721.739555,724.822655,716.349077,719.084106,,1565900.000000,COST
2024-02-22,721.898716,732.043203,721.898716,730.402222,,1801600.000000,COST
2024-02-23,736.090983,738.467988,733.107315,733.912903,,1265800.000000,COST
2024-02-26,737.960741,742.714749,734.977073,741.292480,,1707000.000000,COST
2024-02-27,741.938962,742.575492,737.294401,740.656006,,1471300.000000,COST
2024-02-28,739.164224,747.787010,739.164224,743.888367,,1365000.000000,COST
2024-02-29,747.329431,748.463240,738.945329,739.840454,,3361200.000000,COST
2024-03-01,736.409223,747.289671,735.225699,745.360229,,1672800.000000,COST
2024-03-04,750.969645,760.577033,749.567287,755.047302,,2133400.000000,COST
2024-03-05,764.236912,765.082321,752.779665,755.813049,,2353400.000000,COST
2024-03-06,760.676404,770.940171,759.502774,769.030640,,2400600.000000,COST
2024-03-07,774.868711,782.795356,772.780167,781.313477,,4187900.000000,COST
2024-03-08,751.934303,752.103361,721.152773,721.610291,,8568900.000000,COST
2024-03-11,715.891537,716.080505,707.139454,710.192749,,3762500.000000,COST
2024-03-12,713.176450,736.021379,713.007331,732.868652,,3727400.000000,COST
2024-03-13,730.998880,732.490714,722.624733,730.203247,,2270300.000000,COST
2024-03-14,734.310789,736.647972,725.021607,727.965515,,1826100.000000,COST
2024-03-15,728.532378,728.532378,719.282956,721.679871,,3389900.000000,COST
2024-03-18,722.147290,729.347928,722.067769,727.557678,,1595200.000000,COST
2024-03-19,727.806329,731.346947,726.046006,728.184265,,1322700.000000,COST
2024-03-20,727.020686,738.050342,725.160870,736.687744,,1398700.000000,COST
2024-03-21,739.452586,748.214624,737.065626,738.517700,,2106900.000000,COST
2024-03-22,740.377570,740.735596,730.382291,730.799988,,1791200.000000,COST
2024-03-25,727.020717,730.163489,722.783898,726.980957,,1604700.000000,COST
2024-03-26,727.020643,730.700513,726.244860,727.000732,,1353500.000000,COST
2024-03-27,730.004319,731.884045,723.788342,728.094788,,1246700.000000,COST
2024-03-28,729.855114,730.899447,724.355249,728.641785,,1713300.000000,COST
2024-04-01,727.776595,729.278385,716.279526,717.313843,,1600700.000000,COST
2024-04-02,716.080632,716.080632,704.543801,707.427979,,2326700.000000,COST
2024-04-03,706.115013,706.940512,693.474242,701.848389,,3205500.000000,COST
2024-04-04,704.911747,713.226223,700.386467,701.042908,,2252400.000000,COST
2024-04-05,702.196471,712.987443,702.176621,709.834656,,1552300.000000,COST
2024-04-08,709.625816,712.241504,707.000173,707.935059,,1459000.000000,COST
2024-04-09,712.340979,715.135680,703.131378,714.678223,,1388300.000000,COST
2024-04-10,707.129626,720.038949,705.090797,718.646606,,1832000.000000,COST
2024-04-11,727.517933,729.795445,720.207968,728.363281,,2107800.000000,COST
2024-04-12,724.037001,728.910351,722.584926,727.328979,,1480600.000000,COST
2024-04-15,731.426476,736.966161,714.041652,714.369873,,1808000.000000,COST
2024-04-16,714.389782,718.566931,708.253387,712.072449,,1412300.000000,COST
2024-04-17,719.064174,719.859807,707.129499,711.296692,,1376700.000000,COST
2024-04-18,711.296728,715.036270,705.707327,707.378174,,1846400.000000,COST
2024-04-19,709.148502,710.978451,698.178517,705.647644,,2188900.000000,COST
2024-04-22,710.968476,714.349992,702.325780,711.565247,,1437100.000000,COST
2024-04-23,715.115817,720.327282,712.400637,718.745911,,1176200.000000,COST
2024-04-24,715.792103,721.480936,712.191814,719.949341,,1206600.000000,COST
2024-04-25,724.491804,724.491804,711.661354,719.082703,,1613600.000000,COST
2024-04-26,712.249076,728.137721,712.249076,726.374512,,1524400.000000,COST
2024-04-29,726.723223,729.432729,717.448984,723.535522,,1526900.000000,COST
2024-04-30,722.718718,722.718718,714.341040,720.118774,,1734800.000000,COST
2024-05-01,719.491140,727.051904,712.567868,719.441284,,1609100.000000,COST
2024-05-02,721.961533,731.574429,717.857390,729.621948,,1826900.000000,COST
2024-05-03,731.454980,744.614118,730.528505,741.037964,,2323300.000000,COST
2024-05-06,746.706080,754.027778,743.607999,753.539673,,1773300.000000,COST
2024-05-07,755.770967,769.268822,752.662976,768.342407,,1897800.000000,COST
2024-05-08,767.037512,770.414484,759.775581,760.472839,,1511900.000000,COST
2024-05-09,760.861368,776.710191,760.672097,776.042725,,1716200.000000,COST
2024-05-10,776.042648,784.420325,775.166029,784.161316,,1652700.000000,COST
2024-05-13,784.968261,786.442548,770.603758,772.167725,,1596800.000000,COST
2024-05-14,771.948500,777.805882,768.461966,774.907104,,1327700.000000,COST
2024-05-15,775.524784,786.621878,775.524784,784.011963,,1661700.000000,COST
2024-05-16,788.763637,801.464583,784.798969,790.018799,,2000000.000000,COST
2024-05-17,790.556621,794.531260,787.568163,792.748169,,1309100.000000,COST
2024-05-20,792.190318,799.890558,789.341336,789.948975,,1347100.000000,COST
2024-05-21,792.509147,798.356558,788.952875,797.848511,,1375700.000000,COST
2024-05-22,796.961897,803.247618,794.939739,798.774902,,1192800.000000,COST
2024-05-23,801.205581,804.941154,792.369712,793.276245,,1519200.000000,COST
2024-05-24,797.549720,813.727230,796.015667,806.614685,,1621900.000000,COST
2024-05-28,806.624586,812.153220,801.623880,810.041382,,1986300.000000,COST
2024-05-29,803.915130,810.310413,803.187897,803.417053,,2282800.000000,COST
2024-05-30,807.082825,816.347032,805.190111,812.203064,,2288500.000000,COST
2024-05-31,805.917371,808.616906,785.167495,806.774048,,4360700.000000,COST
2024-06-03,807.879744,824.724658,804.024639,812.252869,,2008700.000000,COST
2024-06-04,811.844378,824.824275,809.911840,824.206665,,1754500.000000,COST
2024-06-05,827.713116,831.179768,818.518647,831.090088,,2080000.000000,COST
2024-06-06,832.205818,845.823268,831.110074,839.398071,,1735000.000000,COST
2024-06-07,843.422465,847.108241,839.049340,842.326721,,1593600.000000,COST
2024-06-10,843.920479,846.211617,839.497559,845.076050,,1402300.000000,COST
2024-06-11,845.972620,847.666092,837.027190,846.042358,,1690500.000000,COST
2024-06-12,849.030844,852.447640,840.364304,844.548157,,1838300.000000,COST
2024-06-13,844.548119,844.548119,834.327584,842.705261,,1322400.000000,COST
2024-06-14,840.174999,852.885916,838.670799,852.377869,,1395500.000000,COST
2024-06-17,851.202450,867.210630,850.086763,864.570801,,1904900.000000,COST
2024-06-18,864.660483,870.597574,864.361649,867.399902,,1763800.000000,COST
2024-06-20,867.957695,870.487900,857.249054,859.121826,,1944600.000000,COST
2024-06-21,863.305698,863.634384,844.388770,845.046204,,3852900.000000,COST
2024-06-24,846.729737,847.357318,838.272411,844.896790,,1722900.000000,COST
2024-06-25,846.052380,852.397867,841.748993,852.218567,,1675700.000000,COST
2024-06-26,849.439252,856.432263,846.789513,853.543457,,1505300.000000,COST
2024-06-27,854.410038,855.027648,845.374927,847.347290,,1254900.000000,COST
2024-06-28,847.974950,853.941894,843.552029,846.719788,,2131700.000000,COST
2024-07-01,850.216274,852.706656,837.266290,842.416382,,1989000.000000,COST
2024-07-02,842.436261,857.049802,839.836318,856.053650,,1377900.000000,COST
2024-07-03,851.710501,860.197741,851.710501,859.341003,,814400.000000,COST
2024-07-05,861.233684,883.527584,855.416127,882.262451,,2620700.000000,COST
2024-07-08,883.378170,884.533741,874.283292,877.451111,,1611300.000000,COST
2024-07-09,880.449469,893.220153,879.572850,883.437927,,1356800.000000,COST
2024-07-10,883.985853,886.844806,877.311619,880.907715,,1755800.000000,COST
2024-07-11,887.332866,887.332866,843.263087,843.332825,,6021100.000000,COST
2024-07-12,846.620202,846.729764,835.154475,839.657104,,3288400.000000,COST
2024-07-15,843.601738,854.599301,841.420162,845.464539,,2064000.000000,COST
2024-07-16,844.538221,847.964989,838.103114,847.496826,,1687600.000000,COST
2024-07-17,844.747372,846.679911,839.408009,843.024048,,1783100.000000,COST
2024-07-18,846.161918,852.009329,821.935479,836.140625,,2338500.000000,COST
2024-07-19,833.291633,845.614036,832.345276,834.905396,,1984400.000000,COST
2024-07-22,842.496049,846.321302,835.373534,844.159607,,1920200.000000,COST
2024-07-23,845.633993,851.292133,842.326759,848.831604,,1744100.000000,COST
2024-07-24,841.350487,842.745125,826.308606,827.623535,,2511300.000000,COST
2024-07-25,832.574364,833.431101,811.147172,812.810730,,2183700.000000,COST
2024-07-26,816.012883,820.282515,807.044732,815.613831,,1441500.000000,COST
2024-07-29,820.561792,821.738918,812.112397,813.578796,,1320400.000000,COST
2024-07-30,816.012865,820.003148,801.328653,808.062256,,2017200.000000,COST
2024-07-31,818.426995,823.474701,809.299259,820.003174,,2135000.000000,COST
2024-08-01,816.561519,822.167862,807.713072,814.905579,,1861400.000000,COST
2024-08-02,814.217287,828.273025,803.054467,820.083008,,2598500.000000,COST
2024-08-05,796.061489,808.850354,791.073635,799.882202,,2820900.000000,COST
2024-08-06,803.104336,831.066274,803.104336,814.895630,,2476300.000000,COST
2024-08-07,822.108054,831.804474,807.294152,808.331604,,1702000.000000,COST
2024-08-08,819.504432,840.712797,818.456994,837.390869,,2345000.000000,COST
2024-08-09,836.463069,855.686277,835.595188,852.853149,,1710600.000000,COST
2024-08-12,855.167574,868.135995,850.329380,861.472229,,1748200.000000,COST
2024-08-13,862.818910,865.941311,854.080180,862.719177,,1484100.000000,COST
2024-08-14,862.769045,864.624512,856.414524,860.614319,,1341500.000000,COST
2024-08-15,870.749591,878.191491,866.888997,875.218689,,1923800.000000,COST
2024-08-16,875.218686,875.218686,866.509913,868.475159,,1516300.000000,COST
2024-08-19,868.475162,871.507755,866.589738,870.230835,,1318400.000000,COST
2024-08-20,869.881724,874.630170,869.053723,874.071533,,1104600.000000,COST
2024-08-21,878.600468,888.955257,875.088999,879.278809,,1465500.000000,COST
2024-08-22,880.156698,881.852581,871.058858,875.428223,,1440900.000000,COST
2024-08-23,880.346219,882.411198,869.552496,877.074219,,1305800.000000,COST
2024-08-26,881.024581,891.080112,879.298803,890.341919,,1737000.000000,COST
2024-08-27,890.521434,916.697681,884.915091,906.692078,,2098900.000000,COST
2024-08-28,908.747080,910.003968,879.518208,885.892700,,1668400.000000,COST
2024-08-29,888.835576,898.272617,883.019721,884.476196,,1709900.000000,COST
2024-08-30,888.336781,894.152636,880.954733,890.212219,,1933500.000000,COST
2024-09-03,894.501784,894.711296,872.315819,876.435791,,1784200.000000,COST
2024-09-04,875.318499,889.593735,874.460603,887.857971,,1425200.000000,COST
2024-09-05,886.471346,886.471346,866.589767,883.827759,,1998800.000000,COST
2024-09-06,889.094953,891.030243,868.884159,874.550354,,2074600.000000,COST
2024-09-09,882.590799,896.646598,879.558205,894.312256,,1954000.000000,COST
2024-09-10,890.431718,898.502093,885.364101,892.117615,,1360800.000000,COST
2024-09-11,892.825862,899.808857,875.737469,898.212769,,1796100.000000,COST
2024-09-12,898.232695,913.475606,894.332220,912.807251,,1868700.000000,COST
2024-09-13,911.410603,921.585838,907.150957,913.774841,,1327500.000000,COST
2024-09-16,919.760292,920.388767,903.150714,905.664612,,1661000.000000,COST
2024-09-17,906.223257,906.392827,893.274807,895.090393,,1387000.000000,COST
2024-09-18,897.753887,902.781622,888.785735,890.351929,,1338200.000000,COST
2024-09-19,902.063348,902.931230,893.324619,898.551880,,1747500.000000,COST
2024-09-20,899.379902,905.604734,893.524167,904.776733,,4658200.000000,COST
2024-09-23,904.776732,917.266338,898.591842,914.852234,,1697600.000000,COST
2024-09-24,909.794512,910.552676,895.349707,899.349915,,2432600.000000,COST
2024-09-25,900.806440,908.148547,898.940988,906.213257,,1728100.000000,COST
2024-09-26,903.100792,907.031223,895.948226,899.250183,,2738600.000000,COST
2024-09-27,891.090083,891.319505,871.876860,883.468628,,3459100.000000,COST
2024-09-30,889.204649,907.789397,879.268822,884.366455,,2142900.000000,COST
2024-10-01,883.099534,884.835298,870.629900,875.248657,,1836700.000000,COST
2024-10-02,872.525355,879.089328,865.053499,876.395935,,1317100.000000,COST
2024-10-03,872.315793,879.039410,870.550073,873.542786,,1451900.000000,COST
2024-10-04,875.857164,882.141848,873.542793,880.964722,,1516400.000000,COST
2024-10-07,879.458386,885.553590,870.210947,871.467896,,1963200.000000,COST
2024-10-08,874.570376,889.144872,874.570376,888.257019,,1697900.000000,COST
2024-10-09,890.072572,907.789440,885.713193,906.891602,,1956500.000000,COST
2024-10-10,907.789396,907.789396,889.673538,891.459167,,1765800.000000,COST
2024-10-11,892.327106,892.327106,883.348968,886.870422,,1527300.000000,COST
2024-10-14,890.282040,892.995403,884.107074,887.598572,,1431500.000000,COST
2024-10-15,889.922992,898.462195,887.389123,892.436829,,1613900.000000,COST
2024-10-16,887.758234,889.164843,877.363563,885.224426,,1475500.000000,COST
2024-10-17,889.394193,893.155054,880.655463,883.139404,,1321500.000000,COST
2024-10-18,883.608291,888.446485,881.603164,887.399048,,1654000.000000,COST
2024-10-21,886.840469,889.234664,881.553356,884.615906,,1184900.000000,COST
2024-10-22,888.815607,892.716143,882.161826,891.319519,,1189700.000000,COST
2024-10-23,893.843406,903.479913,892.815879,896.985718,,2193500.000000,COST
2024-10-24,899.310022,901.305164,886.102196,891.249634,,1649600.000000,COST
2024-10-25,893.474285,899.429753,887.837986,889.054993,,1425800.000000,COST
2024-10-28,893.813465,893.813465,887.838025,888.795715,,912500.000000,COST
2024-10-29,887.838025,889.005166,871.966700,884.835327,,1361700.000000,COST
2024-10-30,884.226798,884.416339,875.238675,876.954529,,1412200.000000,COST
2024-10-31,875.069080,875.517999,866.539862,872.056396,,1771900.000000,COST
2024-11-01,873.305113,878.439394,866.382769,876.341736,,1625200.000000,COST
2024-11-04,880.367281,886.021007,875.762323,885.092041,,1576700.000000,COST
2024-11-05,887.019912,894.591563,885.821224,889.187500,,1622300.000000,COST
2024-11-06,897.288607,898.906814,885.301851,898.257507,,2437400.000000,COST
2024-11-07,897.628165,918.465127,893.382856,912.921265,,2145500.000000,COST
2024-11-08,912.991204,960.938225,912.741480,942.758301,,3277100.000000,COST
2024-11-11,942.758334,950.230119,930.411990,931.850403,,2181800.000000,COST
2024-11-12,934.917019,938.523020,925.976885,931.350952,,1691400.000000,COST
2024-11-13,928.973538,936.555188,922.181056,932.699402,,1757600.000000,COST
2024-11-14,925.976853,930.122297,921.152167,922.870300,,1859900.000000,COST
2024-11-15,916.727054,919.533950,904.560505,906.068848,,2269900.000000,COST
2024-11-18,909.634912,924.918013,906.108779,918.495117,,1797800.000000,COST
2024-11-19,926.975762,932.969139,915.348594,929.123413,,1690500.000000,COST
2024-11-20,924.059036,927.774901,915.488488,927.055725,,1452100.000000,COST
2024-11-21,933.968043,957.432107,928.973561,954.595276,,2320500.000000,COST
2024-11-22,961.677427,975.222459,957.462114,962.946045,,2078700.000000,COST
2024-11-25,973.923880,973.923880,948.641817,959.829468,,3240900.000000,COST
2024-11-26,962.936012,973.294562,959.829459,970.427734,,1438000.000000,COST
2024-11-27,970.387805,971.216845,957.532015,960.488708,,1499500.000000,COST
2024-11-29,967.021517,972.195792,961.407664,970.807312,,1095900.000000,COST
2024-12-02,970.287892,975.422234,963.695201,973.923889,,1955800.000000,COST
2024-12-03,973.614252,981.915078,969.688596,981.066040,,1653900.000000,COST
2024-12-04,980.916156,990.056082,976.471055,989.826294,,1784700.000000,COST
2024-12-05,985.571011,989.037212,977.120387,981.175903,,2089400.000000,COST
2024-12-06,981.175913,996.608873,981.175913,991.514465,,1737300.000000,COST
2024-12-09,995.909640,995.909640,979.417852,986.769714,,1855500.000000,COST
2024-12-10,988.637596,993.891800,984.791869,992.303589,,1556800.000000,COST
2024-12-11,993.901819,1006.687679,992.493402,993.592163,,1903600.000000,COST
2024-12-12,1000.574443,1001.363549,986.120443,987.299133,,2344300.000000,COST
2024-12-13,979.917297,1005.568947,964.664130,988.258057,,2951900.000000,COST
2024-12-16,987.958379,1007.137200,985.281344,991.774170,,2581300.000000,COST
2024-12-17,992.902921,995.819681,979.677543,980.996094,,2050200.000000,COST
2024-12-18,980.916192,984.512195,962.936058,963.675232,,2725300.000000,COST
2024-12-19,973.434422,973.564284,952.457601,953.746155,,2610800.000000,COST
2024-12-20,948.342201,960.878338,942.009172,953.017029,,5373800.000000,COST
2024-12-23,952.827222,953.206808,935.965848,948.861572,,1856800.000000,COST
2024-12-24,949.690680,958.321159,944.406541,957.761780,,939000.000000,COST
2024-12-26,955.763959,958.351066,952.947064,955.084717,,969000.000000,COST
2024-12-27,947.672845,949.400977,930.971328,938.662842,,1943400.000000,COST
2024-12-30,929.972476,933.138961,914.489583,921.192200,,1881200.000000,COST
2024-01-02,89.290583,90.658190,88.923912,89.895103,,10587600.000000,DIS
2024-01-03,89.419419,91.252798,89.191481,90.826660,,11929800.000000,DIS
2024-01-04,91.114052,91.114052,89.191478,89.746445,,12087400.000000,DIS
2024-01-05,89.597801,90.499622,89.548247,90.083397,,9084400.000000,DIS
2024-01-08,90.727554,91.114050,90.182492,90.727554,,11103700.000000,DIS
2024-01-09,90.232048,90.281595,88.795070,88.864441,,11255100.000000,DIS
2024-01-10,89.013091,89.013091,88.081534,88.487854,,15091600.000000,DIS
2024-01-11,88.586965,88.973461,87.893256,88.646423,,9642200.000000,DIS
2024-01-12,88.844622,90.014021,88.844622,89.538330,,11912800.000000,DIS
2024-01-16,89.478873,92.253715,88.656328,92.214081,,16780900.000000,DIS
2024-01-17,91.748302,92.917701,89.290578,89.528419,,15735200.000000,DIS
2024-01-18,89.845559,91.678938,89.597805,91.381630,,12203200.000000,DIS
2024-01-19,91.490634,92.739317,90.806830,92.223984,,19782400.000000,DIS
2024-01-22,92.035700,94.374499,92.035700,94.225845,,15119400.000000,DIS
2024-01-23,94.572703,95.028570,92.342916,92.927612,,11559400.000000,DIS
2024-01-24,93.571775,94.394321,92.422200,92.660042,,10454900.000000,DIS
2024-01-25,93.076262,94.087103,92.907791,94.007820,,8661600.000000,DIS
2024-01-26,94.146560,94.671797,93.849252,94.503326,,7812800.000000,DIS
2024-01-29,94.562793,96.624109,94.146568,96.614197,,13422200.000000,DIS
2024-01-30,95.652905,96.663746,95.147492,96.069138,,9139600.000000,DIS
2024-01-31,95.553797,96.693468,94.949277,95.187126,,9592300.000000,DIS
2024-02-01,95.504253,97.050236,95.038474,96.188049,,8484800.000000,DIS
2024-02-02,95.415061,96.534914,94.959194,96.257423,,9319100.000000,DIS
2024-02-05,95.831285,96.495271,95.623172,95.781738,,11679300.000000,DIS
2024-02-06,96.049314,98.427755,95.920484,98.398026,,16455500.000000,DIS
2024-02-07,96.515096,98.388116,95.771833,98.249374,,28886300.000000,DIS
2024-02-08,106.118043,111.756921,105.840560,109.546959,,60558400.000000,DIS
2024-02-09,108.615404,109.160466,106.722567,107.416275,,21509100.000000,DIS
2024-02-12,106.910853,110.062285,106.861306,108.308189,,13424000.000000,DIS
2024-02-13,107.307258,109.655970,107.237887,109.467674,,14594500.000000,DIS
2024-02-14,109.586601,110.676717,108.684772,110.557793,,11405500.000000,DIS
2024-02-15,110.082101,111.905568,110.082101,111.439789,,9961900.000000,DIS
2024-02-16,111.013660,111.548810,110.161393,110.597435,,8779400.000000,DIS
2024-02-20,109.854170,110.131653,108.367645,108.456841,,9770900.000000,DIS
2024-02-21,107.505464,108.238814,106.276599,106.702736,,10454400.000000,DIS
2024-02-22,107.019866,107.515374,106.445082,106.673012,,9266200.000000,DIS
2024-02-23,106.603639,107.029776,104.879273,106.772110,,11724000.000000,DIS
2024-02-26,106.554088,107.782954,106.415346,106.712654,,8694200.000000,DIS
2024-02-27,106.811745,108.595578,106.811745,108.437012,,7595000.000000,DIS
2024-02-28,107.802761,110.042461,107.683844,109.804619,,10773000.000000,DIS
2024-02-29,110.141564,111.737101,109.973093,110.577614,,11658300.000000,DIS
2024-03-01,110.438877,111.142498,110.032557,110.944290,,7240100.000000,DIS
2024-03-04,111.657814,113.104697,110.795635,112.668655,,11558900.000000,DIS
2024-03-05,112.589383,114.155191,111.261417,111.856033,,14929600.000000,DIS
2024-03-06,112.064140,112.282165,108.268545,109.071266,,14743900.000000,DIS
2024-03-07,109.705518,110.082109,108.218994,109.190193,,8609300.000000,DIS
2024-03-08,109.190192,110.310038,108.357734,109.328934,,10004800.000000,DIS
2024-03-11,109.100991,111.895664,109.041532,111.301048,,8794300.000000,DIS
2024-03-12,111.509166,111.935303,110.637074,111.449707,,8085000.000000,DIS
2024-03-13,111.727199,113.104711,111.429898,111.489357,,7267900.000000,DIS
2024-03-14,110.736174,111.340695,108.526212,111.053299,,10520500.000000,DIS
2024-03-15,110.597436,111.945219,110.399236,110.944290,,15362600.000000,DIS
2024-03-18,111.281241,113.402016,111.281241,112.827225,,11820800.000000,DIS
2024-03-19,112.391176,114.135360,112.222698,113.481293,,10999700.000000,DIS
2024-03-20,113.580394,115.463326,113.332640,115.413773,,11699600.000000,DIS
2024-03-21,115.939015,116.305693,114.819169,115.651619,,10353500.000000,DIS
2024-03-22,115.869641,116.602999,114.799342,114.829079,,7133800.000000,DIS
2024-03-25,115.919199,118.337281,115.820098,118.287727,,12103600.000000,DIS
2024-03-26,118.555292,119.318379,117.128234,118.852600,,11870000.000000,DIS
2024-03-27,119.873349,120.933736,118.941791,119.893173,,10782800.000000,DIS
2024-03-28,120.160744,122.628373,120.111190,121.260773,,15367400.000000,DIS
2024-04-01,120.963462,121.300412,119.694962,120.438225,,8419700.000000,DIS
2024-04-02,119.139995,122.420257,119.080537,121.716637,,15517100.000000,DIS
2024-04-03,121.171578,122.578827,117.316525,117.911140,,22480400.000000,DIS
2024-04-04,118.148979,119.110266,115.909279,116.038109,,13815400.000000,DIS
2024-04-05,115.552520,117.792220,115.255220,117.316528,,9651500.000000,DIS
2024-04-08,116.959756,117.455264,115.770539,116.295776,,6266000.000000,DIS
2024-04-09,116.325514,117.445367,115.839918,116.910217,,7455400.000000,DIS
2024-04-10,115.552519,116.503894,115.324589,116.137222,,6746300.000000,DIS
2024-04-11,116.533622,117.217426,115.324588,116.097580,,6559400.000000,DIS
2024-04-12,115.344403,115.651616,112.708303,112.985786,,12146000.000000,DIS
2024-04-15,113.847965,114.511952,111.756919,111.935303,,9637100.000000,DIS
2024-04-16,111.806481,113.471389,111.509173,112.856956,,9291400.000000,DIS
2024-04-17,112.975875,113.183987,111.875846,111.925400,,7379000.000000,DIS
2024-04-18,112.163238,113.223625,111.182133,111.419975,,8235600.000000,DIS
2024-04-19,110.716362,111.707378,110.082112,111.598366,,9407800.000000,DIS
2024-04-22,112.083954,112.619103,110.746083,110.983925,,6901700.000000,DIS
2024-04-23,111.816385,113.213714,111.786656,112.688477,,6839300.000000,DIS
2024-04-24,112.123600,113.154258,112.123600,112.896591,,6157200.000000,DIS
2024-04-25,110.220849,111.875845,109.398303,111.756920,,8045900.000000,DIS
2024-04-26,110.845193,112.004681,110.319956,111.717293,,6304800.000000,DIS
2024-04-29,112.024495,112.856945,109.348746,111.073120,,7151200.000000,DIS
2024-04-30,110.993837,111.033479,109.804621,110.101921,,8156600.000000,DIS
2024-05-01,110.290224,110.983932,109.219924,109.487503,,6338400.000000,DIS
2024-05-02,110.428964,111.856030,109.566777,111.608276,,6799800.000000,DIS
2024-05-03,112.520007,113.084886,111.786657,112.638931,,7411100.000000,DIS
2024-05-06,113.768688,115.889462,113.124525,115.423683,,16303200.000000,DIS
2024-05-07,106.286513,106.910851,103.273822,104.443222,,55084600.000000,DIS
2024-05-08,103.957625,105.523433,103.501759,104.492775,,15238100.000000,DIS
2024-05-09,103.680149,105.176578,103.452211,104.849548,,15096000.000000,DIS
2024-05-10,105.959476,106.058576,104.472951,104.839630,,15884600.000000,DIS
2024-05-13,104.641423,105.681993,104.641423,104.879272,,9666400.000000,DIS
2024-05-14,104.354033,105.037830,104.007172,104.403580,,11278400.000000,DIS
2024-05-15,104.671159,104.928818,100.479156,101.846756,,20745600.000000,DIS
2024-05-16,102.114338,103.095443,101.916131,102.441376,,9476700.000000,DIS
2024-05-17,102.699032,102.887328,102.114336,102.322449,,7356000.000000,DIS
2024-05-20,102.401723,102.738665,101.598995,101.975586,,7667400.000000,DIS
2024-05-21,102.064785,102.768406,101.797214,102.084610,,7333300.000000,DIS
2024-05-22,102.054879,102.897241,101.826942,102.094513,,7190300.000000,DIS
2024-05-23,102.054880,102.084609,99.369219,99.755722,,10504000.000000,DIS
2024-05-24,99.944012,101.172870,99.785453,100.845840,,6447600.000000,DIS
2024-05-28,100.449422,101.935947,100.043102,101.519722,,7813100.000000,DIS
2024-05-29,100.845839,101.162964,99.864727,99.973740,,7376300.000000,DIS
2024-05-30,100.231403,101.153048,100.062932,100.786369,,7303700.000000,DIS
2024-05-31,100.607981,103.144988,100.498976,102.976517,,14735800.000000,DIS
2024-06-03,103.234181,103.283734,101.559368,101.846756,,6908600.000000,DIS
2024-06-04,101.192692,102.560292,100.717001,102.401733,,7269100.000000,DIS
2024-06-05,102.074690,102.153973,100.122386,100.588165,,10796900.000000,DIS
2024-06-06,100.142215,101.014307,99.904366,100.300774,,10294700.000000,DIS
2024-06-07,99.953916,101.351245,99.646703,100.627808,,6047800.000000,DIS
2024-06-10,100.340412,101.926037,99.735891,101.817024,,7633100.000000,DIS
2024-06-11,101.717925,101.955767,99.834992,99.963829,,9134200.000000,DIS
2024-06-12,100.290863,100.776467,99.349401,99.894463,,9041800.000000,DIS
2024-06-13,99.706159,100.162026,98.715143,99.190826,,10164600.000000,DIS
2024-06-14,98.913348,99.478227,98.358382,99.071915,,7087600.000000,DIS
2024-06-17,100.072837,101.004387,99.716070,100.607979,,10389000.000000,DIS
2024-06-18,100.211582,100.845832,99.706161,100.588165,,7044700.000000,DIS
2024-06-20,99.666522,101.024218,99.478227,100.925110,,7886900.000000,DIS
2024-06-21,100.885478,101.618828,100.677358,101.351250,,14144900.000000,DIS
2024-06-24,101.331429,102.153975,100.994487,101.063858,,7393600.000000,DIS
2024-06-25,101.737750,102.748583,100.855738,101.281876,,10343700.000000,DIS
2024-06-26,100.984579,101.450358,100.518800,101.262062,,10122300.000000,DIS
2024-06-27,101.123322,101.361164,100.895385,101.252151,,8365200.000000,DIS
2024-06-28,101.103496,101.658471,97.496197,98.398026,,21439400.000000,DIS
2024-07-01,98.507039,98.843981,97.000690,97.159256,,15299000.000000,DIS
2024-07-02,97.060157,97.109703,96.079045,97.109703,,13340300.000000,DIS
2024-07-03,96.961042,98.189908,96.951137,97.724129,,5030000.000000,DIS
2024-07-05,97.426828,97.426828,96.703390,97.109703,,8550800.000000,DIS
2024-07-08,97.259041,97.856392,96.462567,96.940453,,8167600.000000,DIS
2024-07-09,97.040010,97.099743,95.725833,96.621864,,9044400.000000,DIS
2024-07-10,96.522297,96.850843,95.825389,96.542213,,7761100.000000,DIS
2024-07-11,96.582038,97.149523,95.875171,96.173843,,7422600.000000,DIS
2024-07-12,96.671641,97.398424,96.552175,96.701508,,6465700.000000,DIS
2024-07-15,96.900627,97.059917,96.173844,96.442657,,7417700.000000,DIS
2024-07-16,96.591991,98.284496,96.114113,98.035599,,10755500.000000,DIS
2024-07-17,97.866352,98.174983,96.104157,96.880714,,9456100.000000,DIS
2024-07-18,96.930492,97.627401,96.253491,96.363007,,7529400.000000,DIS
2024-07-19,96.392880,96.392880,95.018970,95.317642,,9301000.000000,DIS
2024-07-22,94.690425,94.740207,93.077569,93.714745,,13377000.000000,DIS
2024-07-23,90.299872,91.285510,89.433715,90.538818,,22534700.000000,DIS
2024-07-24,89.821992,90.349653,89.184816,89.403847,,11768500.000000,DIS
2024-07-25,89.682609,90.100754,88.816444,88.816444,,10765300.000000,DIS
2024-07-26,89.602963,90.150539,88.945871,89.533272,,11301900.000000,DIS
2024-07-29,89.991241,92.141715,89.792126,91.733521,,13024800.000000,DIS
2024-07-30,91.265593,93.625141,91.265593,93.376244,,9896100.000000,DIS
2024-07-31,93.376245,94.421608,93.226905,93.276688,,10241800.000000,DIS
2024-08-01,93.445935,93.535535,92.191492,92.639511,,9263600.000000,DIS
2024-08-02,91.753436,91.793253,88.607373,89.174858,,15433600.000000,DIS
2024-08-05,86.506680,89.164900,86.038753,87.392754,,19103200.000000,DIS
2024-08-06,87.840775,91.504541,87.571962,89.573097,,21717500.000000,DIS
2024-08-07,87.611789,88.846317,85.371715,85.580788,,30581900.000000,DIS
2024-08-08,84.774363,85.949158,83.539836,85.580788,,21890500.000000,DIS
2024-08-09,85.750032,85.869506,84.336299,85.829681,,16008400.000000,DIS
2024-08-12,85.481224,85.998927,85.102903,85.570824,,11754600.000000,DIS
2024-08-13,86.078581,86.078581,84.933652,85.222374,,14615200.000000,DIS
2024-08-14,85.630567,86.158228,85.182548,85.919289,,9475100.000000,DIS
2024-08-15,86.865093,88.537682,86.825269,88.398300,,12401000.000000,DIS
2024-08-16,88.567548,89.274415,87.950280,88.906052,,10277700.000000,DIS
2024-08-19,89.015566,90.548766,89.015566,90.419342,,9723600.000000,DIS
2024-08-20,89.991243,90.270006,88.916005,89.344109,,8863400.000000,DIS
2024-08-21,89.821992,90.379519,89.035476,90.319786,,7637600.000000,DIS
2024-08-22,90.588595,90.976874,89.304285,89.523315,,7613000.000000,DIS
2024-08-23,89.752305,90.349656,89.284377,90.160492,,7369200.000000,DIS
2024-08-26,90.518900,91.395023,90.518900,91.375107,,8043800.000000,DIS
2024-08-27,91.026654,91.315375,90.349653,90.498993,,7237400.000000,DIS
2024-08-28,89.931513,90.220235,88.368439,89.095215,,8569700.000000,DIS
2024-08-29,90.050971,90.299869,89.234589,89.413795,,6181800.000000,DIS
2024-08-30,89.583056,90.050976,89.005613,89.981285,,8403600.000000,DIS
2024-09-03,89.214687,90.090802,88.149408,88.736801,,8465500.000000,DIS
2024-09-04,88.557590,89.622870,88.428166,88.856270,,6317200.000000,DIS
2024-09-05,89.274416,89.274416,87.950281,88.258919,,6234100.000000,DIS
2024-09-06,88.059800,88.696976,87.333025,87.552055,,7791500.000000,DIS
2024-09-09,87.830813,88.497856,87.422619,87.950279,,8750200.000000,DIS
2024-09-10,87.940334,88.497861,87.591880,88.010025,,6858300.000000,DIS
2024-09-11,87.661569,88.039889,86.208003,87.930374,,10779000.000000,DIS
2024-09-12,87.830814,88.935918,87.790990,88.906052,,7181700.000000,DIS
2024-09-13,89.055390,90.319791,88.995657,90.150543,,7084200.000000,DIS
2024-09-16,90.698110,91.962512,90.548770,91.444801,,9028600.000000,DIS
2024-09-17,91.962512,92.838627,91.763389,92.450348,,8193100.000000,DIS
2024-09-18,93.107435,93.655012,92.281102,93.167175,,10289800.000000,DIS
2024-09-19,94.401702,94.869629,92.908319,93.037743,,10912400.000000,DIS
2024-09-20,92.788841,93.595273,92.410521,93.336418,,19251500.000000,DIS
2024-09-23,93.286636,93.286636,91.753436,92.559860,,7338700.000000,DIS
2024-09-24,92.928226,93.376245,92.052110,93.276688,,7860300.000000,DIS
2024-09-25,93.226905,94.023379,92.938184,93.505669,,8408200.000000,DIS
2024-09-26,94.043288,95.367423,93.764525,94.780022,,10061600.000000,DIS
2024-09-27,95.068738,96.472522,94.859666,95.586449,,10155400.000000,DIS
2024-09-30,96.422740,97.139565,95.018964,95.765656,,7982300.000000,DIS
2024-10-01,94.770072,95.427156,92.908318,93.635101,,10099200.000000,DIS
2024-10-02,93.177123,94.162761,93.177123,93.734657,,6144200.000000,DIS
2024-10-03,93.197041,93.674919,92.719155,93.216949,,6180300.000000,DIS
2024-10-04,93.883999,94.919404,93.475804,94.730247,,6308900.000000,DIS
2024-10-07,94.670508,94.720290,91.355204,91.982422,,11043600.000000,DIS
2024-10-08,92.111841,93.326460,91.285508,92.101891,,10209100.000000,DIS
2024-10-09,91.454759,93.595275,91.056522,93.187080,,8654500.000000,DIS
2024-10-10,93.306556,93.465846,92.281101,92.579773,,6698000.000000,DIS
2024-10-11,92.440392,94.192630,92.390618,93.714745,,8089100.000000,DIS
2024-10-14,93.764525,94.770071,93.386204,94.551041,,6262000.000000,DIS
2024-10-15,94.829799,95.228036,93.266726,93.804344,,6535800.000000,DIS
2024-10-16,93.316515,96.363013,93.216950,96.323189,,9936300.000000,DIS
2024-10-17,96.502392,96.900629,95.188215,96.114113,,9542500.000000,DIS
2024-10-18,96.582040,97.109700,95.626276,96.850845,,8609700.000000,DIS
2024-10-21,96.771199,97.020096,95.526714,96.193764,,8189900.000000,DIS
2024-10-22,95.775606,96.830935,95.775606,96.313225,,5344300.000000,DIS
2024-10-23,96.502388,96.711461,95.566533,95.815430,,5388500.000000,DIS
2024-10-24,96.173844,96.372967,94.829801,94.979141,,5015300.000000,DIS
2024-10-25,95.387329,96.422742,94.590863,94.610771,,6638100.000000,DIS
2024-10-28,94.799939,96.263456,94.789981,95.775612,,8146400.000000,DIS
2024-10-29,95.835349,96.193761,95.257906,95.705917,,6834400.000000,DIS
2024-10-30,95.277813,96.283359,94.521171,94.660553,,7718200.000000,DIS
2024-10-31,94.849714,96.203715,94.580909,95.775612,,8147700.000000,DIS
2024-11-01,95.277814,95.964772,94.411657,95.387329,,7944900.000000,DIS
2024-11-04,95.407248,95.596405,94.610775,95.367424,,6088000.000000,DIS
2024-11-05,95.178258,96.243537,94.829803,96.203712,,6561700.000000,DIS
2024-11-06,97.776743,99.110835,97.776743,98.453743,,11325100.000000,DIS
2024-11-07,98.344229,99.080962,97.697095,98.493568,,7805100.000000,DIS
2024-11-08,98.294454,98.822115,97.179392,98.583168,,7982100.000000,DIS
2024-11-11,98.563259,100.454879,98.563259,100.415054,,9137900.000000,DIS
2024-11-12,100.106426,100.843159,99.061055,100.544479,,9366200.000000,DIS
2024-11-13,100.345367,102.744732,99.907306,102.266853,,17701300.000000,DIS
2024-11-14,109.843280,114.303512,107.921794,108.638618,,47436100.000000,DIS
2024-11-15,109.763632,114.681842,109.763632,114.572327,,32048000.000000,DIS
2024-11-18,112.830043,114.930736,112.391982,113.039116,,14236600.000000,DIS
2024-11-19,111.555694,112.003706,110.331117,111.924057,,12166800.000000,DIS
2024-11-20,111.764766,113.865459,110.978250,113.755943,,9319300.000000,DIS
2024-11-21,113.646428,115.737162,113.327840,114.213913,,10261000.000000,DIS
2024-11-22,113.347746,115.826760,113.098849,115.139809,,10098000.000000,DIS
2024-11-25,115.169678,116.065709,114.422987,115.488266,,10397800.000000,DIS
2024-11-26,115.488266,115.906411,114.930739,114.940689,,6808100.000000,DIS
2024-11-27,114.940690,117.678559,114.940690,117.081207,,8142400.000000,DIS
2024-11-29,116.742710,117.220588,116.215049,116.951782,,5095200.000000,DIS
2024-12-02,117.260410,118.106659,116.035841,116.643150,,8390500.000000,DIS
2024-12-03,116.483856,116.712845,114.940691,115.936279,,9194000.000000,DIS
2024-12-04,115.458395,116.772572,115.328964,116.473892,,7996200.000000,DIS
2024-12-05,116.035844,116.752661,115.548000,115.986061,,9823600.000000,DIS
2024-12-06,116.035844,116.742710,115.707297,116.215050,,6677900.000000,DIS
2024-12-09,115.876539,116.663055,113.407484,114.104393,,8666100.000000,DIS
2024-12-10,114.144220,114.442892,113.218323,114.223869,,7526400.000000,DIS
2024-12-11,114.134259,114.542454,113.477175,114.104393,,6426800.000000,DIS
2024-12-12,114.193998,114.502635,113.656386,114.393120,,5285100.000000,DIS
2024-12-13,113.815676,114.452852,112.800179,112.839996,,6864500.000000,DIS
2024-12-16,113.000000,113.070000,111.730003,112.110001,,10528500.000000,DIS
2024-12-17,111.029999,114.040001,110.800003,113.019997,,12238600.000000,DIS
2024-12-18,113.339996,116.120003,111.239998,111.349998,,12292800.000000,DIS
2024-12-19,111.660004,112.910004,111.250000,111.370003,,9468500.000000,DIS
2024-12-20,110.610001,112.970001,110.430000,112.029999,,17955300.000000,DIS
2024-12-23,111.610001,111.849998,110.309998,111.400002,,6037200.000000,DIS
2024-12-24,111.250000,112.739998,111.190002,112.559998,,2475000.000000,DIS
2024-12-26,112.120003,113.320000,111.860001,112.550003,,4781400.000000,DIS
2024-12-27,111.820000,112.120003,110.860001,111.550003,,4523800.000000,DIS
2024-12-30,110.430000,111.540001,109.830002,110.800003,,5716300.000000,DIS
2024-01-02,34.207575,35.331811,34.162243,35.250214,,23810900.000000,VZ
2024-01-03,35.839527,36.011791,35.476872,35.504070,,26263900.000000,VZ
2024-01-04,35.975530,36.129657,35.685405,35.694469,,24214600.000000,VZ
2024-01-05,35.785132,36.601107,35.631001,36.446980,,30212900.000000,VZ
2024-01-08,36.401650,36.501378,35.794199,36.356316,,28483000.000000,VZ
2024-01-09,36.185758,36.185758,35.743232,35.992153,,17880100.000000,VZ
2024-01-10,36.029034,36.047469,35.641821,36.029034,,16354700.000000,VZ
2024-01-11,35.982933,35.982933,34.627698,34.941154,,31289800.000000,VZ
2024-01-12,35.208509,35.743230,35.190070,35.549625,,18773500.000000,VZ
2024-01-16,35.568068,36.277951,35.356021,36.222637,,31039400.000000,VZ
2024-01-17,35.697139,36.351709,35.651040,35.835426,,21377100.000000,VZ
2024-01-18,35.521968,35.964494,35.457434,35.899960,,17112800.000000,VZ
2024-01-19,36.019810,36.351705,35.669476,36.259514,,20556200.000000,VZ
2024-01-22,36.324050,36.619068,36.241076,36.489998,,26039200.000000,VZ
2024-01-23,37.863670,38.951548,37.421144,38.933109,,49713700.000000,VZ
2024-01-24,38.933112,39.034525,37.974304,38.057278,,27910400.000000,VZ
2024-01-25,38.214005,38.997644,38.103374,38.988426,,24613200.000000,VZ
2024-01-26,38.988423,39.172810,38.813254,39.089836,,20367200.000000,VZ
2024-01-29,38.831697,39.080619,38.407610,38.767162,,23905700.000000,VZ
2024-01-30,38.721069,39.274225,38.545903,39.154377,,20044600.000000,VZ
2024-01-31,38.896231,39.836600,38.757943,39.043739,,23392300.000000,VZ
2024-02-01,39.347979,39.384857,38.693409,39.172813,,19586500.000000,VZ
2024-02-02,38.905451,39.154372,38.564337,38.840916,,21546500.000000,VZ
2024-02-05,38.721063,38.887011,38.057272,38.149467,,20466200.000000,VZ
2024-02-06,38.158687,38.324635,37.753039,37.891327,,17517600.000000,VZ
2024-02-07,37.891329,37.928207,37.209102,37.264416,,21815600.000000,VZ
2024-02-08,37.153784,37.218318,36.360923,36.794231,,19523500.000000,VZ
2024-02-09,36.785016,36.960181,36.194978,36.619068,,18479400.000000,VZ
2024-02-12,36.628285,37.033933,36.443899,36.969398,,15060500.000000,VZ
2024-02-13,37.061594,37.301294,36.582190,36.997059,,14483600.000000,VZ
2024-02-14,37.227535,37.375044,36.849544,37.015491,,12443200.000000,VZ
2024-02-15,37.070808,37.448799,37.043151,37.421143,,12081400.000000,VZ
2024-02-16,37.144570,37.494901,36.637509,37.328957,,12644900.000000,VZ
2024-02-20,37.255199,37.716164,37.126129,37.338173,,12069500.000000,VZ
2024-02-21,37.328952,37.909766,37.218318,37.891327,,16279700.000000,VZ
2024-02-22,37.568652,37.734600,36.978617,37.550213,,22068900.000000,VZ
2024-02-23,37.458027,37.937431,37.301297,37.485683,,15228600.000000,VZ
2024-02-26,37.430364,37.458024,36.351707,36.591408,,25108400.000000,VZ
2024-02-27,36.582189,36.858767,36.351707,36.812672,,17074100.000000,VZ
2024-02-28,36.840329,37.070811,36.748137,36.969398,,12437000.000000,VZ
2024-02-29,36.969398,37.089250,36.738915,36.895645,,20486500.000000,VZ
2024-03-01,36.867988,37.144566,36.665162,37.061592,,12124600.000000,VZ
2024-03-04,36.803446,37.181441,36.425455,37.163002,,18753900.000000,VZ
2024-03-05,37.199883,37.762260,36.803452,37.199883,,20640100.000000,VZ
2024-03-06,37.199881,37.218320,36.665163,36.812672,,16331100.000000,VZ
2024-03-07,36.969397,37.135345,36.305610,36.443897,,17100600.000000,VZ
2024-03-08,36.517660,36.766581,36.314834,36.425465,,17805300.000000,VZ
2024-03-11,36.480777,37.089250,36.471559,36.997059,,12344600.000000,VZ
2024-03-12,36.904864,37.116907,36.785015,36.997059,,12452700.000000,VZ
2024-03-13,37.144566,37.338170,36.932522,37.116905,,13751800.000000,VZ
2024-03-14,36.877205,36.932522,36.360923,36.665161,,17475400.000000,VZ
2024-03-15,36.508430,36.812669,36.084343,36.407021,,54890200.000000,VZ
2024-03-18,36.397802,36.840328,36.194977,36.812672,,16200800.000000,VZ
2024-03-19,36.766574,36.923301,36.702040,36.849548,,15226900.000000,VZ
2024-03-20,36.840326,37.126126,36.692818,36.987835,,15198800.000000,VZ
2024-03-21,36.987833,37.421142,36.858764,37.375046,,21868300.000000,VZ
2024-03-22,37.559436,37.623970,36.886424,37.218319,,17815600.000000,VZ
2024-03-25,37.365831,37.688508,37.319735,37.679287,,14587200.000000,VZ
2024-03-26,37.642411,37.799138,37.531777,37.660847,,17854100.000000,VZ
2024-03-27,37.891326,38.518239,37.891326,38.296978,,19260100.000000,VZ
2024-03-28,38.389168,38.859354,38.379950,38.684185,,19771400.000000,VZ
2024-04-01,38.711849,39.034523,38.287758,38.979206,,15031600.000000,VZ
2024-04-02,38.997645,39.347980,38.960767,39.218910,,17260800.000000,VZ
2024-04-03,39.255787,39.550804,39.209688,39.495487,,18211800.000000,VZ
2024-04-04,39.633776,40.030203,39.126712,39.135933,,16461400.000000,VZ
2024-04-05,38.951547,39.126713,38.361513,38.831696,,14330100.000000,VZ
2024-04-08,38.831693,38.859354,38.453702,38.472141,,14457800.000000,VZ
2024-04-09,38.467463,38.579885,37.980295,38.261353,,17227000.000000,VZ
2024-04-10,38.045873,38.092715,37.436913,37.961555,,17900400.000000,VZ
2024-04-11,37.895977,37.914714,37.558707,37.624287,,14782200.000000,VZ
2024-04-12,37.643025,37.717972,37.174595,37.212070,,21546100.000000,VZ
2024-04-15,37.577446,37.802290,37.333860,37.577446,,16442800.000000,VZ
2024-04-16,37.577444,37.605548,37.071538,37.258911,,14016800.000000,VZ
2024-04-17,37.333856,37.455649,36.968481,37.268276,,21009200.000000,VZ
2024-04-18,37.333861,37.633655,37.202701,37.596184,,20173700.000000,VZ
2024-04-19,37.474390,38.102084,37.455652,37.933453,,24693500.000000,VZ
2024-04-22,38.785995,39.010839,36.125313,36.162785,,51243200.000000,VZ
2024-04-23,36.453213,37.465023,36.237735,37.193333,,25972800.000000,VZ
2024-04-24,37.005961,37.155858,36.481318,36.996593,,15946600.000000,VZ
2024-04-25,36.809221,37.305755,36.500055,36.743641,,16837700.000000,VZ
2024-04-26,36.593743,37.436914,36.443845,37.174595,,18246200.000000,VZ
2024-04-29,37.380706,38.242615,37.352598,37.558708,,19438600.000000,VZ
2024-04-30,37.390073,37.399440,36.949748,36.996593,,20222200.000000,VZ
2024-05-01,36.846696,37.155858,36.659323,36.724903,,17754000.000000,VZ
2024-05-02,36.837325,36.987223,36.303315,36.471951,,17394900.000000,VZ
2024-05-03,36.584372,36.724903,36.303315,36.434475,,13195600.000000,VZ
2024-05-06,36.649952,36.865429,36.593742,36.846695,,13348800.000000,VZ
2024-05-07,37.034064,37.080910,36.621847,36.827957,,11935200.000000,VZ
2024-05-08,36.762380,37.071542,36.631217,36.987225,,10438000.000000,VZ
2024-05-09,37.015330,37.315128,36.893540,37.277653,,12881000.000000,VZ
2024-05-10,37.296385,37.867867,37.202697,37.849133,,16888500.000000,VZ
2024-05-13,37.792921,38.083348,37.558706,37.980293,,21365700.000000,VZ
2024-05-14,38.027137,38.120822,37.867869,37.933453,,17664400.000000,VZ
2024-05-15,38.177035,38.326932,37.886607,37.933453,,14926000.000000,VZ
2024-05-16,37.746078,37.886605,37.605548,37.708603,,12913200.000000,VZ
2024-05-17,37.839763,37.858501,37.315124,37.530602,,14670400.000000,VZ
2024-05-20,37.521231,37.764817,37.483756,37.586811,,8665000.000000,VZ
2024-05-21,37.568074,37.586811,36.799849,37.118382,,18327000.000000,VZ
2024-05-22,37.193335,37.643027,37.118385,37.277653,,12374100.000000,VZ
2024-05-23,37.099645,37.287017,36.640585,36.940380,,14105000.000000,VZ
2024-05-24,37.015327,37.230808,37.005960,37.230808,,10418800.000000,VZ
2024-05-28,37.212068,37.277648,36.696792,36.874798,,15071300.000000,VZ
2024-05-29,36.781112,36.977855,36.537530,36.631214,,17652000.000000,VZ
2024-05-30,36.743639,37.811659,36.706164,37.783554,,19636500.000000,VZ
2024-05-31,37.605547,38.673566,37.568071,38.551777,,38917400.000000,VZ
2024-06-03,38.579882,38.889044,38.317563,38.392509,,20688100.000000,VZ
2024-06-04,38.298829,38.935894,38.148932,38.935894,,16040200.000000,VZ
2024-06-05,38.973362,39.085788,38.533040,38.739147,,11964000.000000,VZ
2024-06-06,38.701679,39.085792,38.542411,38.720417,,10259100.000000,VZ
2024-06-07,38.561144,38.682937,38.233245,38.355034,,10410200.000000,VZ
2024-06-10,38.326935,38.345673,37.783558,37.858505,,15214000.000000,VZ
2024-06-11,37.746077,38.027135,37.680497,37.867867,,12083300.000000,VZ
2024-06-12,38.195771,38.223875,37.080909,37.258911,,15065300.000000,VZ
2024-06-13,37.240172,37.287014,36.818584,37.268276,,12297400.000000,VZ
2024-06-14,36.987224,37.324494,36.959119,37.165226,,10480600.000000,VZ
2024-06-17,37.099647,37.099647,36.490690,36.968487,,22286600.000000,VZ
2024-06-18,37.202699,37.643024,37.193332,37.549339,,17125700.000000,VZ
2024-06-20,37.324492,37.914715,37.296388,37.699238,,17704700.000000,VZ
2024-06-21,37.821027,37.830398,37.380705,37.699238,,30390200.000000,VZ
2024-06-24,37.839761,38.617357,37.774182,38.570511,,20773800.000000,VZ
2024-06-25,38.607991,39.001474,38.251987,38.486202,,18933000.000000,VZ
2024-06-26,38.411255,38.570520,38.139565,38.429993,,19709900.000000,VZ
2024-06-27,38.411250,38.448725,37.999033,38.242615,,15560800.000000,VZ
2024-06-28,38.280089,38.954629,38.120821,38.636097,,27639200.000000,VZ
2024-07-01,38.804728,39.329371,38.739148,39.104527,,16412100.000000,VZ
2024-07-02,39.001470,39.067050,38.148928,38.504932,,21659400.000000,VZ
2024-07-03,38.533041,38.776623,38.364406,38.523670,,6653900.000000,VZ
2024-07-05,38.570516,38.767259,38.364409,38.664204,,17552200.000000,VZ
2024-07-08,38.692306,38.963996,38.486199,38.907784,,15380400.000000,VZ
2024-07-09,38.851575,39.141999,38.607989,38.692307,,20475200.000000,VZ
2024-07-10,38.925596,39.163644,38.744678,39.116035,,13826800.000000,VZ
2024-07-11,39.116036,39.382649,38.801811,39.325516,,12487800.000000,VZ
2024-07-12,39.335041,39.582609,39.230299,39.449303,,11129100.000000,VZ
2024-07-15,39.449299,39.477864,38.754200,38.839897,,15874900.000000,VZ
2024-07-16,38.897028,39.563563,38.868464,39.468346,,16016900.000000,VZ
2024-07-17,39.563563,40.172965,39.534998,40.020615,,20401700.000000,VZ
2024-07-18,39.896834,40.487191,39.725439,40.058704,,15752800.000000,VZ
2024-07-19,40.277705,40.277705,39.449300,39.630215,,17608000.000000,VZ
2024-07-22,38.040058,38.087667,36.849818,37.221172,,54985800.000000,VZ
2024-07-23,36.887905,37.392565,36.868860,37.030731,,25257700.000000,VZ
2024-07-24,37.364002,37.925795,37.183084,37.773441,,22889000.000000,VZ
2024-07-25,37.954357,39.011290,37.887704,38.040054,,19740300.000000,VZ
2024-07-26,37.992448,38.249536,37.754400,38.173363,,15911500.000000,VZ
2024-07-29,38.163842,38.201927,37.773440,38.116230,,12937200.000000,VZ
2024-07-30,38.097191,38.335239,37.925800,38.125759,,16089200.000000,VZ
2024-07-31,38.116230,38.839898,38.068621,38.582806,,23605400.000000,VZ
2024-08-01,38.725631,39.211251,38.354277,38.897026,,18166800.000000,VZ
2024-08-02,39.230299,39.934919,38.478067,39.011295,,26124900.000000,VZ
2024-08-05,38.087667,38.344759,37.744878,37.897228,,26855000.000000,VZ
2024-08-06,38.059103,38.544719,37.859140,38.335236,,18104200.000000,VZ
2024-08-07,38.430456,38.773245,38.278105,38.354279,,12176300.000000,VZ
2024-08-08,38.354278,38.839898,38.325713,38.582806,,13237100.000000,VZ
2024-08-09,38.554243,38.849420,38.116232,38.801811,,11818700.000000,VZ
2024-08-12,38.992250,39.039858,38.382847,38.592327,,11099000.000000,VZ
2024-08-13,38.706593,38.849420,38.420933,38.830376,,15349400.000000,VZ
2024-08-14,38.658981,39.135077,38.554243,38.944641,,10931100.000000,VZ
2024-08-15,38.887512,38.963685,38.087671,38.125759,,17489600.000000,VZ
2024-08-16,38.182883,38.678023,38.144798,38.668503,,13377500.000000,VZ
2024-08-19,38.687548,38.906552,38.620895,38.792290,,9401400.000000,VZ
2024-08-20,38.716111,39.001768,38.687546,38.897026,,8784000.000000,VZ
2024-08-21,38.954161,39.106511,38.782766,39.087467,,13683400.000000,VZ
2024-08-22,39.135076,39.192209,38.668505,38.916073,,13529600.000000,VZ
2024-08-23,39.030339,39.258863,38.963682,39.239819,,11757300.000000,VZ
2024-08-26,39.392166,39.744479,39.268384,39.506432,,10309500.000000,VZ
2024-08-27,39.563563,39.649261,39.211253,39.468346,,9778200.000000,VZ
2024-08-28,39.506432,39.715911,39.382646,39.506432,,12732700.000000,VZ
2024-08-29,39.554045,39.582609,39.173167,39.277908,,17338100.000000,VZ
2024-08-30,39.325518,39.887312,39.201732,39.782570,,20009900.000000,VZ
2024-09-03,39.953963,40.877590,39.915875,40.877590,,23319900.000000,VZ
2024-09-04,40.944242,41.201334,39.230298,39.496910,,31272700.000000,VZ
2024-09-05,39.335041,39.811137,38.944643,39.335041,,28199800.000000,VZ
2024-09-06,39.382645,39.792088,39.163642,39.182686,,18100300.000000,VZ
2024-09-09,39.287430,40.734762,39.287430,40.687153,,27850300.000000,VZ
2024-09-10,40.744278,41.601249,40.353880,41.563164,,36980400.000000,VZ
2024-09-11,41.429857,41.725038,40.887108,41.705994,,22395500.000000,VZ
2024-09-12,41.420337,41.782171,41.353684,41.763126,,18399800.000000,VZ
2024-09-13,41.829778,42.343962,41.534597,42.305874,,20029700.000000,VZ
2024-09-16,42.477271,42.896234,42.334441,42.848625,,24714500.000000,VZ
2024-09-17,42.610577,42.610577,41.820256,41.972610,,18769600.000000,VZ
2024-09-18,41.991653,42.372531,41.686952,41.782173,,16897900.000000,VZ
2024-09-19,41.858346,41.867870,41.258468,41.839302,,23097200.000000,VZ
2024-09-20,41.686951,42.343965,41.563168,42.210659,,52671900.000000,VZ
2024-09-23,42.229698,42.401093,41.848824,42.144001,,18083200.000000,VZ
2024-09-24,42.096392,42.648665,42.020219,42.524879,,15154000.000000,VZ
2024-09-25,42.658187,42.734364,42.296353,42.420139,,21990100.000000,VZ
2024-09-26,42.467749,42.734365,42.239225,42.486794,,15779600.000000,VZ
2024-09-27,42.582014,42.896236,42.363011,42.743885,,15659300.000000,VZ
2024-09-30,42.972411,43.191415,42.648666,42.762928,,13509700.000000,VZ
2024-10-01,42.810536,43.077152,42.524879,43.048584,,17536400.000000,VZ
2024-10-02,42.972410,43.115236,42.724838,42.896233,,12040800.000000,VZ
2024-10-03,42.781973,42.810538,42.267789,42.391575,,12258400.000000,VZ
2024-10-04,41.677431,42.134482,41.467947,42.067829,,14531200.000000,VZ
2024-10-07,41.972611,42.029740,41.677430,41.744083,,12885000.000000,VZ
2024-10-08,41.896432,42.039262,41.601251,41.905952,,10855100.000000,VZ
2024-10-09,41.953566,42.134481,41.715518,42.001175,,12614200.000000,VZ
2024-10-10,42.008909,42.231331,41.399666,41.535053,,12352800.000000,VZ
2024-10-11,41.728464,41.815500,41.389993,41.583405,,10658700.000000,VZ
2024-10-14,41.583408,41.863855,41.477031,41.767147,,9923500.000000,VZ
2024-10-15,42.037925,42.521453,41.747805,42.299030,,15444500.000000,VZ
2024-10-16,42.299031,42.647168,42.221664,42.463428,,9459000.000000,VZ
2024-10-17,42.434417,42.550463,42.095946,42.405403,,10539500.000000,VZ
2024-10-18,42.386066,42.714861,42.231333,42.540794,,13058400.000000,VZ
2024-10-21,42.598814,42.743873,42.163638,42.260345,,18760000.000000,VZ
2024-10-22,40.519648,41.235267,39.407532,40.132824,,42576300.000000,VZ
2024-10-23,40.480961,41.486700,40.384253,41.448017,,27174700.000000,VZ
2024-10-24,40.983834,41.051528,40.268211,40.480965,,23506400.000000,VZ
2024-10-25,40.519647,40.790421,40.007104,40.016777,,19717400.000000,VZ
2024-10-28,40.084469,40.403596,40.026445,40.248867,,13575000.000000,VZ
2024-10-29,39.958753,40.306894,39.929743,39.968426,,15072300.000000,VZ
2024-10-30,39.968426,40.142493,39.765342,39.920071,,16372600.000000,VZ
2024-10-31,39.900728,41.244939,39.891059,40.742069,,31077900.000000,VZ
2024-11-01,40.732397,40.954820,39.939412,39.997437,,16682400.000000,VZ
2024-11-04,40.277880,40.393926,39.552589,39.707317,,14760900.000000,VZ
2024-11-05,39.658962,39.910399,39.484896,39.900726,,12322800.000000,VZ
2024-11-06,40.074798,40.297221,39.581601,39.804024,,21957100.000000,VZ
2024-11-07,39.726660,39.833033,39.175435,39.233459,,24225500.000000,VZ
2024-11-08,39.397860,39.504233,39.088399,39.146423,,21305900.000000,VZ
2024-11-11,39.136756,39.533249,39.078732,39.107742,,17116400.000000,VZ
2024-11-12,39.165765,39.262470,38.749931,39.069061,,16984600.000000,VZ
2024-11-13,39.069064,40.036120,38.982029,39.784683,,19953500.000000,VZ
2024-11-14,39.784680,39.900726,39.513906,39.523575,,13636600.000000,VZ
2024-11-15,39.455882,40.393927,39.455882,40.277882,,21482500.000000,VZ
2024-11-18,40.297218,41.177243,40.297218,40.858112,,17409000.000000,VZ
2024-11-19,40.819431,40.838773,40.422938,40.548656,,10520600.000000,VZ
2024-11-20,40.616348,40.887123,40.374584,40.829102,,14706500.000000,VZ
2024-11-21,40.829102,41.341640,40.626017,41.099876,,12534100.000000,VZ
2024-11-22,41.196582,41.912205,40.945149,41.728466,,17017400.000000,VZ
2024-11-25,41.912205,42.598814,41.883195,42.531120,,28365900.000000,VZ
2024-11-26,42.531121,43.033990,42.308698,42.908272,,17247000.000000,VZ
2024-11-27,43.014646,43.256410,42.908269,42.917942,,12372400.000000,VZ
2024-11-29,42.917944,43.053331,42.598814,42.879261,,9023100.000000,VZ
2024-12-02,42.811569,42.859921,42.086277,42.405403,,12783900.000000,VZ
2024-12-03,42.463429,42.956626,42.260348,42.386066,,15415900.000000,VZ
2024-12-04,42.289358,42.337710,41.012844,41.119221,,21431600.000000,VZ
2024-12-05,41.186915,41.457689,41.119221,41.148232,,16176900.000000,VZ
2024-12-06,41.128888,41.264275,40.635691,40.974159,,15685900.000000,VZ
2024-12-09,41.070866,41.680108,40.771077,40.964489,,15570300.000000,VZ
2024-12-10,40.974157,41.244935,40.684041,40.906464,,16337200.000000,VZ
2024-12-11,40.800090,41.061196,40.509974,40.606682,,13986100.000000,VZ
2024-12-12,40.674373,40.771077,40.432609,40.693714,,11232300.000000,VZ
2024-12-13,40.616352,41.003176,40.432613,40.887127,,13360400.000000,VZ
2024-12-16,40.771079,40.858115,39.465555,39.533249,,30228300.000000,VZ
2024-12-17,39.320497,39.765342,39.175437,39.436543,,15374000.000000,VZ
2024-12-18,39.359178,39.697646,38.885319,38.914333,,19199600.000000,VZ
2024-12-19,38.730591,39.127084,38.614546,38.653229,,17859100.000000,VZ
2024-12-20,38.614548,39.059393,38.604875,38.614548,,47590900.000000,VZ
2024-12-23,38.614545,38.807957,38.517841,38.624214,,21292300.000000,VZ
2024-12-24,38.585535,38.643556,38.169700,38.488827,,11712200.000000,VZ
2024-12-26,38.517840,38.846636,38.430805,38.643555,,12946400.000000,VZ
2024-12-27,38.546849,38.836965,38.343768,38.604870,,15168100.000000,VZ
2024-12-30,38.488826,38.527509,38.102006,38.295414,,15672000.000000,VZ
2024-01-02,258.686414,258.706261,251.964574,254.307785,,4741400.000000,CRM
2024-01-03,251.696488,252.351796,249.978800,250.048294,,5097100.000000,CRM
2024-01-04,250.038359,250.842594,248.062512,249.452560,,4489800.000000,CRM
2024-01-05,249.422776,252.103564,248.390166,249.333405,,3675600.000000,CRM
2024-01-08,250.415661,259.699132,249.601488,259.014038,,6626000.000000,CRM
2024-01-09,257.653777,262.052252,256.938898,259.480682,,4571800.000000,CRM
2024-01-10,261.396988,264.564295,260.880698,262.250885,,5128300.000000,CRM
2024-01-11,266.093352,271.018056,263.213990,269.449310,,9012600.000000,CRM
2024-01-12,269.300329,273.281779,269.131525,269.995331,,4847000.000000,CRM
2024-01-16,267.781253,269.637944,265.815329,267.274872,,5858700.000000,CRM
2024-01-17,266.381237,269.965538,262.250830,269.508820,,4706500.000000,CRM
2024-01-18,271.057750,273.728615,270.203883,272.507355,,4752400.000000,CRM
2024-01-19,274.542779,279.993710,273.569740,278.881683,,7394000.000000,CRM
2024-01-22,281.770977,283.687239,278.176736,278.305786,,6735900.000000,CRM
2024-01-23,278.832016,279.705760,273.748447,274.800903,,6573800.000000,CRM
2024-01-24,277.988108,278.961116,274.721506,274.910156,,7037800.000000,CRM
2024-01-25,276.627805,277.859004,274.890256,277.044830,,4178000.000000,CRM
2024-01-26,277.293056,281.324169,276.707257,277.948364,,4877400.000000,CRM
2024-01-29,279.397980,286.099957,279.000832,285.812012,,5762300.000000,CRM
2024-01-30,285.583689,287.231883,284.481570,285.682983,,4810900.000000,CRM
2024-01-31,282.029112,283.597888,278.822111,279.090179,,4557300.000000,CRM
2024-02-01,280.003671,283.022021,279.358271,281.780914,,3218300.000000,CRM
2024-02-02,283.170967,286.109899,281.145472,283.627686,,3629600.000000,CRM
2024-02-05,284.213489,286.993557,279.358264,286.060242,,5274800.000000,CRM
2024-02-06,285.891452,286.586484,279.904354,283.796448,,4207200.000000,CRM
2024-02-07,285.305675,287.738226,283.170977,286.785065,,3621400.000000,CRM
2024-02-08,287.241754,291.024645,286.924054,289.872925,,4488400.000000,CRM
2024-02-09,291.163678,293.139510,288.979318,289.227539,,4376300.000000,CRM
2024-02-12,288.750947,288.929659,284.958118,285.275848,,3750000.000000,CRM
2024-02-13,278.414994,281.413497,274.453391,279.149719,,4956600.000000,CRM
2024-02-14,282.972366,287.400627,282.614941,287.092834,,3850700.000000,CRM
2024-02-15,289.267239,289.922547,285.960944,289.862976,,3986500.000000,CRM
2024-02-16,289.922561,289.992070,285.831877,287.658783,,4159100.000000,CRM
2024-02-20,287.440399,288.780801,282.128455,284.352539,,4295500.000000,CRM
2024-02-21,278.077432,281.552531,276.379576,281.532654,,3799000.000000,CRM
2024-02-22,289.922597,292.533891,289.326859,291.560852,,5264300.000000,CRM
2024-02-23,295.879875,295.879875,289.009094,290.716858,,4416800.000000,CRM
2024-02-26,293.487030,301.668398,292.901232,298.252899,,8719300.000000,CRM
2024-02-27,299.434390,299.603194,294.489840,297.369202,,6178800.000000,CRM
2024-02-28,297.448617,298.739387,294.499746,297.637268,,12490800.000000,CRM
2024-02-29,297.865637,308.330658,292.692713,306.622894,,21737800.000000,CRM
2024-03-01,304.815836,316.442516,304.438535,314.625549,,9450200.000000,CRM
2024-03-04,312.332011,315.390085,311.309340,312.401520,,9350000.000000,CRM
2024-03-05,309.095150,310.326318,294.033095,296.624512,,9015300.000000,CRM
2024-03-06,302.482570,303.713768,300.586155,301.608826,,8270000.000000,CRM
2024-03-07,303.822980,304.587491,299.603216,300.268463,,6788900.000000,CRM
2024-03-08,300.050019,306.672549,300.050019,303.108093,,4849800.000000,CRM
2024-03-11,300.486917,305.421529,298.113906,303.822998,,4895500.000000,CRM
2024-03-12,304.527924,306.841365,301.708133,304.438568,,4832000.000000,CRM
2024-03-13,303.225677,305.939807,301.346658,302.907532,,5548800.000000,CRM
2024-03-14,303.225639,307.689508,300.243092,301.555420,,4828800.000000,CRM
2024-03-15,297.220807,298.304462,292.060997,292.617737,,11884500.000000,CRM
2024-03-18,297.876973,299.219126,294.297910,298.761810,,5240500.000000,CRM
2024-03-19,296.445354,300.014465,294.894431,299.696350,,3329900.000000,CRM
2024-03-20,300.213302,305.233911,298.940749,304.299377,,4946600.000000,CRM
2024-03-21,306.148583,309.986114,304.567837,306.595978,,6083900.000000,CRM
2024-03-22,307.520554,308.425264,304.866074,305.979553,,3779000.000000,CRM
2024-03-25,301.933285,305.919936,300.780029,304.279541,,4141200.000000,CRM
2024-03-26,305.691237,306.188328,303.116308,304.050812,,3893900.000000,CRM
2024-03-27,305.651421,307.500586,296.892677,299.626678,,3859900.000000,CRM
2024-03-28,298.254759,301.038458,297.886916,299.427887,,4892300.000000,CRM
2024-04-01,299.934926,301.744346,298.244804,300.501617,,2918100.000000,CRM
2024-04-02,295.769260,302.688761,293.174458,302.231445,,4746100.000000,CRM
2024-04-03,302.221526,305.373098,301.336720,302.967163,,3047400.000000,CRM
2024-04-04,306.466716,309.489009,290.400723,292.428864,,8351000.000000,CRM
2024-04-05,291.832353,301.654881,291.593729,300.153656,,4917600.000000,CRM
2024-04-08,299.348361,301.734393,297.777536,299.974701,,3142900.000000,CRM
2024-04-09,301.555447,303.822182,297.509117,300.610962,,2998100.000000,CRM
2024-04-10,296.713807,299.169439,296.415534,297.876984,,3036400.000000,CRM
2024-04-11,297.727844,299.338415,294.685648,297.409698,,3468600.000000,CRM
2024-04-12,295.142941,296.117251,291.792551,292.607788,,3816700.000000,CRM
2024-04-15,281.294010,284.813424,270.079632,271.312408,,18365100.000000,CRM
2024-04-16,273.181438,278.927811,270.855055,275.796143,,7624300.000000,CRM
2024-04-17,276.124247,277.347102,273.241123,274.712524,,4199400.000000,CRM
2024-04-18,274.712532,274.722453,268.180745,270.338135,,5918200.000000,CRM
2024-04-19,270.904750,271.560914,267.166645,268.797089,,4903600.000000,CRM
2024-04-22,277.764626,278.072820,267.991796,272.217072,,6747200.000000,CRM
2024-04-23,273.350488,275.090307,268.836891,275.070404,,6285200.000000,CRM
2024-04-24,276.382720,277.317254,272.515335,274.583252,,3938800.000000,CRM
2024-04-25,270.019945,271.988407,267.713435,271.550995,,4811900.000000,CRM
2024-04-26,273.400197,275.289138,271.869147,272.694336,,3754600.000000,CRM
2024-04-29,273.290833,275.676865,271.630535,274.135864,,3576400.000000,CRM
2024-04-30,272.913031,273.012425,266.798784,267.375427,,5218000.000000,CRM
2024-05-01,267.454990,272.406030,264.999357,267.126923,,3761000.000000,CRM
2024-05-02,268.856783,271.491361,266.381278,270.546906,,3859900.000000,CRM
2024-05-03,275.209614,276.054675,271.759799,272.067993,,4041600.000000,CRM
2024-05-06,274.563417,275.517824,272.465676,274.026550,,3744800.000000,CRM
2024-05-07,273.986758,277.257627,272.475612,275.567505,,3507700.000000,CRM
2024-05-08,274.125935,278.311435,274.125935,277.347076,,3283300.000000,CRM
2024-05-09,270.586666,273.748159,269.493060,273.569214,,4709700.000000,CRM
2024-05-10,274.493795,278.013209,273.370363,275.060486,,2912300.000000,CRM
2024-05-13,275.527754,276.183887,273.589086,275.905518,,2998700.000000,CRM
2024-05-14,275.348770,277.237711,273.439957,275.189697,,3056800.000000,CRM
2024-05-15,278.112607,286.125715,278.102686,285.867249,,5828500.000000,CRM
2024-05-16,287.736341,288.332827,282.924471,283.023895,,3559200.000000,CRM
2024-05-17,285.370160,285.668402,282.606334,283.948456,,3478900.000000,CRM
2024-05-20,284.336181,286.046176,283.451344,285.399963,,2799300.000000,CRM
2024-05-21,285.121594,285.549085,281.641955,282.109222,,3492100.000000,CRM
2024-05-22,281.761266,285.419850,281.184623,282.168884,,3309200.000000,CRM
2024-05-23,285.012207,285.330352,275.845844,276.949402,,5456600.000000,CRM
2024-05-24,269.353890,273.360444,266.967857,270.705994,,8321600.000000,CRM
2024-05-28,271.511250,271.640499,265.605804,268.260254,,9294100.000000,CRM
2024-05-29,266.440920,271.282584,266.212247,270.039856,,13397900.000000,CRM
2024-05-30,222.100357,223.780528,210.766683,216.741714,,66860900.000000,CRM
2024-05-31,217.835322,233.255087,214.803063,233.076141,,36807400.000000,CRM
2024-06-03,233.255104,239.588057,228.870771,235.243469,,19962700.000000,CRM
2024-06-04,234.348696,239.190359,230.849169,233.493698,,11197500.000000,CRM
2024-06-05,234.269170,235.541722,230.202967,235.153992,,10772100.000000,CRM
2024-06-06,238.484497,245.314526,238.056991,241.347733,,11693800.000000,CRM
2024-06-07,240.920242,242.510925,238.892102,240.443039,,6883800.000000,CRM
2024-06-10,240.383378,242.222622,239.031289,240.433090,,7660100.000000,CRM
2024-06-11,239.757037,242.331966,234.885534,239.588028,,7264400.000000,CRM
2024-06-12,239.160541,240.791000,233.523528,234.428238,,10260100.000000,CRM
2024-06-13,234.149882,234.279116,227.329789,227.697632,,13566700.000000,CRM
2024-06-14,228.015769,233.881440,227.866633,230.590698,,8833700.000000,CRM
2024-06-17,228.940342,230.491264,226.444949,229.139175,,10563700.000000,CRM
2024-06-18,229.139177,230.938644,227.896448,230.461441,,7119800.000000,CRM
2024-06-20,231.495396,242.351866,231.495396,240.393326,,14809600.000000,CRM
2024-06-21,239.170484,243.942548,238.792690,243.634354,,15928800.000000,CRM
2024-06-24,241.775237,242.988141,238.414895,238.544144,,7545700.000000,CRM
2024-06-25,240.373434,241.685762,238.474542,240.353546,,6216600.000000,CRM
2024-06-26,240.065254,242.192804,238.504380,241.735474,,4524700.000000,CRM
2024-06-27,243.574720,257.095608,243.027916,251.379059,,12869000.000000,CRM
2024-06-28,252.025246,258.666378,251.707101,255.604309,,12619300.000000,CRM
2024-07-01,256.648214,257.970494,253.049278,254.719498,,5871700.000000,CRM
2024-07-02,253.566248,256.230665,252.582002,254.699615,,5130600.000000,CRM
2024-07-03,255.485040,259.700364,255.445264,259.431946,,4755700.000000,CRM
2024-07-05,261.191608,264.263628,259.799758,261.658875,,6562100.000000,CRM
2024-07-08,259.859439,261.310937,255.693811,255.872757,,6539300.000000,CRM
2024-07-09,254.996503,255.902621,250.017852,251.352127,,7014900.000000,CRM
2024-07-10,250.127395,253.712030,245.059133,251.511459,,8947700.000000,CRM
2024-07-11,251.521421,254.329372,249.848587,250.047729,,5341800.000000,CRM
2024-07-12,250.545587,254.199915,248.623836,252.885559,,4705500.000000,CRM
2024-07-15,254.926799,255.295245,251.043458,251.780304,,4404300.000000,CRM
2024-07-16,252.696375,255.683565,251.591114,254.936768,,4780400.000000,CRM
2024-07-17,252.915437,254.478740,248.544182,250.147308,,5625300.000000,CRM
2024-07-18,251.063363,251.372037,244.670778,246.293823,,6351600.000000,CRM
2024-07-19,247.588281,247.926841,244.123144,246.572647,,4468900.000000,CRM
2024-07-22,247.687844,254.488682,246.941046,252.995087,,5647600.000000,CRM
2024-07-23,255.494365,256.231195,252.666495,254.966629,,3905500.000000,CRM
2024-07-24,252.547007,254.817270,247.837193,248.713440,,5204100.000000,CRM
2024-07-25,253.652269,262.952369,250.645160,255.424652,,7155800.000000,CRM
2024-07-26,257.067664,263.360655,255.972355,261.588257,,6127300.000000,CRM
2024-07-29,261.588243,264.943848,257.416131,257.485840,,5101400.000000,CRM
2024-07-30,258.511461,259.636641,254.030675,256.828674,,3944300.000000,CRM
2024-07-31,255.115979,260.711977,254.259665,257.694916,,4647700.000000,CRM
2024-08-01,258.790236,262.235454,248.673631,251.979446,,5527400.000000,CRM
2024-08-02,246.731949,246.941059,240.090432,242.928268,,6504500.000000,CRM
2024-08-05,231.328019,240.787455,231.218489,237.989441,,6899300.000000,CRM
2024-08-06,240.060544,242.808769,237.013613,237.401947,,5673900.000000,CRM
2024-08-07,241.574063,245.477323,238.636663,239.015030,,4035500.000000,CRM
2024-08-08,242.201377,248.364933,242.042056,248.056259,,4474300.000000,CRM
2024-08-09,247.638058,251.869911,247.389126,251.451706,,2975300.000000,CRM
2024-08-12,251.521408,253.005036,247.956693,250.236908,,3679700.000000,CRM
2024-08-13,251.919704,254.687833,251.919704,253.512878,,4031600.000000,CRM
2024-08-14,254.299506,256.609592,252.776040,254.229813,,4145200.000000,CRM
2024-08-15,256.798773,261.767487,255.145858,261.667908,,5167900.000000,CRM
2024-08-16,260.632334,262.474440,258.571165,261.787384,,3494900.000000,CRM
2024-08-19,261.976593,264.256824,260.512869,264.246857,,4501300.000000,CRM
2024-08-20,263.818691,264.366330,259.915415,260.721954,,5731300.000000,CRM
2024-08-21,259.985126,261.020693,258.073311,259.975159,,4648200.000000,CRM
2024-08-22,260.383418,262.135913,256.171469,257.485840,,5111400.000000,CRM
2024-08-23,260.871315,264.465916,259.586845,262.872742,,4711300.000000,CRM
2024-08-26,262.813003,266.158642,262.115980,264.147278,,3818300.000000,CRM
2024-08-27,258.541279,263.330738,258.292347,263.071869,,5276400.000000,CRM
2024-08-28,260.711976,264.047678,256.261062,257.794495,,10981900.000000,CRM
2024-08-29,269.852819,270.788807,255.185704,255.912598,,14301700.000000,CRM
2024-08-30,256.340752,258.023539,249.928248,251.820129,,10507700.000000,CRM
2024-09-03,251.541320,252.606758,245.586859,247.000793,,6190400.000000,CRM
2024-09-04,245.417581,248.414723,244.113177,246.622406,,4706500.000000,CRM
2024-09-05,244.929690,247.438934,243.953879,245.069092,,4083600.000000,CRM
2024-09-06,246.682175,248.932520,240.409073,242.928268,,6259400.000000,CRM
2024-09-09,245.447463,248.295251,243.724854,244.710617,,4588800.000000,CRM
2024-09-10,246.074777,246.283871,242.271080,245.108917,,3544800.000000,CRM
2024-09-11,243.764679,248.952440,240.976632,248.504364,,4822200.000000,CRM
2024-09-12,250.316575,253.054833,248.504354,252.288116,,5221400.000000,CRM
2024-09-13,251.461656,255.733331,251.372044,253.483002,,4998900.000000,CRM
2024-09-16,253.482999,256.709154,253.482999,255.813004,,5367000.000000,CRM
2024-09-17,257.615267,258.262486,253.672170,254.100342,,5423400.000000,CRM
2024-09-18,255.307079,255.426749,250.280728,251.746735,,4436700.000000,CRM
2024-09-19,260.014295,268.810429,257.351509,265.270020,,11022800.000000,CRM
2024-09-20,265.290011,269.588342,260.612702,266.077850,,11463200.000000,CRM
2024-09-23,266.526623,267.334428,261.530174,263.494843,,6034000.000000,CRM
2024-09-24,269.099643,271.722529,265.569247,269.708008,,7154500.000000,CRM
2024-09-25,269.717982,276.300094,268.650871,273.348114,,7920000.000000,CRM
2024-09-26,275.382604,277.885820,271.971848,275.013611,,5253400.000000,CRM
2024-09-27,275.512259,277.087969,274.315495,275.891235,,5220100.000000,CRM
2024-09-30,273.208518,274.993651,268.411539,272.969147,,5059700.000000,CRM
2024-10-01,273.398010,273.956491,268.960042,270.136841,,4369900.000000,CRM
2024-10-02,272.979122,281.236709,270.116895,278.723541,,8512300.000000,CRM
2024-10-03,278.234842,280.359081,276.978273,280.149658,,3868400.000000,CRM
2024-10-04,283.091675,287.110797,280.708160,286.971161,,6129900.000000,CRM
2024-10-07,285.804282,287.390005,282.612962,283.799744,,4794700.000000,CRM
2024-10-08,285.225862,291.837921,283.331011,290.780792,,5211200.000000,CRM
2024-10-09,290.032830,290.780800,286.302933,287.140686,,4851000.000000,CRM
2024-10-10,287.140673,289.444418,283.849587,289.384583,,3965500.000000,CRM
2024-10-11,288.427202,289.454413,285.525075,287.320221,,3597000.000000,CRM
2024-10-14,289.135301,291.658452,287.469808,290.850647,,3642500.000000,CRM
2024-10-15,292.665673,292.785343,287.220460,287.569519,,3850800.000000,CRM
2024-10-16,286.771685,290.132589,283.460694,290.072723,,3497000.000000,CRM
2024-10-17,291.169727,292.545996,289.314776,290.322021,,2830000.000000,CRM
2024-10-18,291.249537,293.912293,289.364638,292.147095,,3087900.000000,CRM
2024-10-21,288.217777,292.127180,287.260384,290.501587,,2712600.000000,CRM
2024-10-22,288.965730,291.149805,286.871408,287.549561,,3100100.000000,CRM
2024-10-23,286.951212,287.519646,281.855027,283.660126,,3227100.000000,CRM
2024-10-24,285.784385,288.128031,284.408116,285.983856,,3210700.000000,CRM
2024-10-25,289.215082,293.583232,288.048235,289.673828,,3351200.000000,CRM
2024-10-28,292.805300,295.268616,291.698289,292.974823,,3867800.000000,CRM
2024-10-29,293.204215,299.786357,292.017434,298.080994,,4280700.000000,CRM
2024-10-30,296.265917,298.729233,295.547865,295.597717,,2826500.000000,CRM
2024-10-31,291.808042,295.288586,288.766279,290.581360,,4301800.000000,CRM
2024-11-01,289.444465,296.186147,289.215076,293.922302,,3527500.000000,CRM
2024-11-04,297.183404,299.367478,292.127150,297.203369,,5107900.000000,CRM
2024-11-05,296.634901,298.001188,293.942197,296.684753,,4456100.000000,CRM
2024-11-06,304.174454,307.724816,302.249686,306.069305,,5874900.000000,CRM
2024-11-07,306.667691,311.344999,305.171751,309.938812,,5722600.000000,CRM
2024-11-08,309.190834,321.936240,308.602434,321.078583,,8485000.000000,CRM
2024-11-11,324.369649,343.946522,324.369649,340.805054,,13954200.000000,CRM
2024-11-12,338.371672,347.915747,337.593785,340.226624,,7659700.000000,CRM
2024-11-13,344.564811,347.247532,337.853017,340.795044,,6902900.000000,CRM
2024-11-14,341.513123,345.063484,329.924579,330.752319,,7630600.000000,CRM
2024-11-15,326.045101,329.366105,323.302545,324.379639,,7093000.000000,CRM
2024-11-18,326.114889,326.114889,319.343260,321.377747,,4251100.000000,CRM
2024-11-19,318.136563,323.821147,315.144683,322.554565,,5469900.000000,CRM
2024-11-20,324.409557,326.374226,321.138436,324.818451,,3763500.000000,CRM
2024-11-21,330.453153,342.011779,327.710596,334.871155,,8364200.000000,CRM
2024-11-22,338.032571,341.882108,334.871138,341.094238,,5649400.000000,CRM
2024-11-25,344.066211,346.908503,337.374381,338.192139,,7117200.000000,CRM
2024-11-26,341.054365,342.879398,338.222056,342.251099,,4492800.000000,CRM
2024-11-27,335.549284,336.466807,327.989814,329.116760,,7471500.000000,CRM
2024-11-29,328.448567,331.091388,326.364228,329.096802,,3517600.000000,CRM
2024-12-02,331.101385,333.594619,329.216486,330.114075,,6063400.000000,CRM
2024-12-03,326.513807,331.899185,322.773958,330.532898,,12632400.000000,CRM
2024-12-04,365.817139,368.001214,355.684636,366.874268,,24733100.000000,CRM
2024-12-05,359.803473,364.460846,355.704613,360.401855,,10942100.000000,CRM
2024-12-06,364.002042,366.156199,360.112605,361.010162,,5738900.000000,CRM
2024-12-09,360.720994,360.720994,349.840521,350.618408,,6475000.000000,CRM
2024-12-10,350.399005,354.527784,346.489602,347.875854,,6033000.000000,CRM
2024-12-11,352.533192,359.225052,350.927564,353.889526,,7546600.000000,CRM
2024-12-12,354.039116,359.025582,351.964759,357.060913,,5422000.000000,CRM
2024-12-13,363.014757,363.812580,351.545884,353.350983,,5538000.000000,CRM
2024-12-16,349.830538,357.100815,349.611132,356.263092,,5482300.000000,CRM
2024-12-17,355.933961,356.263085,348.165038,350.020020,,6911000.000000,CRM
2024-12-18,353.943854,354.213419,334.714059,336.700958,,8400000.000000,CRM
2024-12-19,341.163965,342.991081,334.903782,335.702545,,7423400.000000,CRM
2024-12-20,332.217982,345.906496,330.620517,343.110870,,14932300.000000,CRM
2024-12-23,341.713086,343.310582,336.151817,342.362061,,5330300.000000,CRM
2024-12-24,342.461899,344.408852,340.295290,343.889648,,1811000.000000,CRM
2024-12-26,344.338945,344.338945,340.494979,341.183899,,3483300.000000,CRM
2024-12-27,339.816081,341.733052,334.744033,337.919067,,3220400.000000,CRM
2024-12-30,332.946859,337.579564,331.089762,335.213287,,3411100.000000,CRM
2024-01-02,48.549777,48.727398,46.822905,47.168278,,45905700.000000,INTC
2024-01-03,46.477534,47.178154,46.181500,46.428196,,35858400.000000,INTC
2024-01-04,45.115773,46.536741,44.642117,46.250572,,47797800.000000,INTC
2024-01-05,46.408459,47.197889,46.023613,46.270309,,34332100.000000,INTC
2024-01-08,46.447929,48.115593,46.349252,47.809692,,42135100.000000,INTC
2024-01-09,47.375506,47.918240,47.168282,47.414978,,30097000.000000,INTC
2024-01-10,47.602468,47.661673,46.319646,46.842644,,31480200.000000,INTC
2024-01-11,46.813041,47.207756,46.112425,47.010399,,31707900.000000,INTC
2024-01-12,46.970921,47.039995,45.994007,46.497265,,27448800.000000,INTC
2024-01-16,46.359116,46.595946,45.767047,46.438061,,43720700.000000,INTC
2024-01-17,45.806518,45.806518,45.046697,45.451279,,33488000.000000,INTC
2024-01-18,46.408460,46.941324,45.559825,46.122295,,46681300.000000,INTC
2024-01-19,46.378853,48.115592,45.826253,47.513657,,55912900.000000,INTC
2024-01-22,48.204404,48.520175,47.010397,47.582733,,45639500.000000,INTC
2024-01-23,47.484053,48.293216,46.694627,48.243877,,37224100.000000,INTC
2024-01-24,48.520172,49.112244,47.632068,48.441231,,49375800.000000,INTC
2024-01-25,49.339211,49.635245,48.322824,48.895157,,84845100.000000,INTC
2024-01-26,43.596126,44.809870,42.777093,43.073132,,127665300.000000,INTC
2024-01-29,43.132333,43.408635,42.244230,43.260616,,51790900.000000,INTC
2024-01-30,43.092860,43.240879,42.323169,42.352772,,47958800.000000,INTC
2024-01-31,42.007404,43.211282,41.800180,42.510666,,51584200.000000,INTC
2024-02-01,42.579737,42.994184,41.928459,42.786961,,38819900.000000,INTC
2024-02-02,42.431718,42.569867,41.050218,42.037003,,53669900.000000,INTC
2024-02-05,42.056739,42.579737,41.869251,42.204758,,28890300.000000,INTC
2024-02-06,42.259191,42.338363,41.704970,42.298779,,34068200.000000,INTC
2024-02-07,42.447229,42.655060,42.110738,42.338364,,34269200.000000,INTC
2024-02-08,42.278986,42.526406,41.893013,42.061256,,33206500.000000,INTC
2024-02-09,42.110740,43.070727,41.962290,42.862896,,51193000.000000,INTC
2024-02-12,42.942066,44.575034,42.872789,43.575459,,51107300.000000,INTC
2024-02-13,42.556095,43.179592,42.318571,42.714443,,36622200.000000,INTC
2024-02-14,43.367627,43.832777,42.942066,43.733807,,36186200.000000,INTC
2024-02-15,44.297922,44.802660,43.565564,43.595253,,44024500.000000,INTC
2024-02-16,43.575461,43.763502,42.674856,43.060829,,29858600.000000,INTC
2024-02-20,43.803084,44.703689,42.971755,44.060402,,61514100.000000,INTC
2024-02-21,44.020812,44.228643,42.635267,43.021240,,57715000.000000,INTC
2024-02-22,44.218752,44.218752,42.090945,42.536301,,62809300.000000,INTC
2024-02-23,42.684750,43.060824,42.219601,42.546196,,33810700.000000,INTC
2024-02-26,43.050929,43.229071,42.377949,42.546196,,27035400.000000,INTC
2024-02-27,42.803512,42.823306,42.071149,42.288879,,25126400.000000,INTC
2024-02-28,42.001874,42.011773,41.477346,41.556522,,26928500.000000,INTC
2024-02-29,41.932595,42.704545,41.922700,42.605576,,48875100.000000,INTC
2024-03-01,42.961859,43.812981,42.684751,43.367626,,41396900.000000,INTC
2024-03-04,43.812982,46.128825,43.397316,45.139149,,59990800.000000,INTC
2024-03-05,44.099992,44.406789,42.249294,42.714443,,56655100.000000,INTC
2024-03-06,43.476492,45.040179,43.110313,44.050503,,52652000.000000,INTC
2024-03-07,45.079768,45.940786,44.713589,45.673576,,50378200.000000,INTC
2024-03-08,45.960578,46.148619,43.545769,43.545769,,54793800.000000,INTC
2024-03-11,43.417111,44.466170,43.209280,44.396893,,35051000.000000,INTC
2024-03-12,44.594826,44.802657,44.001018,44.772968,,31795800.000000,INTC
2024-03-13,44.050503,44.515652,42.754029,42.783718,,53195900.000000,INTC
2024-03-14,42.783718,42.902478,42.071150,42.308674,,38100000.000000,INTC
2024-03-15,42.011769,42.704543,41.912799,42.199806,,66930200.000000,INTC
2024-03-18,42.645163,42.932170,42.160220,42.269085,,27668300.000000,INTC
2024-03-19,41.813834,41.853422,41.012195,41.615898,,34673000.000000,INTC
2024-03-20,42.546200,42.565990,40.982509,41.764355,,74865000.000000,INTC
2024-03-21,42.546202,43.149901,41.883116,41.982082,,50807600.000000,INTC
2024-03-22,41.813839,42.358160,41.655491,42.130535,,28435300.000000,INTC
2024-03-25,40.467876,41.784148,40.151180,41.398174,,47276500.000000,INTC
2024-03-26,41.516934,41.833631,41.229927,41.556522,,39109700.000000,INTC
2024-03-27,42.100844,43.377528,42.061256,43.318146,,51017800.000000,INTC
2024-03-28,43.308245,44.139573,43.258762,43.714012,,54204200.000000,INTC
2024-04-01,43.832777,44.941213,43.723912,44.060402,,31712600.000000,INTC
2024-04-02,43.476494,43.624947,43.050933,43.486389,,32748400.000000,INTC
2024-04-03,40.972612,41.220031,39.804793,39.913658,,83718000.000000,INTC
2024-04-04,40.170973,40.359011,39.290162,39.319851,,57307200.000000,INTC
2024-04-05,38.943771,39.052636,38.112443,38.310379,,67189100.000000,INTC
2024-04-08,38.241104,38.458834,37.518640,37.587917,,56967800.000000,INTC
2024-04-09,37.657195,38.181726,36.944630,37.934307,,78783000.000000,INTC
2024-04-10,37.627502,37.825438,36.637825,36.815968,,51108400.000000,INTC
2024-04-11,37.043595,37.281116,36.697210,37.241531,,41909100.000000,INTC
2024-04-12,36.311233,36.321132,35.232485,35.321556,,80139400.000000,INTC
2024-04-15,35.667945,36.321131,35.519492,35.935158,,50751600.000000,INTC
2024-04-16,35.895569,36.133089,35.390831,35.885670,,30607500.000000,INTC
2024-04-17,35.727323,35.757016,35.004860,35.311661,,41173300.000000,INTC
2024-04-18,35.054343,35.291867,34.411055,34.678268,,42334400.000000,INTC
2024-04-19,34.767343,34.767343,33.827149,33.846943,,58968800.000000,INTC
2024-04-22,34.064667,34.213120,33.728180,34.054771,,39909900.000000,INTC
2024-04-23,33.985495,34.242809,33.827147,33.926113,,46834000.000000,INTC
2024-04-24,34.500125,34.816821,33.985493,34.143841,,53261100.000000,INTC
2024-04-25,34.203222,34.935581,34.143840,34.747543,,66549400.000000,INTC
2024-04-26,31.451924,31.907176,30.323691,31.550890,,119742500.000000,INTC
2024-04-29,31.531095,31.580578,30.749250,31.036257,,58533300.000000,INTC
2024-04-30,30.719562,30.858116,30.105962,30.155445,,72346400.000000,INTC
2024-05-01,29.858542,30.719562,29.710091,30.056479,,60654800.000000,INTC
2024-05-02,30.274206,30.353380,29.878336,30.195032,,50899400.000000,INTC
2024-05-03,30.660181,30.739355,30.383073,30.581007,,36794800.000000,INTC
2024-05-06,30.923832,31.003328,30.536290,30.774776,,36185600.000000,INTC
2024-05-07,30.894020,31.251751,30.417046,30.486605,,44683400.000000,INTC
2024-05-08,29.810892,29.959946,29.542594,29.810892,,63734600.000000,INTC
2024-05-09,29.741333,30.198432,29.622088,29.900324,,45003400.000000,INTC
2024-05-10,30.138812,30.267992,29.651901,29.661839,,42931300.000000,INTC
2024-05-13,29.840703,30.933767,29.810891,30.317677,,51459100.000000,INTC
2024-05-14,30.426985,30.913896,30.417048,30.854273,,47759900.000000,INTC
2024-05-15,31.182193,31.202067,30.615786,31.072887,,36992900.000000,INTC
2024-05-16,31.430616,32.056644,31.321311,31.828094,,47752800.000000,INTC
2024-05-17,31.857908,31.907592,31.390869,31.629356,,41449800.000000,INTC
2024-05-20,31.649231,32.215636,31.559799,31.897654,,31989000.000000,INTC
2024-05-21,31.778410,32.036773,31.420680,31.539923,,42975400.000000,INTC
2024-05-22,31.708852,31.867843,30.903958,31.221941,,36706400.000000,INTC
2024-05-23,31.251751,31.370994,29.681711,29.890387,,62014500.000000,INTC
2024-05-24,30.099064,30.824462,29.940071,30.526352,,42408200.000000,INTC
2024-05-28,30.744968,31.172257,30.466732,30.864210,,36799100.000000,INTC
2024-05-29,30.277928,30.476668,29.920199,29.940071,,35848600.000000,INTC
2024-05-30,30.019567,30.307740,29.870513,29.999695,,33382800.000000,INTC
2024-05-31,30.029505,30.764840,29.751271,30.655535,,95797500.000000,INTC
2024-06-03,30.834399,30.874146,29.860575,30.099064,,35544900.000000,INTC
2024-06-04,30.556165,30.556165,29.751271,29.840704,,51027200.000000,INTC
2024-06-05,30.079190,30.645597,29.820829,30.585976,,44161700.000000,INTC
2024-06-06,30.357424,30.397173,29.969883,30.228245,,34248100.000000,INTC
2024-06-07,30.059316,30.585975,30.019567,30.546227,,34085500.000000,INTC
2024-06-10,30.357423,30.754903,30.099064,30.715155,,37445800.000000,INTC
2024-06-11,30.576038,30.834399,30.337551,30.725092,,25326900.000000,INTC
2024-06-12,31.261687,31.281562,30.198433,30.566101,,51323900.000000,INTC
2024-06-13,30.188496,30.387236,29.950009,30.267992,,33787200.000000,INTC
2024-06-14,30.099065,30.367362,30.019568,30.258057,,28125900.000000,INTC
2024-06-17,30.148749,30.804588,29.989757,30.784714,,36235300.000000,INTC
2024-06-18,30.794651,31.271625,30.307740,30.436920,,33294700.000000,INTC
2024-06-20,30.367362,30.913896,30.258056,30.426985,,43826300.000000,INTC
2024-06-21,30.655533,31.162319,30.476668,30.894020,,92549000.000000,INTC
2024-06-24,30.943705,31.221941,30.337551,30.377298,,40611800.000000,INTC
2024-06-25,30.506480,30.635659,30.099064,30.546227,,29498600.000000,INTC
2024-06-26,30.446857,30.486605,30.079190,30.347488,,30743000.000000,INTC
2024-06-27,30.228244,30.466731,30.099065,30.397173,,30184300.000000,INTC
2024-06-28,30.556164,31.112633,30.526352,30.774776,,41467700.000000,INTC
2024-07-01,30.715156,30.824463,30.417048,30.645597,,32401800.000000,INTC
2024-07-02,30.665472,31.112634,30.397174,30.874147,,35999300.000000,INTC
2024-07-03,30.923833,31.142445,30.715156,31.033138,,24065700.000000,INTC
2024-07-05,31.202067,32.136142,31.112634,31.818159,,45309400.000000,INTC
2024-07-08,32.821790,33.875110,32.613115,33.775742,,82315900.000000,INTC
2024-07-09,34.799249,34.997989,33.507445,34.371960,,97546900.000000,INTC
2024-07-10,34.222903,34.749564,33.914859,34.650192,,52256200.000000,INTC
2024-07-11,34.809184,34.928430,33.100029,33.288830,,55213700.000000,INTC
2024-07-12,33.557128,35.256348,33.557128,34.272591,,62792600.000000,INTC
2024-07-15,34.481264,35.007922,34.093723,34.242775,,39847900.000000,INTC
2024-07-16,34.143410,34.232842,33.626687,34.123535,,28409900.000000,INTC
2024-07-17,35.852566,36.925756,34.183156,34.242775,,112304200.000000,INTC
2024-07-18,34.739625,36.071178,34.312335,34.650192,,84188600.000000,INTC
2024-07-19,34.352084,34.362023,32.642925,32.772106,,69628700.000000,INTC
2024-07-22,33.070216,33.199398,32.553493,33.159649,,48503700.000000,INTC
2024-07-23,32.752233,33.020532,32.623056,32.742298,,29466400.000000,INTC
2024-07-24,32.324941,32.593240,31.460427,31.500175,,62216700.000000,INTC
2024-07-25,31.172256,31.788347,30.754903,30.903957,,49774000.000000,INTC
2024-07-26,31.231878,31.361057,30.824462,31.152382,,38352500.000000,INTC
2024-07-29,31.221941,31.271625,30.595913,30.635660,,32342200.000000,INTC
2024-07-30,30.655534,30.715155,29.820829,29.940071,,48256600.000000,INTC
2024-07-31,30.347488,30.675408,30.089127,30.546227,,56110600.000000,INTC
2024-08-01,30.238181,30.516414,28.707887,28.866879,,107672500.000000,INTC
2024-08-02,21.801700,21.841447,20.291281,21.344599,,300895900.000000,INTC
2024-08-05,20.072667,20.261468,19.168404,19.983234,,147385700.000000,INTC
2024-08-06,20.191911,20.499956,19.625504,19.705000,,106670400.000000,INTC
2024-08-07,19.920000,20.250000,18.950001,18.990000,,97972300.000000,INTC
2024-08-08,19.100000,20.549999,18.840000,20.490000,,96836800.000000,INTC
2024-08-09,20.080000,20.150000,19.500000,19.709999,,76394500.000000,INTC
2024-08-12,19.870001,19.969999,19.000000,19.360001,,54677600.000000,INTC
2024-08-13,19.480000,20.480000,19.469999,20.469999,,77511300.000000,INTC
2024-08-14,20.490000,20.500000,19.790001,19.920000,,56758200.000000,INTC
2024-08-15,20.320000,21.059999,20.230000,20.690001,,84814900.000000,INTC
2024-08-16,20.530001,20.900000,20.410000,20.870001,,48582700.000000,INTC
2024-08-19,20.889999,21.860001,20.840000,21.520000,,65956300.000000,INTC
2024-08-20,21.209999,21.230000,20.820000,20.990000,,84161300.000000,INTC
2024-08-21,21.070000,21.440001,21.070000,21.410000,,57028900.000000,INTC
2024-08-22,21.389999,21.400000,20.040001,20.100000,,81444700.000000,INTC
2024-08-23,20.320000,20.930000,20.260000,20.540001,,73398400.000000,INTC
2024-08-26,20.530001,20.559999,19.950001,20.129999,,58534800.000000,INTC
2024-08-27,20.129999,20.260000,19.840000,20.070000,,43862000.000000,INTC
2024-08-28,19.980000,20.110001,19.510000,19.610001,,50144900.000000,INTC
2024-08-29,19.760000,20.600000,19.750000,20.129999,,64529700.000000,INTC
2024-08-30,21.250000,22.120001,21.000000,22.040001,,177785400.000000,INTC
2024-09-03,21.540001,21.690001,19.990000,20.100000,,115305500.000000,INTC
2024-09-04,19.760000,20.049999,19.280001,19.430000,,85871900.000000,INTC
2024-09-05,19.280001,19.900000,19.240000,19.400000,,65388800.000000,INTC
2024-09-06,19.440001,19.490000,18.639999,18.889999,,92686500.000000,INTC
2024-09-09,19.000000,19.540001,18.950001,19.070000,,64244100.000000,INTC
2024-09-10,19.030001,19.110001,18.510000,18.980000,,55621300.000000,INTC
2024-09-11,19.010000,19.690001,18.520000,19.639999,,71403100.000000,INTC
2024-09-12,19.430000,19.540001,19.040001,19.360001,,51602900.000000,INTC
2024-09-13,19.490000,19.799999,19.490000,19.660000,,44236300.000000,INTC
2024-09-16,20.030001,21.070000,19.760000,20.910000,,149337000.000000,INTC
2024-09-17,21.709999,22.580000,21.240000,21.469999,,196249800.000000,INTC
2024-09-18,21.360001,21.740000,20.719999,20.770000,,118727900.000000,INTC
2024-09-19,21.280001,21.690001,21.030001,21.139999,,99829200.000000,INTC
2024-09-20,20.889999,23.139999,20.350000,21.840000,,260377900.000000,INTC
2024-09-23,22.430000,22.820000,22.030001,22.559999,,184439100.000000,INTC
2024-09-24,22.530001,23.110001,22.290001,22.809999,,113082500.000000,INTC
2024-09-25,22.799999,24.059999,22.730000,23.540001,,117013400.000000,INTC
2024-09-26,24.280001,24.420000,23.250000,23.920000,,95416900.000000,INTC
2024-09-27,24.160000,24.660000,23.700001,23.910000,,85883300.000000,INTC
2024-09-30,23.740000,23.950001,23.090000,23.459999,,66308200.000000,INTC
2024-10-01,23.459999,23.719999,22.260000,22.690001,,86344400.000000,INTC
2024-10-02,22.670000,23.070000,22.350000,22.389999,,59033900.000000,INTC
2024-10-03,22.139999,22.730000,21.650000,22.260000,,49565900.000000,INTC
2024-10-04,22.700001,22.910000,22.299999,22.590000,,49845500.000000,INTC
2024-10-07,22.400000,22.650000,22.020000,22.379999,,54928700.000000,INTC
2024-10-08,22.250000,23.420000,22.049999,23.320000,,58650500.000000,INTC
2024-10-09,23.250000,23.480000,23.059999,23.459999,,44759000.000000,INTC
2024-10-10,23.190001,23.530001,22.959999,23.219999,,44874600.000000,INTC
2024-10-11,23.049999,23.820000,22.980000,23.559999,,43585300.000000,INTC
2024-10-14,23.580000,23.770000,23.270000,23.440001,,35403600.000000,INTC
2024-10-15,23.410000,23.719999,22.469999,22.660000,,68900600.000000,INTC
2024-10-16,22.379999,22.540001,21.740000,22.309999,,62151800.000000,INTC
2024-10-17,22.719999,22.820000,22.400000,22.440001,,43807600.000000,INTC
2024-10-18,22.610001,22.820000,22.500000,22.770000,,39971700.000000,INTC
2024-10-21,22.610001,22.879999,22.250000,22.840000,,39727000.000000,INTC
2024-10-22,22.730000,22.820000,22.170000,22.400000,,50160400.000000,INTC
2024-10-23,22.299999,22.430000,21.580000,21.980000,,45799100.000000,INTC
2024-10-24,22.090000,22.370001,21.969999,22.340000,,40554400.000000,INTC
2024-10-25,22.420000,23.340000,22.410000,22.680000,,67503000.000000,INTC
2024-10-28,22.670000,23.270000,22.559999,22.920000,,41915000.000000,INTC
2024-10-29,22.870001,23.139999,22.410000,22.900000,,83422200.000000,INTC
2024-10-30,22.420000,22.930000,22.260000,22.299999,,50941200.000000,INTC
2024-10-31,22.150000,22.250000,21.469999,21.520000,,112485500.000000,INTC
2024-11-01,23.000000,23.580000,21.910000,23.200001,,173471100.000000,INTC
2024-11-04,22.959999,23.000000,22.000000,22.520000,,84616300.000000,INTC
2024-11-05,22.580000,23.580000,22.400000,23.320000,,59153300.000000,INTC
2024-11-06,24.299999,25.120001,24.049999,25.049999,,116760500.000000,INTC
2024-11-07,25.430000,26.379999,25.190001,26.230000,,101489300.000000,INTC
2024-11-08,26.000000,26.430000,25.830000,26.200001,,76428000.000000,INTC
2024-11-11,25.959999,26.290001,24.830000,25.049999,,80185300.000000,INTC
2024-11-12,24.660000,24.959999,23.889999,24.160000,,62539700.000000,INTC
2024-11-13,24.059999,25.139999,24.020000,24.920000,,58202000.000000,INTC
2024-11-14,25.120001,25.610001,24.930000,25.030001,,49252100.000000,INTC
2024-11-15,24.809999,24.820000,24.230000,24.350000,,55104900.000000,INTC
2024-11-18,24.330000,25.020000,24.160000,24.840000,,59667300.000000,INTC
2024-11-19,24.500000,24.540001,24.100000,24.200001,,61190900.000000,INTC
2024-11-20,24.070000,24.209999,23.549999,24.010000,,50191500.000000,INTC
2024-11-21,24.080000,24.770000,23.830000,24.440001,,58928400.000000,INTC
2024-11-22,24.350000,24.680000,24.139999,24.500000,,36784700.000000,INTC
2024-11-25,25.040001,25.570000,24.760000,24.870001,,91128400.000000,INTC
2024-11-26,24.950001,24.990000,23.809999,24.049999,,69613600.000000,INTC
2024-11-27,23.830000,23.930000,23.059999,23.650000,,53992300.000000,INTC
2024-11-29,23.719999,24.280001,23.600000,24.049999,,36616800.000000,INTC
2024-12-02,24.840000,25.480000,23.440001,23.930000,,150497900.000000,INTC
2024-12-03,23.680000,23.750000,22.440001,22.469999,,138160500.000000,INTC
2024-12-04,22.530001,22.540001,21.809999,21.959999,,104649000.000000,INTC
2024-12-05,22.040001,22.190001,20.660000,20.799999,,167993500.000000,INTC
2024-12-06,20.950001,21.049999,20.660000,20.920000,,78539100.000000,INTC
2024-12-09,20.920000,21.059999,20.730000,20.809999,,68818200.000000,INTC
2024-12-10,20.830000,20.860001,19.959999,20.160000,,90004800.000000,INTC
2024-12-11,20.139999,20.250000,19.870001,20.120001,,75209300.000000,INTC
2024-12-12,20.020000,20.900000,19.920000,20.780001,,77695000.000000,INTC
2024-12-13,20.600000,20.799999,20.250000,20.340000,,55104100.000000,INTC
2024-12-16,20.170000,21.100000,20.000000,20.830000,,73832900.000000,INTC
2024-12-17,20.639999,20.770000,20.290001,20.440001,,51767200.000000,INTC
2024-12-18,20.480000,20.580000,19.209999,19.299999,,86041200.000000,INTC
2024-12-19,19.530001,19.690001,19.030001,19.059999,,69117800.000000,INTC
2024-12-20,18.969999,19.760000,18.900000,19.520000,,108453700.000000,INTC
2024-12-23,19.580000,20.230000,19.520000,20.200001,,57988400.000000,INTC
2024-12-24,20.219999,20.400000,19.959999,20.400000,,29884000.000000,INTC
2024-12-26,20.230000,20.670000,20.080000,20.440001,,39846200.000000,INTC
2024-12-27,20.209999,20.610001,20.090000,20.299999,,48260800.000000,INTC
2024-12-30,20.010000,20.110001,19.730000,19.820000,,59608100.000000,INTC
2024-01-02,257.279999,258.589996,250.869995,251.759995,,5815200.000000,BA
2024-01-03,248.320007,250.130005,243.000000,243.910004,,7219900.000000,BA
2024-01-04,244.580002,248.279999,244.179993,244.940002,,5170700.000000,BA
2024-01-05,245.039993,250.190002,245.039993,249.000000,,3846200.000000,BA
2024-01-08,228.000000,233.850006,225.789993,229.000000,,40730400.000000,BA
2024-01-09,225.660004,228.789993,223.199997,225.759995,,20687500.000000,BA
2024-01-10,226.899994,231.610001,226.639999,227.839996,,12883700.000000,BA
2024-01-11,228.070007,228.279999,222.619995,222.660004,,11830500.000000,BA
2024-01-12,219.970001,222.070007,217.039993,217.699997,,11268800.000000,BA
2024-01-16,210.070007,210.979996,199.500000,200.520004,,35290000.000000,BA
2024-01-17,202.630005,206.300003,201.649994,203.059998,,20140100.000000,BA
2024-01-18,205.639999,213.039993,203.320007,211.610001,,20046800.000000,BA
2024-01-19,210.889999,215.160004,209.229996,215.020004,,14320200.000000,BA
2024-01-22,213.070007,217.000000,212.360001,214.929993,,10760800.000000,BA
2024-01-23,215.350006,216.850006,211.130005,211.500000,,9076900.000000,BA
2024-01-24,209.830002,217.589996,209.360001,214.130005,,15119100.000000,BA
2024-01-25,208.199997,208.729996,198.320007,201.880005,,22112500.000000,BA
2024-01-26,203.080002,206.750000,203.000000,205.470001,,9911200.000000,BA
2024-01-29,206.059998,207.039993,203.850006,205.190002,,7535400.000000,BA
2024-01-30,203.649994,203.979996,199.139999,200.440002,,13321200.000000,BA
2024-01-31,204.919998,213.770004,203.250000,211.039993,,22409400.000000,BA
2024-02-01,213.839996,214.630005,206.809998,209.809998,,10679200.000000,BA
2024-02-02,209.059998,209.539993,206.350006,209.380005,,6271200.000000,BA
2024-02-05,204.639999,207.339996,202.000000,206.630005,,8682500.000000,BA
2024-02-06,206.020004,210.639999,203.889999,208.580002,,7556900.000000,BA
2024-02-07,208.759995,213.770004,207.990005,211.919998,,7747700.000000,BA
2024-02-08,212.399994,213.100006,208.720001,209.220001,,5787700.000000,BA
2024-02-09,209.770004,211.440002,207.899994,209.199997,,4349700.000000,BA
2024-02-12,208.699997,209.800003,207.600006,209.330002,,4077400.000000,BA
2024-02-13,206.899994,207.809998,202.330002,204.460007,,8263600.000000,BA
2024-02-14,205.949997,206.580002,202.210007,203.380005,,6503000.000000,BA
2024-02-15,204.119995,206.550003,203.399994,205.330002,,5309100.000000,BA
2024-02-16,204.880005,205.050003,202.809998,203.889999,,5975900.000000,BA
2024-02-20,203.550003,205.580002,202.710007,203.369995,,5248400.000000,BA
2024-02-21,202.899994,203.630005,201.210007,201.570007,,4179800.000000,BA
2024-02-22,202.000000,204.100006,200.399994,201.500000,,6513500.000000,BA
2024-02-23,200.990005,202.070007,197.149994,200.830002,,7433400.000000,BA
2024-02-26,201.009995,202.750000,200.000000,200.539993,,4807200.000000,BA
2024-02-27,200.929993,202.000000,200.039993,201.399994,,3932900.000000,BA
2024-02-28,201.139999,208.100006,200.179993,207.000000,,9654700.000000,BA
2024-02-29,206.440002,206.619995,202.699997,203.720001,,6670300.000000,BA
2024-03-01,204.000000,205.059998,199.009995,200.000000,,11591000.000000,BA
2024-03-04,199.500000,201.539993,196.919998,200.539993,,7213900.000000,BA
2024-03-05,199.490005,202.850006,198.699997,201.139999,,5034700.000000,BA
2024-03-06,201.770004,202.350006,199.860001,201.000000,,4736600.000000,BA
2024-03-07,200.699997,203.729996,200.570007,203.029999,,5965300.000000,BA
2024-03-08,201.839996,203.800003,198.460007,198.490005,,8993600.000000,BA
2024-03-11,194.210007,196.070007,189.800003,192.490005,,14160600.000000,BA
2024-03-12,188.240005,188.580002,183.160004,184.240005,,18714800.000000,BA
2024-03-13,183.160004,185.970001,182.080002,182.350006,,10196100.000000,BA
2024-03-14,182.000000,184.940002,180.520004,181.149994,,10016200.000000,BA
2024-03-15,180.990005,184.179993,180.910004,182.529999,,10708600.000000,BA
2024-03-18,180.259995,181.190002,177.520004,179.839996,,9497800.000000,BA
2024-03-19,180.110001,181.860001,179.740005,181.139999,,7648000.000000,BA
2024-03-20,178.990005,188.300003,178.600006,187.779999,,12770000.000000,BA
2024-03-21,189.789993,190.380005,187.550003,187.699997,,7436400.000000,BA
2024-03-22,188.750000,192.940002,188.190002,188.850006,,7822800.000000,BA
2024-03-25,196.009995,196.179993,189.500000,191.410004,,12953000.000000,BA
2024-03-26,192.020004,192.029999,186.809998,187.500000,,8972200.000000,BA
2024-03-27,188.839996,191.990005,188.330002,191.949997,,7372800.000000,BA
2024-03-28,192.000000,193.380005,191.199997,192.990005,,4471700.000000,BA
2024-04-01,192.240005,192.869995,189.029999,189.500000,,5107800.000000,BA
2024-04-02,189.000000,189.229996,187.130005,188.039993,,4477200.000000,BA
2024-04-03,187.679993,188.779999,184.270004,184.919998,,6609300.000000,BA
2024-04-04,185.929993,188.000000,182.809998,183.289993,,6513800.000000,BA
2024-04-05,184.160004,184.660004,182.440002,183.139999,,4126900.000000,BA
2024-04-08,182.139999,184.550003,181.490005,181.559998,,6176400.000000,BA
2024-04-09,181.509995,183.050003,176.570007,178.119995,,11439900.000000,BA
2024-04-10,176.309998,178.100006,172.440002,174.630005,,9727700.000000,BA
2024-04-11,174.470001,174.699997,171.380005,173.360001,,7625100.000000,BA
2024-04-12,172.199997,173.240005,169.369995,169.550003,,7548900.000000,BA
2024-04-15,170.740005,171.179993,167.529999,167.820007,,6490700.000000,BA
2024-04-16,168.139999,170.639999,167.750000,170.550003,,7986700.000000,BA
2024-04-17,170.000000,170.850006,168.119995,170.210007,,8162600.000000,BA
2024-04-18,169.479996,172.039993,169.100006,170.229996,,5123000.000000,BA
2024-04-19,170.000000,172.000000,169.649994,169.820007,,4688600.000000,BA
2024-04-22,169.820007,172.149994,168.160004,170.479996,,4724900.000000,BA
2024-04-23,170.949997,171.179993,168.429993,169.179993,,7632100.000000,BA
2024-04-24,176.500000,177.639999,162.740005,164.330002,,20889300.000000,BA
2024-04-25,163.589996,168.130005,159.699997,166.809998,,12504700.000000,BA
2024-04-26,165.979996,168.649994,164.929993,167.220001,,7208100.000000,BA
2024-04-29,167.899994,173.809998,167.550003,173.490005,,7788600.000000,BA
2024-04-30,171.490005,174.070007,167.759995,167.839996,,8248800.000000,BA
2024-05-01,167.500000,173.860001,167.500000,171.460007,,6191900.000000,BA
2024-05-02,173.000000,178.899994,172.250000,178.850006,,10223700.000000,BA
2024-05-03,179.589996,180.490005,177.899994,179.789993,,5416300.000000,BA
2024-05-06,180.880005,183.979996,174.710007,178.350006,,11913400.000000,BA
2024-05-07,177.220001,178.350006,176.130005,176.710007,,5097500.000000,BA
2024-05-08,175.949997,181.660004,175.949997,180.350006,,4956800.000000,BA
2024-05-09,179.550003,181.750000,179.309998,181.250000,,5107400.000000,BA
2024-05-10,181.250000,181.880005,177.919998,178.509995,,3715500.000000,BA
2024-05-13,179.039993,180.750000,178.070007,178.440002,,3105200.000000,BA
2024-05-14,180.229996,183.660004,179.630005,180.759995,,4686500.000000,BA
2024-05-15,180.139999,180.669998,176.169998,176.990005,,5858900.000000,BA
2024-05-16,177.600006,183.759995,177.250000,182.960007,,6993200.000000,BA
2024-05-17,183.250000,185.380005,181.220001,184.949997,,5562400.000000,BA
2024-05-20,184.649994,188.630005,184.009995,186.610001,,6228600.000000,BA
2024-05-21,185.300003,186.389999,183.110001,184.779999,,4349100.000000,BA
2024-05-22,184.600006,186.820007,183.410004,186.279999,,3785400.000000,BA
2024-05-23,185.789993,186.000000,171.610001,172.210007,,17116000.000000,BA
2024-05-24,173.199997,174.860001,169.570007,174.520004,,9485000.000000,BA
2024-05-28,174.729996,178.490005,173.380005,175.080002,,5274400.000000,BA
2024-05-29,173.610001,175.830002,171.610001,171.649994,,3666400.000000,BA
2024-05-30,172.639999,174.679993,171.550003,172.750000,,3927900.000000,BA
2024-05-31,173.119995,177.899994,172.210007,177.610001,,5774500.000000,BA
2024-06-03,178.089996,186.009995,178.020004,184.570007,,8951600.000000,BA
2024-06-04,185.050003,188.839996,183.250000,188.619995,,7176800.000000,BA
2024-06-05,187.899994,190.339996,186.529999,189.850006,,5944000.000000,BA
2024-06-06,188.830002,192.100006,187.350006,191.419998,,5942200.000000,BA
2024-06-07,190.460007,191.979996,189.660004,190.240005,,3374500.000000,BA
2024-06-10,190.000000,192.630005,189.600006,190.119995,,4388300.000000,BA
2024-06-11,189.320007,189.320007,182.750000,185.500000,,5010100.000000,BA
2024-06-12,186.500000,187.160004,181.710007,182.669998,,5245200.000000,BA
2024-06-13,181.740005,183.869995,178.990005,180.699997,,4201000.000000,BA
2024-06-14,178.899994,180.289993,175.220001,177.270004,,5106000.000000,BA
2024-06-17,176.750000,180.449997,176.320007,178.389999,,4790000.000000,BA
2024-06-18,177.610001,178.000000,173.820007,174.990005,,6179900.000000,BA
2024-06-20,173.020004,176.649994,172.050003,176.300003,,5479300.000000,BA
2024-06-21,176.830002,178.410004,175.660004,176.559998,,8635100.000000,BA
2024-06-24,176.149994,180.600006,175.589996,179.100006,,7388300.000000,BA
2024-06-25,176.289993,178.759995,173.289993,175.100006,,7695100.000000,BA
2024-06-26,174.960007,178.820007,173.759995,178.500000,,6553900.000000,BA
2024-06-27,178.910004,183.679993,178.009995,182.509995,,8199000.000000,BA
2024-06-28,182.600006,184.440002,180.649994,182.009995,,5899900.000000,BA
2024-07-01,182.199997,189.470001,182.199997,186.699997,,9056700.000000,BA
2024-07-02,186.339996,189.229996,184.520004,185.419998,,4110500.000000,BA
2024-07-03,185.050003,185.419998,182.850006,184.309998,,2764800.000000,BA
2024-07-05,184.000000,185.380005,182.229996,184.830002,,3290400.000000,BA
2024-07-08,186.940002,191.500000,182.279999,185.839996,,9878100.000000,BA
2024-07-09,185.110001,186.250000,183.149994,183.240005,,3942900.000000,BA
2024-07-10,183.600006,184.899994,182.800003,183.729996,,3583200.000000,BA
2024-07-11,184.169998,186.100006,183.399994,183.910004,,4840600.000000,BA
2024-07-12,183.729996,184.490005,180.449997,182.309998,,5129300.000000,BA
2024-07-15,183.500000,183.720001,178.880005,179.110001,,5189000.000000,BA
2024-07-16,180.050003,187.440002,179.199997,186.050003,,8546400.000000,BA
2024-07-17,185.320007,188.449997,183.789993,184.839996,,4899600.000000,BA
2024-07-18,184.240005,187.369995,179.880005,180.229996,,5354800.000000,BA
2024-07-19,181.399994,181.500000,177.389999,179.669998,,5121300.000000,BA
2024-07-22,181.360001,182.720001,177.229996,178.899994,,4883500.000000,BA
2024-07-23,179.100006,187.039993,179.000000,186.479996,,7614300.000000,BA
2024-07-24,185.619995,187.000000,179.970001,180.070007,,5109100.000000,BA
2024-07-25,179.449997,188.350006,179.449997,184.350006,,6128000.000000,BA
2024-07-26,185.860001,189.589996,184.630005,186.889999,,6272000.000000,BA
2024-07-29,186.699997,187.080002,183.830002,185.429993,,3608600.000000,BA
2024-07-30,186.100006,188.130005,185.149994,186.860001,,4789000.000000,BA
2024-07-31,189.880005,196.949997,183.860001,190.600006,,15417000.000000,BA
2024-08-01,190.000000,191.169998,176.690002,178.309998,,13887000.000000,BA
2024-08-02,175.220001,175.460007,167.250000,169.949997,,11742800.000000,BA
2024-08-05,162.520004,167.679993,162.500000,167.029999,,9255100.000000,BA
2024-08-06,168.889999,169.190002,163.389999,165.039993,,5817300.000000,BA
2024-08-07,167.000000,167.979996,162.990005,163.240005,,5186400.000000,BA
2024-08-08,164.229996,169.350006,164.000000,168.869995,,6063800.000000,BA
2024-08-09,168.389999,169.850006,166.899994,167.910004,,3635600.000000,BA
2024-08-12,167.729996,168.050003,163.520004,164.130005,,4715600.000000,BA
2024-08-13,164.500000,168.880005,162.619995,168.759995,,6475500.000000,BA
2024-08-14,167.889999,169.750000,167.330002,168.500000,,3852700.000000,BA
2024-08-15,170.000000,176.559998,169.979996,176.410004,,5942200.000000,BA
2024-08-16,176.300003,180.509995,176.300003,179.990005,,6731500.000000,BA
2024-08-19,180.039993,180.699997,177.630005,179.639999,,3894200.000000,BA
2024-08-20,176.490005,177.500000,170.039993,172.100006,,9549100.000000,BA
2024-08-21,173.000000,174.199997,171.039993,173.429993,,4493600.000000,BA
2024-08-22,173.000000,175.210007,172.300003,172.759995,,2788000.000000,BA
2024-08-23,173.880005,176.919998,173.169998,174.960007,,4405900.000000,BA
2024-08-26,173.000000,174.919998,172.300003,173.479996,,4034300.000000,BA
2024-08-27,173.619995,173.929993,171.250000,173.050003,,3295800.000000,BA
2024-08-28,172.300003,174.250000,170.149994,170.710007,,4550300.000000,BA
2024-08-29,171.710007,175.279999,170.619995,172.259995,,4119500.000000,BA
2024-08-30,173.139999,174.360001,171.490005,173.740005,,4146200.000000,BA
2024-09-03,167.029999,169.600006,158.300003,161.020004,,17925400.000000,BA
2024-09-04,160.279999,166.699997,160.279999,163.220001,,7316300.000000,BA
2024-09-05,164.149994,164.619995,160.100006,162.149994,,4717500.000000,BA
2024-09-06,162.500000,162.850006,156.699997,157.619995,,7328600.000000,BA
2024-09-09,162.300003,164.550003,161.110001,162.910004,,9091500.000000,BA
2024-09-10,162.610001,163.899994,157.929993,160.070007,,6367100.000000,BA
2024-09-11,159.789993,161.869995,156.100006,161.330002,,6664800.000000,BA
2024-09-12,159.419998,163.500000,159.059998,162.770004,,4756400.000000,BA
2024-09-13,159.779999,162.889999,155.600006,156.770004,,19003400.000000,BA
2024-09-16,156.250000,157.759995,154.020004,155.550003,,9955200.000000,BA
2024-09-17,156.169998,158.880005,155.139999,156.389999,,8123200.000000,BA
2024-09-18,157.000000,158.449997,154.800003,155.110001,,7714400.000000,BA
2024-09-19,157.000000,157.179993,154.270004,154.589996,,9570000.000000,BA
2024-09-20,154.009995,154.639999,152.600006,153.289993,,13919400.000000,BA
2024-09-23,153.000000,158.429993,151.649994,156.300003,,12476800.000000,BA
2024-09-24,155.800003,155.899994,153.690002,155.809998,,7414900.000000,BA
2024-09-25,156.419998,157.220001,152.039993,152.220001,,9587700.000000,BA
2024-09-26,153.940002,157.330002,152.660004,154.580002,,11414400.000000,BA
2024-09-27,155.369995,157.330002,154.389999,156.320007,,7637000.000000,BA
2024-09-30,154.789993,155.300003,151.240005,152.039993,,10902200.000000,BA
2024-10-01,151.460007,156.399994,149.490005,154.220001,,12588800.000000,BA
2024-10-02,153.759995,154.850006,152.839996,152.889999,,4357000.000000,BA
2024-10-03,152.119995,152.740005,150.509995,150.520004,,5704800.000000,BA
2024-10-04,152.259995,155.000000,150.850006,155.000000,,6657500.000000,BA
2024-10-07,155.000000,158.759995,154.679993,155.910004,,6267900.000000,BA
2024-10-08,155.990005,156.699997,154.139999,154.649994,,5336300.000000,BA
2024-10-09,152.050003,152.190002,148.800003,149.369995,,12488500.000000,BA
2024-10-10,149.070007,149.110001,146.259995,146.619995,,11275800.000000,BA
2024-10-11,146.300003,151.119995,146.300003,151.020004,,10688600.000000,BA
2024-10-14,148.000000,150.089996,146.020004,148.990005,,9737000.000000,BA
2024-10-15,150.500000,153.949997,148.550003,152.350006,,11241700.000000,BA
2024-10-16,151.910004,154.990005,151.339996,154.899994,,8356200.000000,BA
2024-10-17,155.000000,157.139999,154.250000,155.309998,,6291800.000000,BA
2024-10-18,155.839996,156.369995,153.899994,155.000000,,6030200.000000,BA
2024-10-21,160.250000,163.440002,158.360001,159.820007,,13277600.000000,BA
2024-10-22,160.500000,160.660004,158.369995,159.880005,,7380800.000000,BA
2024-10-23,160.000000,161.470001,153.529999,157.059998,,15931500.000000,BA
2024-10-24,152.610001,155.889999,151.979996,155.199997,,9774400.000000,BA
2024-10-25,156.199997,157.479996,154.520004,155.009995,,8153000.000000,BA
2024-10-28,153.500000,155.199997,150.610001,150.690002,,20992500.000000,BA
2024-10-29,147.860001,155.990005,147.580002,152.979996,,66387700.000000,BA
2024-10-30,152.509995,156.910004,152.509995,154.289993,,50738400.000000,BA
2024-10-31,154.309998,154.479996,147.880005,149.309998,,29388200.000000,BA
2024-11-01,152.779999,156.000000,151.229996,154.589996,,18894500.000000,BA
2024-11-04,154.619995,156.720001,152.460007,155.070007,,10290400.000000,BA
2024-11-05,157.470001,157.660004,150.649994,151.000000,,23126600.000000,BA
2024-11-06,152.300003,153.199997,144.130005,147.160004,,28069300.000000,BA
2024-11-07,148.800003,152.800003,148.029999,150.979996,,14709200.000000,BA
2024-11-08,151.119995,152.600006,149.429993,151.679993,,12996800.000000,BA
2024-11-11,152.000000,152.500000,148.070007,148.960007,,12799100.000000,BA
2024-11-12,148.399994,148.500000,143.850006,145.169998,,16746700.000000,BA
2024-11-13,145.580002,145.580002,139.100006,139.970001,,21249600.000000,BA
2024-11-14,140.800003,141.550003,137.220001,138.139999,,15646700.000000,BA
2024-11-15,138.139999,140.320007,137.029999,140.190002,,12120100.000000,BA
2024-11-18,140.259995,144.690002,138.199997,143.869995,,12259900.000000,BA
2024-11-19,143.000000,145.990005,142.690002,145.600006,,8247300.000000,BA
2024-11-20,146.039993,147.300003,145.020004,146.080002,,9232100.000000,BA
2024-11-21,146.389999,146.419998,141.339996,143.410004,,7845100.000000,BA
2024-11-22,143.610001,150.339996,143.490005,149.289993,,13353100.000000,BA
2024-11-25,150.699997,153.279999,150.259995,153.100006,,11479400.000000,BA
2024-11-26,152.500000,153.139999,149.800003,150.759995,,8235000.000000,BA
2024-11-27,151.110001,152.910004,150.250000,152.399994,,5210100.000000,BA
2024-11-29,153.000000,157.500000,152.850006,155.440002,,7100100.000000,BA
2024-12-02,155.910004,160.350006,155.699997,156.539993,,10097900.000000,BA
2024-12-03,156.000000,156.649994,154.419998,155.000000,,6130300.000000,BA
2024-12-04,155.880005,160.199997,154.210007,158.279999,,9269300.000000,BA
2024-12-05,158.500000,160.020004,156.050003,156.669998,,7119800.000000,BA
2024-12-06,157.029999,158.949997,153.369995,153.929993,,8182700.000000,BA
2024-12-09,154.270004,161.949997,154.270004,157.039993,,13540000.000000,BA
2024-12-10,160.000000,166.679993,159.419998,164.100006,,17149200.000000,BA
2024-12-11,165.520004,169.300003,164.380005,165.960007,,13116600.000000,BA
2024-12-12,168.229996,168.820007,165.649994,167.750000,,10617700.000000,BA
2024-12-13,168.000000,170.429993,166.330002,169.649994,,9754900.000000,BA
2024-12-16,168.089996,175.199997,166.100006,173.169998,,13050700.000000,BA
2024-12-17,173.039993,175.789993,171.710007,173.029999,,13557100.000000,BA
2024-12-18,173.279999,177.940002,171.000000,172.619995,,15437200.000000,BA
2024-12-19,175.000000,179.580002,173.720001,177.039993,,14777100.000000,BA
2024-12-20,176.860001,182.000000,175.309998,177.350006,,23233700.000000,BA
2024-12-23,178.119995,179.649994,174.289993,177.690002,,8486400.000000,BA
2024-12-24,177.690002,180.949997,177.500000,179.339996,,4317000.000000,BA
2024-12-26,178.979996,182.570007,178.330002,180.380005,,5905700.000000,BA
2024-12-27,180.009995,181.429993,179.399994,180.720001,,6806900.000000,BA
2024-12-30,173.720001,178.169998,170.149994,176.550003,,18082300.000000,BA
2024-01-02,124.909232,125.440969,122.559932,124.010124,,4500900.000000,BX
2024-01-03,120.897049,121.283759,117.542288,118.286713,,5391000.000000,BX
2024-01-04,118.190051,120.065626,117.561637,118.818466,,3215700.000000,BX
2024-01-05,117.464947,119.765904,116.962220,118.151367,,2747600.000000,BX
2024-01-08,118.509081,118.847456,117.194246,118.277046,,4273200.000000,BX
2024-01-09,116.536837,117.667980,115.647393,116.981560,,5883400.000000,BX
2024-01-10,116.817200,117.996685,116.063105,117.493950,,4049300.000000,BX
2024-01-11,116.768856,117.445613,114.632251,115.937416,,3875100.000000,BX
2024-01-12,116.478833,117.271601,114.545254,115.376686,,2044800.000000,BX
2024-01-16,114.429231,114.844951,112.737349,114.322884,,3007900.000000,BX
2024-01-17,112.050928,113.269085,111.064798,113.095062,,3286500.000000,BX
2024-01-18,113.897498,114.284216,111.789896,113.201408,,2334800.000000,BX
2024-01-19,113.520461,115.289688,112.466664,115.125336,,4079300.000000,BX
2024-01-22,115.628056,118.161048,115.628056,116.952560,,2973100.000000,BX
2024-01-23,117.068568,117.590635,114.419566,115.028648,,2637400.000000,BX
2024-01-24,116.894548,117.068563,115.221998,116.623840,,3753500.000000,BX
2024-01-25,120.935725,121.051742,115.927761,119.388863,,6069800.000000,BX
2024-01-26,119.736909,121.370786,119.156836,120.432999,,3715600.000000,BX
2024-01-29,120.626350,123.642737,120.432995,123.584732,,4298900.000000,BX
2024-01-30,123.236684,123.981117,121.825172,122.975647,,2495700.000000,BX
2024-01-31,121.767155,123.062657,120.200961,120.316971,,3154600.000000,BX
2024-02-01,120.877727,121.622159,117.223262,120.171974,,5190200.000000,BX
2024-02-02,119.110134,121.701395,117.444327,121.146126,,3320400.000000,BX
2024-02-05,119.821267,120.055063,116.830607,118.116493,,3604900.000000,BX
2024-02-06,118.496412,120.464212,117.970366,120.366791,,3066100.000000,BX
2024-02-07,121.253277,123.308748,120.668784,122.831406,,2731300.000000,BX
2024-02-08,122.500202,125.218093,121.769585,124.536186,,3436000.000000,BX
2024-02-09,124.789469,125.325243,122.733991,124.380318,,3181400.000000,BX
2024-02-12,124.029618,127.897013,123.815302,126.718292,,3981900.000000,BX
2024-02-13,122.928838,123.074956,118.866599,121.720879,,6448100.000000,BX
2024-02-14,123.347726,124.984309,122.704779,124.643349,,3302800.000000,BX
2024-02-15,126.124070,127.351502,125.588281,126.883911,,3542400.000000,BX
2024-02-16,125.559049,126.406560,124.477734,124.584892,,3578300.000000,BX
2024-02-20,123.445129,123.825049,122.354071,123.065208,,2982300.000000,BX
2024-02-21,122.656070,123.104182,121.866998,122.928833,,2454600.000000,BX
2024-02-22,124.994033,126.250704,123.474351,124.000397,,3162400.000000,BX
2024-02-23,124.653084,125.052485,121.526043,121.876740,,3380400.000000,BX
2024-02-26,121.886482,123.162625,121.613712,122.042343,,2623800.000000,BX
2024-02-27,122.860642,123.639962,122.256662,123.474358,,2968400.000000,BX
2024-02-28,122.909348,123.980919,122.373567,123.055473,,1986600.000000,BX
2024-02-29,124.312129,125.052482,122.948308,124.516701,,3861500.000000,BX
2024-03-01,124.516697,125.900006,123.201588,124.779716,,3673400.000000,BX
2024-03-04,122.432002,124.506953,120.863609,123.328224,,5822500.000000,BX
2024-03-05,123.006755,123.425642,120.912324,121.594231,,3856300.000000,BX
2024-03-06,123.376941,124.156262,119.032203,120.113518,,3355600.000000,BX
2024-03-07,121.769574,122.266395,120.113510,121.574745,,2913800.000000,BX
2024-03-08,122.091054,124.429031,122.091054,122.733994,,3150700.000000,BX
2024-03-11,122.938558,122.938558,120.834383,121.350685,,2958900.000000,BX
2024-03-12,121.642937,122.246909,119.869972,120.483688,,2888500.000000,BX
2024-03-13,120.795428,123.143150,120.279127,122.841156,,3584200.000000,BX
2024-03-14,122.743730,124.000393,120.035576,121.574745,,5851200.000000,BX
2024-03-15,119.986872,122.052086,119.986872,121.740356,,22840100.000000,BX
2024-03-18,122.587864,123.406159,119.977131,120.240150,,3163200.000000,BX
2024-03-19,119.490061,120.912329,118.360036,120.775948,,3459200.000000,BX
2024-03-20,120.512922,125.159646,120.181712,124.458260,,3151200.000000,BX
2024-03-21,125.568780,130.108353,125.383703,128.257462,,4003400.000000,BX
2024-03-22,127.663226,127.906765,124.487473,124.555664,,2072600.000000,BX
2024-03-25,124.692050,125.948705,124.604379,125.510338,,1792600.000000,BX
2024-03-26,126.396833,126.640372,124.341362,124.575157,,1993000.000000,BX
2024-03-27,126.163037,127.595048,125.588288,127.507378,,2146400.000000,BX
2024-03-28,127.624256,128.345137,127.049507,127.974953,,3132500.000000,BX
2024-04-01,128.393850,128.588679,127.468404,127.643745,,2478100.000000,BX
2024-04-02,124.740761,124.818695,121.448107,123.045723,,3620900.000000,BX
2024-04-03,122.383294,124.039365,122.120275,123.299004,,2101700.000000,BX
2024-04-04,124.692049,125.812323,122.412526,122.753479,,2445100.000000,BX
2024-04-05,122.743744,125.081714,122.120284,124.282913,,1906700.000000,BX
2024-04-08,124.195235,126.572172,123.552296,125.977951,,2422400.000000,BX
2024-04-09,126.640371,128.676355,125.179136,128.588684,,3258400.000000,BX
2024-04-10,124.750504,125.247334,122.461238,122.821678,,3339700.000000,BX
2024-04-11,123.230815,124.877142,121.409139,123.591255,,3429000.000000,BX
2024-04-12,122.451487,122.733993,119.499793,120.279121,,4002800.000000,BX
2024-04-15,121.594232,122.256659,116.840350,118.038559,,3350700.000000,BX
2024-04-16,117.512514,119.684886,116.596811,118.730209,,3540100.000000,BX
2024-04-17,120.094033,121.389664,118.788667,120.006363,,5150900.000000,BX
2024-04-18,117.999590,120.259633,115.983086,117.210526,,5701700.000000,BX
2024-04-19,117.044915,118.642532,115.008924,115.340141,,3988500.000000,BX
2024-04-22,116.460433,119.821270,114.716691,118.934784,,3290800.000000,BX
2024-04-23,119.431598,122.373555,119.158835,121.097404,,3379200.000000,BX
2024-04-24,120.746705,121.584481,119.392628,120.581100,,2021500.000000,BX
2024-04-25,118.769186,120.512928,116.285091,120.171974,,3620700.000000,BX
2024-04-26,120.544659,121.015418,119.661978,120.132736,,2962700.000000,BX
2024-04-29,120.681965,121.476375,117.808351,118.298729,,2291600.000000,BX
2024-04-30,116.827589,117.798534,114.238395,114.365891,,4329200.000000,BX
2024-05-01,114.297243,118.230075,113.591098,115.228958,,4141900.000000,BX
2024-05-02,116.347016,117.582770,114.150126,116.700089,,3653000.000000,BX
2024-05-03,119.161783,120.740800,115.483951,115.719330,,4437500.000000,BX
2024-05-06,116.896242,119.387362,116.386245,118.877365,,3421900.000000,BX
2024-05-07,118.671411,120.721187,118.043728,119.161789,,3233900.000000,BX
2024-05-08,117.837770,118.181033,116.405868,117.494507,,2919600.000000,BX
2024-05-09,117.259116,121.103683,116.523549,120.662338,,5938500.000000,BX
2024-05-10,121.937328,121.937328,117.690655,121.652908,,2517800.000000,BX
2024-05-13,122.427700,122.427700,119.691391,119.779655,,1826100.000000,BX
2024-05-14,120.328885,123.712488,120.328885,123.545761,,2828900.000000,BX
2024-05-15,124.889389,128.812411,124.094980,128.782990,,4480200.000000,BX
2024-05-16,127.988588,128.322042,125.311123,125.419006,,4167700.000000,BX
2024-05-17,126.125155,126.144759,122.133473,123.251534,,3954100.000000,BX
2024-05-20,122.604239,123.692878,122.221745,123.251534,,3081900.000000,BX
2024-05-21,123.329994,125.575917,122.614039,125.252274,,2960500.000000,BX
2024-05-22,125.536693,125.899568,123.231919,124.242096,,2617500.000000,BX
2024-05-23,125.291511,125.536700,120.240619,120.740807,,3498300.000000,BX
2024-05-24,120.829070,121.731371,120.456386,121.260605,,1815000.000000,BX
2024-05-28,121.427328,121.750979,118.230070,118.877365,,2927100.000000,BX
2024-05-29,116.709897,117.239506,113.748019,113.895126,,4754300.000000,BX
2024-05-30,113.875520,117.161050,113.826479,117.033554,,2680200.000000,BX
2024-05-31,117.465076,118.877366,115.582027,118.181030,,3636400.000000,BX
2024-06-03,118.975440,119.014671,114.454157,116.915855,,4056900.000000,BX
2024-06-04,115.866456,117.504316,115.621267,116.788368,,2022600.000000,BX
2024-06-05,117.523927,119.446207,116.807972,119.367744,,2800100.000000,BX
2024-06-06,119.122548,120.132725,116.719700,116.876617,,3380300.000000,BX
2024-06-07,115.199536,116.788363,113.767634,115.356461,,3200900.000000,BX
2024-06-10,115.091657,117.661239,114.826856,117.396431,,2385100.000000,BX
2024-06-11,117.288544,117.288544,115.091654,116.719711,,2613400.000000,BX
2024-06-12,121.054642,123.575183,120.436769,121.054642,,3755000.000000,BX
2024-06-13,120.780036,121.211564,119.142176,119.858124,,2015900.000000,BX
2024-06-14,118.769481,119.230437,117.847576,118.916595,,1685500.000000,BX
2024-06-17,118.671410,120.270038,118.259494,119.809090,,1756800.000000,BX
2024-06-18,119.975813,120.721182,119.377552,120.534843,,2244700.000000,BX
2024-06-20,120.142539,122.672890,120.064077,122.280586,,2629900.000000,BX
2024-06-21,122.349242,122.378664,120.780035,121.731369,,5209800.000000,BX
2024-06-24,121.780399,124.016520,121.633284,122.849426,,2289400.000000,BX
2024-06-25,121.800027,122.398288,121.054651,122.025597,,1861100.000000,BX
2024-06-26,121.240991,122.731736,120.829068,121.770599,,2121000.000000,BX
2024-06-27,121.123298,121.996170,120.505425,121.731369,,2084100.000000,BX
2024-06-28,122.005970,124.114596,121.035025,121.417519,,4058700.000000,BX
2024-07-01,121.996175,123.163276,119.073527,119.877747,,3568600.000000,BX
2024-07-02,119.446211,121.142914,119.181403,120.838882,,2292900.000000,BX
2024-07-03,120.838877,121.613675,119.877741,121.025223,,2102500.000000,BX
2024-07-05,121.103683,121.103683,119.406973,120.358307,,1957400.000000,BX
2024-07-08,119.936591,120.544663,118.181038,118.445839,,2270500.000000,BX
2024-07-09,118.220257,119.897348,117.445460,118.946014,,2495400.000000,BX
2024-07-10,119.446208,121.976559,118.975442,121.868675,,1976400.000000,BX
2024-07-11,124.065555,125.468036,123.104412,124.173439,,3406000.000000,BX
2024-07-12,124.595178,127.360908,124.438253,126.831306,,3390900.000000,BX
2024-07-15,127.253027,130.607209,127.047061,129.822601,,4505300.000000,BX
2024-07-16,130.881804,134.716561,130.548351,134.373291,,6351500.000000,BX
2024-07-17,132.862946,134.226196,131.048543,132.254883,,5851800.000000,BX
2024-07-18,129.704905,137.727477,129.283187,133.784851,,7386200.000000,BX
2024-07-19,135.628668,139.306501,134.049651,135.922897,,7353600.000000,BX
2024-07-22,137.305759,139.100543,136.060195,138.463043,,4004200.000000,BX
2024-07-23,139.316316,142.366466,139.306499,140.856094,,4640000.000000,BX
2024-07-24,139.757659,140.346118,134.834262,134.981384,,4497500.000000,BX
2024-07-25,135.059821,140.306853,133.529830,137.325363,,4412700.000000,BX
2024-07-26,139.659569,140.149947,137.511727,139.267273,,3262800.000000,BX
2024-07-29,139.089710,139.651995,137.570581,139.069977,,2325800.000000,BX
2024-07-30,139.809826,140.924521,138.024350,139.425110,,2831400.000000,BX
2024-07-31,140.825873,142.404202,139.020664,140.224136,,3617800.000000,BX
2024-08-01,139.997257,140.303055,133.802340,135.173508,,4044800.000000,BX
2024-08-02,132.500235,133.368302,129.304125,131.247437,,4695700.000000,BX
2024-08-05,125.131421,130.399078,122.763935,127.755379,,6374300.000000,BX
2024-08-06,128.130248,131.020560,127.074752,128.544556,,3288900.000000,BX
2024-08-07,131.809701,132.026721,125.614784,125.861397,,2970500.000000,BX
2024-08-08,127.439717,129.402747,126.226378,128.879929,,1975300.000000,BX
2024-08-09,128.791161,130.083410,127.350949,129.156143,,1416000.000000,BX
2024-08-12,129.254787,130.448400,126.443393,127.528496,,3100400.000000,BX
2024-08-13,128.909526,131.888615,128.347256,131.543365,,3219300.000000,BX
2024-08-14,131.868881,134.650682,131.563083,134.315292,,2970100.000000,BX
2024-08-15,135.992252,136.376968,133.713551,134.423798,,3508900.000000,BX
2024-08-16,134.384333,135.143905,131.434851,132.460754,,3727400.000000,BX
2024-08-19,132.184542,133.170994,131.701175,132.825729,,2146200.000000,BX
2024-08-20,133.023035,133.466935,130.912029,131.178360,,1811400.000000,BX
2024-08-21,131.464448,133.171006,129.945304,132.924393,,1945200.000000,BX
2024-08-22,132.914526,133.664224,131.711054,132.963837,,1795500.000000,BX
2024-08-23,134.078527,138.783906,133.881239,137.393005,,4886900.000000,BX
2024-08-26,138.448540,140.322792,137.925721,140.036728,,3795200.000000,BX
2024-08-27,138.764190,140.401704,138.665554,139.336334,,3870800.000000,BX
2024-08-28,138.882547,140.135345,137.383151,138.182175,,2548600.000000,BX
2024-08-29,138.626089,139.622400,137.827066,138.675415,,2744900.000000,BX
2024-08-30,139.425105,140.756821,136.741954,140.431290,,3421600.000000,BX
2024-09-03,139.513883,140.026842,135.124175,136.268463,,2339700.000000,BX
2024-09-04,135.785104,137.087228,134.739468,135.982407,,1703600.000000,BX
2024-09-05,136.791273,138.981197,135.864006,136.396698,,2234600.000000,BX
2024-09-06,136.732087,138.201905,133.792464,135.262268,,2577900.000000,BX
2024-09-09,136.850470,138.872700,136.584139,137.876389,,2133700.000000,BX
2024-09-10,138.389339,140.569405,136.298066,140.283340,,2684700.000000,BX
2024-09-11,139.967656,141.486785,136.367113,141.328964,,3148600.000000,BX
2024-09-12,142.098394,144.988690,140.776552,144.515198,,3543000.000000,BX
2024-09-13,145.994879,149.812443,145.748266,149.141663,,4681200.000000,BX
2024-09-16,149.506648,153.077599,148.816134,152.466003,,4426400.000000,BX
2024-09-17,153.245310,154.340272,151.647248,152.949371,,3923400.000000,BX
2024-09-18,153.195976,155.622639,150.621336,152.830978,,3921300.000000,BX
2024-09-19,157.635020,158.069062,153.807582,157.496918,,4707700.000000,BX
2024-09-20,157.674466,159.065367,155.691704,155.977768,,5540500.000000,BX
2024-09-23,156.766933,158.039464,154.379721,155.080109,,3485300.000000,BX
2024-09-24,155.119558,156.017233,154.064048,155.415497,,2227500.000000,BX
2024-09-25,154.774292,155.770618,150.157705,150.700256,,3918400.000000,BX
2024-09-26,152.505473,152.929640,150.147854,151.390778,,3155400.000000,BX
2024-09-27,152.150338,153.748385,151.558460,152.840851,,2170600.000000,BX
2024-09-30,151.834664,152.337749,149.151514,151.055374,,3110200.000000,BX
2024-10-01,151.035649,151.035649,147.849413,149.792725,,2949700.000000,BX
2024-10-02,148.776690,151.321723,148.776690,150.147858,,1862800.000000,BX
2024-10-03,149.674353,150.473377,147.760634,149.151535,,2109500.000000,BX
2024-10-04,150.976466,151.469692,148.155213,149.861771,,2073700.000000,BX
2024-10-07,149.121924,149.772986,146.290812,147.050385,,2101100.000000,BX
2024-10-08,148.007237,148.391953,146.389456,147.415375,,1578000.000000,BX
2024-10-09,145.994887,147.474565,144.978843,146.409195,,2847300.000000,BX
2024-10-10,145.945555,148.174946,145.245183,147.010925,,2460700.000000,BX
2024-10-11,147.987510,151.371032,147.750756,150.966583,,2205400.000000,BX
2024-10-14,151.864263,153.699064,151.479548,153.383408,,2576800.000000,BX
2024-10-15,154.429043,155.415495,153.008550,154.202164,,2615800.000000,BX
2024-10-16,155.247799,158.217014,154.932128,157.546234,,3962000.000000,BX
2024-10-17,162.123380,169.916344,162.064180,167.430481,,9088800.000000,BX
2024-10-18,169.265284,173.556356,167.756014,170.024857,,5749100.000000,BX
2024-10-21,169.176511,171.800477,168.091408,168.456406,,3386700.000000,BX
2024-10-22,168.180177,168.594485,164.648678,166.217133,,2926500.000000,BX
2024-10-23,166.088906,168.140728,162.804020,164.658554,,3167400.000000,BX
2024-10-24,168.229502,169.659870,165.684470,167.361435,,3531200.000000,BX
2024-10-25,168.229505,168.850974,164.816390,165.230698,,2831000.000000,BX
2024-10-28,167.283193,169.216699,166.549446,168.532532,,2141300.000000,BX
2024-10-29,167.481504,168.492866,166.727921,168.373886,,2313600.000000,BX
2024-10-30,168.403629,171.794704,168.254904,170.089249,,2500700.000000,BX
2024-10-31,169.048147,169.811624,166.172664,166.331314,,3473000.000000,BX
2024-11-01,167.352589,170.109077,166.390791,166.718002,,3453200.000000,BX
2024-11-04,166.480031,167.570735,165.210858,165.627304,,2383500.000000,BX
2024-11-05,165.319928,168.205321,164.754756,168.185486,,2609600.000000,BX
2024-11-06,173.569567,176.792081,171.120455,174.888321,,6852200.000000,BX
2024-11-07,174.600775,175.493173,172.518544,174.809006,,2865900.000000,BX
2024-11-08,174.640444,177.119301,174.313233,175.959198,,2768300.000000,BX
2024-11-11,177.981942,182.404230,177.515916,181.610992,,2998400.000000,BX
2024-11-12,180.619440,181.095376,176.514453,179.132126,,2939600.000000,BX
2024-11-13,179.736965,181.452330,178.874312,180.024506,,2728000.000000,BX
2024-11-14,180.550022,182.780994,179.142033,179.677475,,2417200.000000,BX
2024-11-15,178.616530,181.462253,178.249664,179.875793,,2893600.000000,BX
2024-11-18,179.211458,181.531665,177.942285,181.462250,,2083100.000000,BX
2024-11-19,179.469255,184.744270,179.320530,183.346191,,2625500.000000,BX
2024-11-20,183.435419,185.537485,181.373008,183.465164,,2828700.000000,BX
2024-11-21,184.922736,192.993894,183.435422,192.369217,,4400600.000000,BX
2024-11-22,192.934410,198.258990,191.675146,197.366608,,4504300.000000,BX
2024-11-25,198.308559,199.260447,191.417340,191.486740,,6691800.000000,BX
2024-11-26,191.347922,191.417337,189.107040,190.039093,,3205500.000000,BX
2024-11-27,191.357859,192.587362,186.925661,187.421432,,2361300.000000,BX
2024-11-29,189.870534,190.326635,188.789741,189.473907,,1460400.000000,BX
2024-12-02,190.098597,190.881909,185.230118,185.468094,,2712700.000000,BX
2024-12-03,185.735803,186.985142,183.633722,184.595520,,2643800.000000,BX
2024-12-04,184.436880,185.388767,183.128051,183.931198,,2658200.000000,BX
2024-12-05,184.426958,187.609817,184.198907,185.616806,,2264000.000000,BX
2024-12-06,185.944019,187.352008,185.071457,185.418503,,2361100.000000,BX
2024-12-09,188.174998,189.870543,182.781003,183.782471,,3376600.000000,BX
2024-12-10,183.980775,189.989522,183.415589,187.966782,,3786600.000000,BX
2024-12-11,190.227499,192.359310,189.424337,190.782761,,3556200.000000,BX
2024-12-12,189.384674,189.751540,186.152250,188.690598,,2829500.000000,BX
2024-12-13,188.878993,190.544778,186.638097,186.826492,,3658100.000000,BX
2024-12-16,187.609822,188.065923,186.221653,186.866165,,2945500.000000,BX
2024-12-17,185.557318,185.924184,181.402751,181.561401,,4278200.000000,BX
2024-12-18,181.363096,182.443874,170.198314,170.247894,,5063000.000000,BX
2024-12-19,172.776342,173.113462,167.074970,167.481506,,7802700.000000,BX
2024-12-20,165.746302,171.804629,164.645689,169.395172,,10917100.000000,BX
2024-12-23,168.740754,171.318771,167.709556,170.733765,,3299000.000000,BX
2024-12-24,171.883956,174.987475,170.733763,174.204163,,1584700.000000,BX
2024-12-26,172.776335,175.631983,172.776335,174.967651,,1438500.000000,BX
2024-12-27,173.192782,174.789167,171.209697,172.538361,,3124200.000000,BX
2024-12-30,170.456125,171.477413,167.769037,170.594940,,1899100.000000,BX
2024-01-02,459.370337,466.390260,457.490508,460.251495,,742500.000000,NOC
2024-01-03,464.510460,473.703921,460.985798,464.941254,,773500.000000,NOC
2024-01-04,471.236665,473.654971,461.778835,461.857178,,791600.000000,NOC
2024-01-05,462.826452,462.826452,457.421991,460.055695,,511500.000000,NOC
2024-01-08,456.276457,465.450348,455.473612,465.313293,,658900.000000,NOC
2024-01-09,465.352435,467.819714,460.163371,462.346710,,617500.000000,NOC
2024-01-10,462.121512,467.095180,461.250125,462.072571,,499300.000000,NOC
2024-01-11,462.718714,463.149508,455.591079,457.559021,,544600.000000,NOC
2024-01-12,458.959113,471.383526,458.959113,471.011475,,701200.000000,NOC
2024-01-16,471.422702,472.078693,466.067183,467.898041,,734600.000000,NOC
2024-01-17,467.349766,472.793399,463.668449,463.962189,,612100.000000,NOC
2024-01-18,465.195808,466.253191,458.714333,464.696472,,875800.000000,NOC
2024-01-19,465.421004,465.421004,459.536777,460.633362,,1369200.000000,NOC
2024-01-22,459.595543,460.917265,456.531046,456.854126,,871200.000000,NOC
2024-01-23,456.775800,461.034765,455.091796,458.126923,,1083800.000000,NOC
2024-01-24,456.854167,463.090846,453.123909,454.210693,,1194800.000000,NOC
2024-01-25,437.253147,439.602911,417.084277,425.455322,,2293200.000000,NOC
2024-01-26,426.620376,430.076495,422.488695,428.793915,,1147600.000000,NOC
2024-01-29,430.791260,433.297679,426.042759,429.136627,,857100.000000,NOC
2024-01-30,433.728482,435.745366,428.177136,434.218018,,2324800.000000,NOC
2024-01-31,436.058637,440.288231,435.236221,437.409760,,3213800.000000,NOC
2024-02-01,437.419550,438.398621,433.434754,436.881073,,2179400.000000,NOC
2024-02-02,436.450306,438.369277,432.259883,437.233551,,1616400.000000,NOC
2024-02-05,434.639021,436.489480,431.026246,433.023560,,1656000.000000,NOC
2024-02-06,432.749372,440.503627,431.711559,438.790253,,587900.000000,NOC
2024-02-07,438.790272,444.429701,438.790272,444.400330,,748100.000000,NOC
2024-02-08,443.382059,444.645068,440.395904,441.776398,,527800.000000,NOC
2024-02-09,442.647831,446.025638,441.091111,445.399048,,906700.000000,NOC
2024-02-12,445.477299,446.103918,441.864524,442.021179,,723400.000000,NOC
2024-02-13,444.263299,446.045186,433.875340,436.832153,,1020200.000000,NOC
2024-02-14,438.134279,440.581956,433.728459,437.027924,,1002200.000000,NOC
2024-02-15,437.889525,442.207232,437.106280,440.581970,,974700.000000,NOC
2024-02-16,440.944233,443.391910,438.633639,441.521881,,1016300.000000,NOC
2024-02-20,443.734595,450.901402,443.372343,444.410156,,1367700.000000,NOC
2024-02-21,445.163985,451.439834,444.263257,450.372650,,1284700.000000,NOC
2024-02-22,449.080296,449.824400,442.060373,447.484406,,1801300.000000,NOC
2024-02-23,448.113590,453.756536,447.838325,453.304321,,574600.000000,NOC
2024-02-26,454.454522,457.875698,451.121852,451.574066,,618600.000000,NOC
2024-02-27,449.843845,451.505275,446.324384,450.610657,,421100.000000,NOC
2024-02-28,451.839489,454.267731,449.480071,451.190674,,535600.000000,NOC
2024-02-29,450.630357,453.697604,447.710568,453.225708,,927200.000000,NOC
2024-03-01,453.206012,453.206012,446.147409,447.209137,,1272600.000000,NOC
2024-03-04,448.290537,453.432125,447.749847,452.301544,,692700.000000,NOC
2024-03-05,455.398335,456.725487,450.217414,450.512360,,1450500.000000,NOC
2024-03-06,450.414036,455.997999,450.138771,453.274841,,546100.000000,NOC
2024-03-07,451.446236,451.819816,446.579942,448.683746,,796300.000000,NOC
2024-03-08,447.317275,452.114775,445.478895,451.731354,,475600.000000,NOC
2024-03-11,451.711718,454.425035,450.600818,451.485596,,552500.000000,NOC
2024-03-12,448.831197,453.107659,446.845360,451.082489,,1213600.000000,NOC
2024-03-13,450.807257,454.385731,450.286218,450.482849,,698500.000000,NOC
2024-03-14,450.256727,453.589428,449.499756,453.068359,,669900.000000,NOC
2024-03-15,450.138763,456.538710,450.138763,453.943329,,1000000.000000,NOC
2024-03-18,453.206026,455.683411,451.288982,454.572540,,540800.000000,NOC
2024-03-19,457.138395,459.596128,454.808468,459.576477,,726800.000000,NOC
2024-03-20,460.707015,463.440013,458.730988,462.791168,,617300.000000,NOC
2024-03-21,463.961050,465.553657,459.399483,459.586273,,798000.000000,NOC
2024-03-22,461.041263,463.322047,459.694430,460.824982,,615400.000000,NOC
2024-03-25,463.351532,464.020028,459.999180,461.385345,,446900.000000,NOC
2024-03-26,461.562321,465.062131,460.677543,461.965393,,503900.000000,NOC
2024-03-27,464.836017,469.810497,463.980731,469.289429,,823100.000000,NOC
2024-03-28,470.901723,472.622136,469.918629,470.567474,,632500.000000,NOC
2024-04-01,470.302059,470.724782,462.958350,463.381073,,794700.000000,NOC
2024-04-02,464.108539,465.976410,457.148251,458.475403,,801700.000000,NOC
2024-04-03,457.462791,459.694432,449.086847,449.283478,,1271600.000000,NOC
2024-04-04,450.256742,456.794307,447.897324,451.711731,,2219400.000000,NOC
2024-04-05,449.775038,451.259489,444.849731,446.815918,,1448700.000000,NOC
2024-04-08,448.408537,450.217426,447.120688,448.644470,,1509600.000000,NOC
2024-04-09,445.174128,447.405769,442.814710,446.973206,,855400.000000,NOC
2024-04-10,444.948051,451.003909,442.165880,450.168274,,983100.000000,NOC
2024-04-11,448.870573,452.154102,447.091177,450.089600,,692800.000000,NOC
2024-04-12,454.218638,460.294148,448.113637,448.398712,,1045500.000000,NOC
2024-04-15,454.149776,456.754967,438.675897,443.660187,,2007800.000000,NOC
2024-04-16,445.419910,448.438013,442.441138,442.736084,,953200.000000,NOC
2024-04-17,445.262634,446.176904,440.858366,444.407318,,818200.000000,NOC
2024-04-18,442.274001,448.978705,442.274001,444.849701,,846300.000000,NOC
2024-04-19,447.887465,455.663736,445.410081,454.759277,,1213900.000000,NOC
2024-04-22,457.069571,464.462452,454.257938,463.017303,,1006300.000000,NOC
2024-04-23,465.573315,468.709386,462.456926,466.654724,,1365400.000000,NOC
2024-04-24,467.057798,469.053476,462.820668,466.546600,,1124100.000000,NOC
2024-04-25,460.844624,482.305568,457.138374,479.808502,,1365400.000000,NOC
2024-04-26,479.316958,480.093610,469.633483,472.327179,,1371900.000000,NOC
2024-04-29,473.359432,478.058617,472.622112,477.999634,,714400.000000,NOC
2024-04-30,478.225748,479.808514,475.355102,476.829742,,909000.000000,NOC
2024-05-01,476.918198,481.981122,475.237117,478.147064,,1157300.000000,NOC
2024-05-02,476.711788,480.221439,466.310644,466.969330,,1373000.000000,NOC
2024-05-03,467.608330,469.446710,457.364515,461.159241,,1443400.000000,NOC
2024-05-06,462.388094,463.292553,459.409323,460.933105,,862300.000000,NOC
2024-05-07,462.732185,466.821857,461.031423,465.740448,,734300.000000,NOC
2024-05-08,466.585876,467.716458,463.390823,463.636597,,866600.000000,NOC
2024-05-09,463.567872,466.497472,463.567872,465.425903,,868900.000000,NOC
2024-05-10,466.241856,468.247345,464.432968,466.772705,,579000.000000,NOC
2024-05-13,467.165933,472.602437,467.165933,468.591400,,507000.000000,NOC
2024-05-14,469.672830,471.108138,465.838772,466.055054,,505700.000000,NOC
2024-05-15,463.872595,465.229269,458.445901,461.709778,,682300.000000,NOC
2024-05-16,462.368438,464.432940,459.723915,462.732178,,842400.000000,NOC
2024-05-17,463.892209,463.892209,460.294084,462.270111,,966700.000000,NOC
2024-05-20,463.921728,464.108518,460.176144,461.011780,,689400.000000,NOC
2024-05-21,462.761680,465.946892,460.648035,463.921722,,579600.000000,NOC
2024-05-22,463.007443,467.303555,462.397930,466.664551,,556400.000000,NOC
2024-05-23,464.098664,467.018452,458.357403,459.311005,,947100.000000,NOC
2024-05-24,459.607272,461.651265,459.024652,460.574951,,420800.000000,NOC
2024-05-28,459.291286,459.291286,449.347686,449.782166,,848400.000000,NOC
2024-05-29,447.906046,448.064041,440.589059,440.786560,,1340700.000000,NOC
2024-05-30,442.850305,444.509209,439.246098,440.914886,,1257000.000000,NOC
2024-05-31,440.697622,446.256953,439.729943,445.111511,,2867200.000000,NOC
2024-06-03,443.561263,447.708523,443.205766,443.689606,,1085600.000000,NOC
2024-06-04,443.650110,444.598051,441.734460,442.761414,,530700.000000,NOC
2024-06-05,442.040559,442.554021,435.760380,436.816956,,993800.000000,NOC
2024-06-06,436.846587,440.766754,435.957891,439.196716,,673500.000000,NOC
2024-06-07,438.278406,440.253301,434.298996,434.516235,,716600.000000,NOC
2024-06-10,434.476717,436.323238,429.608610,430.299805,,1013900.000000,NOC
2024-06-11,428.798914,430.526946,423.585194,424.424530,,1385000.000000,NOC
2024-06-12,424.829379,426.883256,419.072545,421.788025,,1326200.000000,NOC
2024-06-13,421.225195,421.452319,414.974668,418.104889,,1393800.000000,NOC
2024-06-14,416.791555,418.786187,413.345374,418.766449,,1085600.000000,NOC
2024-06-17,417.729626,425.629203,416.890290,424.385010,,1033400.000000,NOC
2024-06-18,424.888594,427.455962,419.615630,420.484558,,963100.000000,NOC
2024-06-20,420.217990,431.316886,420.217990,429.026031,,863800.000000,NOC
2024-06-21,426.320373,428.087911,421.659621,426.665985,,1888800.000000,NOC
2024-06-24,428.453321,432.205638,423.456840,425.263885,,1077500.000000,NOC
2024-06-25,425.500838,426.142673,423.051958,423.101349,,724400.000000,NOC
2024-06-26,424.928075,427.791695,421.748494,426.073517,,779500.000000,NOC
2024-06-27,427.110378,432.106858,426.567264,429.450623,,981600.000000,NOC
2024-06-28,430.833067,432.600605,428.502706,430.477600,,1103100.000000,NOC
2024-07-01,432.106889,434.970480,427.791750,429.539520,,719100.000000,NOC
2024-07-02,429.263001,431.988365,428.216310,431.879730,,504000.000000,NOC
2024-07-03,431.494636,433.005429,429.391369,431.603241,,304000.000000,NOC
2024-07-05,431.603249,431.603249,427.060986,429.272888,,436700.000000,NOC
2024-07-08,429.687606,430.655315,424.019669,424.849121,,727900.000000,NOC
2024-07-09,424.602232,424.987351,418.361559,418.410950,,910300.000000,NOC
2024-07-10,417.384010,421.235047,417.384010,420.889435,,717700.000000,NOC
2024-07-11,419.724240,427.762073,419.329267,426.596863,,761200.000000,NOC
2024-07-12,429.539481,432.195716,426.211789,426.814117,,692100.000000,NOC
2024-07-15,428.561930,430.971303,425.658833,426.498169,,624400.000000,NOC
2024-07-16,425.797051,430.576291,425.787197,429.697479,,641300.000000,NOC
2024-07-17,429.253140,436.283759,428.492816,434.644623,,1140100.000000,NOC
2024-07-18,431.948840,440.263127,431.948840,434.091583,,891200.000000,NOC
2024-07-19,436.994713,436.994713,429.341998,432.442596,,720000.000000,NOC
2024-07-22,432.106862,433.360909,429.648099,432.600586,,790700.000000,NOC
2024-07-23,433.923779,438.071069,431.514406,436.747864,,681200.000000,NOC
2024-07-24,438.860983,440.352038,431.534113,436.570099,,1301000.000000,NOC
2024-07-25,455.143990,466.894604,453.169096,464.662994,,2050800.000000,NOC
2024-07-26,471.565218,478.368742,466.183619,474.270813,,1164600.000000,NOC
2024-07-29,475.011395,476.482712,469.274330,471.298615,,877300.000000,NOC
2024-07-30,470.597505,482.920856,469.057090,480.620117,,745000.000000,NOC
2024-07-31,480.432521,483.236867,476.788839,478.240387,,1454400.000000,NOC
2024-08-01,479.701803,488.440716,477.341820,487.166901,,997800.000000,NOC
2024-08-02,489.754022,498.660784,479.603067,488.341949,,1045600.000000,NOC
2024-08-05,491.235200,500.467806,480.185664,486.446075,,967500.000000,NOC
2024-08-06,487.038515,489.280009,479.859755,480.422607,,741500.000000,NOC
2024-08-07,477.292402,488.835661,474.646051,483.602203,,739800.000000,NOC
2024-08-08,481.548351,489.102315,478.773597,485.152527,,544400.000000,NOC
2024-08-09,486.288092,489.635522,480.886755,488.134613,,519100.000000,NOC
2024-08-12,489.270170,496.379801,485.823989,495.362732,,922800.000000,NOC
2024-08-13,495.194827,496.202042,490.218115,496.073669,,781000.000000,NOC
2024-08-14,495.175080,501.159006,494.543099,498.660767,,720100.000000,NOC
2024-08-15,498.295424,498.897753,495.026977,497.377106,,611800.000000,NOC
2024-08-16,498.088116,501.356563,495.816969,500.299988,,580300.000000,NOC
2024-08-19,500.388784,502.087194,497.199320,498.532379,,344300.000000,NOC
2024-08-20,498.167057,501.682366,494.237007,501.662628,,452900.000000,NOC
2024-08-21,502.521691,503.025298,498.532396,500.497406,,527300.000000,NOC
2024-08-22,499.855584,505.444538,499.855584,503.232666,,500800.000000,NOC
2024-08-23,503.598008,503.992981,498.897750,502.946289,,554900.000000,NOC
2024-08-26,503.953509,505.908696,502.422978,505.572937,,515000.000000,NOC
2024-08-27,505.622266,507.458904,501.623118,506.007385,,434000.000000,NOC
2024-08-28,509.088206,510.984087,503.736260,507.113312,,638700.000000,NOC
2024-08-29,507.547810,514.973431,505.770417,512.830627,,509500.000000,NOC
2024-08-30,510.016420,517.047039,509.690546,516.642212,,712700.000000,NOC
2024-09-03,518.129252,522.104516,516.007748,518.168884,,810700.000000,NOC
2024-09-04,519.477431,524.186345,515.700389,519.150269,,580100.000000,NOC
2024-09-05,520.201161,521.251990,511.863931,514.897461,,384300.000000,NOC
2024-09-06,514.897453,518.367179,510.277726,510.545410,,535700.000000,NOC
2024-09-09,512.528063,520.557976,512.528063,519.675720,,642000.000000,NOC
2024-09-10,520.974393,522.451495,514.828010,515.472351,,561500.000000,NOC
2024-09-11,512.994034,513.965599,503.734856,511.467377,,650200.000000,NOC
2024-09-12,508.156263,514.560347,508.156263,514.054749,,473600.000000,NOC
2024-09-13,512.865161,517.018921,511.625973,515.284058,,292800.000000,NOC
2024-09-16,519.626126,522.937262,515.046092,516.761169,,338500.000000,NOC
2024-09-17,510.545402,517.395606,508.780770,516.245667,,423000.000000,NOC
2024-09-18,516.245649,522.163981,512.468607,517.118042,,532600.000000,NOC
2024-09-19,518.208520,518.644717,512.964299,517.742615,,468400.000000,NOC
2024-09-20,516.582735,522.263153,513.747428,520.587769,,1330400.000000,NOC
2024-09-23,520.696812,529.985759,519.021428,528.528503,,524000.000000,NOC
2024-09-24,526.436779,529.153069,521.965779,525.276855,,528100.000000,NOC
2024-09-25,527.576734,528.389648,520.548095,523.541931,,437300.000000,NOC
2024-09-26,519.794688,526.010413,518.684380,519.774841,,426100.000000,NOC
2024-09-27,518.961955,524.354903,517.455083,522.233398,,528800.000000,NOC
2024-09-30,522.163960,524.364789,517.385705,523.502319,,957200.000000,NOC
2024-10-01,523.611387,550.764485,521.232182,539.175598,,1200800.000000,NOC
2024-10-02,539.780307,542.496597,533.633923,534.208923,,690900.000000,NOC
2024-10-03,535.180439,538.898002,530.372414,532.930115,,443700.000000,NOC
2024-10-04,531.185326,533.901616,529.440540,532.097351,,393900.000000,NOC
2024-10-07,531.621488,534.635171,526.863019,529.351257,,436200.000000,NOC
2024-10-08,531.373708,531.978417,527.041512,528.042786,,422500.000000,NOC
2024-10-09,526.952232,529.906497,524.196310,527.626343,,428500.000000,NOC
2024-10-10,527.606531,527.606531,521.331267,522.530823,,372800.000000,NOC
2024-10-11,524.434208,526.406986,521.975679,524.126892,,325100.000000,NOC
2024-10-14,526.060039,530.372388,523.264424,529.450439,,334000.000000,NOC
2024-10-15,530.640080,531.482704,521.331287,522.372192,,710700.000000,NOC
2024-10-16,520.538262,527.071227,520.458937,526.833313,,541200.000000,NOC
2024-10-17,520.627429,524.850591,517.603823,523.403198,,909200.000000,NOC
2024-10-18,523.641212,526.337656,521.053742,526.198853,,1245900.000000,NOC
2024-10-21,529.113391,532.246092,521.281760,525.068726,,579700.000000,NOC
2024-10-22,525.217378,525.217378,513.341021,515.700439,,677400.000000,NOC
2024-10-23,517.593860,518.377065,510.981571,511.933289,,919500.000000,NOC
2024-10-24,511.447458,526.406959,511.278945,519.150269,,1310300.000000,NOC
2024-10-25,521.281780,523.185155,514.084566,514.857788,,516100.000000,NOC
2024-10-28,514.778471,514.778471,507.026105,507.720062,,680700.000000,NOC
2024-10-29,508.067016,508.225605,499.650462,499.690094,,582000.000000,NOC
2024-10-30,499.690113,504.964104,497.509161,500.968964,,799200.000000,NOC
2024-10-31,501.236618,507.273968,499.700037,504.617126,,908100.000000,NOC
2024-11-01,509.454929,509.454929,501.950370,502.565033,,497900.000000,NOC
2024-11-04,503.397790,506.570093,497.796667,503.050812,,455400.000000,NOC
2024-11-05,504.537793,508.751032,501.107730,508.463562,,695400.000000,NOC
2024-11-06,524.771298,524.771298,510.981641,518.615051,,965700.000000,NOC
2024-11-07,521.370925,521.370925,512.974217,516.077148,,671600.000000,NOC
2024-11-08,518.842984,526.674675,517.712830,524.414368,,495800.000000,NOC
2024-11-11,528.320320,535.091260,527.903970,529.083679,,538400.000000,NOC
2024-11-12,531.512477,531.512477,525.326401,526.793640,,649900.000000,NOC
2024-11-13,524.176483,525.316560,514.352228,515.918518,,773400.000000,NOC
2024-11-14,516.493508,516.493508,487.873230,496.012207,,1187600.000000,NOC
2024-11-15,493.256260,499.878473,486.624124,489.717133,,1428600.000000,NOC
2024-11-18,490.569678,494.009664,483.422051,484.453033,,875900.000000,NOC
2024-11-19,489.845989,493.632954,485.414652,486.772797,,795200.000000,NOC
2024-11-20,486.078873,488.686129,483.223779,487.724518,,533500.000000,NOC
2024-11-21,489.627912,492.601963,484.938844,492.116211,,609800.000000,NOC
2024-11-22,493.672619,495.675136,490.034350,492.572205,,507500.000000,NOC
2024-11-25,489.231364,489.717116,474.281815,481.072540,,1805800.000000,NOC
2024-11-26,482.351410,487.486598,478.395932,484.205231,,849300.000000,NOC
2024-11-27,484.046588,488.160715,483.778934,484.849579,,583400.000000,NOC
2024-11-29,485.662480,486.376253,482.391036,485.414642,,336700.000000,NOC
2024-12-02,484.827303,486.997570,479.760015,482.587341,,479600.000000,NOC
2024-12-03,483.513162,484.130391,480.974551,483.045258,,683800.000000,NOC
2024-12-04,480.586280,485.663533,478.913783,484.448975,,804600.000000,NOC
2024-12-05,483.632636,484.419120,476.006838,477.430450,,932500.000000,NOC
2024-12-06,477.470236,477.908275,468.450659,471.536835,,915700.000000,NOC
2024-12-09,469.346668,479.859552,468.500454,477.032227,,930200.000000,NOC
2024-12-10,475.578738,478.535489,471.178475,478.037720,,789600.000000,NOC
2024-12-11,478.157160,478.714659,471.885279,473.498047,,1058100.000000,NOC
2024-12-12,474.871897,484.050764,471.656297,479.361786,,1317400.000000,NOC
2024-12-13,477.848555,481.860575,475.538929,477.858521,,699600.000000,NOC
2024-12-16,476.703695,482.487772,475.359712,480.446930,,859200.000000,NOC
2024-12-17,478.804306,484.717808,476.255730,478.147247,,747300.000000,NOC
2024-12-18,478.734599,481.342905,465.035979,465.573578,,839200.000000,NOC
2024-12-19,464.199746,468.868824,460.745225,465.045959,,730200.000000,NOC
2024-12-20,465.404318,472.283493,462.278343,467.445190,,1283900.000000,NOC
2024-12-23,467.275933,468.161977,462.049355,465.115631,,581900.000000,NOC
2024-12-24,464.607917,469.685170,463.821433,468.988281,,235100.000000,NOC
2024-12-26,468.988271,471.905192,467.574623,470.123199,,294600.000000,NOC
2024-12-27,467.524839,472.532397,466.937474,469.247131,,376000.000000,NOC
2024-12-30,465.732878,466.967336,463.104642,464.438660,,440200.000000,NOC
2024-01-02,61.220001,62.160000,60.430000,61.459999,,15248400.000000,PYPL
2024-01-03,60.700001,60.750000,58.349998,58.630001,,21245800.000000,PYPL
2024-01-04,58.020000,59.064999,57.439999,58.450001,,16680400.000000,PYPL
2024-01-05,57.740002,60.369999,57.639999,60.119999,,17413600.000000,PYPL
2024-01-08,60.400002,61.919998,60.060001,61.740002,,14264400.000000,PYPL
2024-01-09,60.279999,62.020000,60.119999,61.049999,,14877300.000000,PYPL
2024-01-10,60.950001,61.430000,60.290001,60.959999,,10137900.000000,PYPL
2024-01-11,60.650002,61.494999,60.080002,61.349998,,11900700.000000,PYPL
2024-01-12,61.799999,61.908001,60.740002,61.000000,,9275600.000000,PYPL
2024-01-16,60.049999,60.240002,58.095001,58.450001,,20907100.000000,PYPL
2024-01-17,57.419998,59.980000,56.471001,59.889999,,29527400.000000,PYPL
2024-01-18,60.490002,62.470001,60.119999,62.090000,,25339500.000000,PYPL
2024-01-19,63.000000,66.209999,62.259998,65.820000,,37995100.000000,PYPL
2024-01-22,68.022003,68.209999,63.220001,63.740002,,44006900.000000,PYPL
2024-01-23,64.525002,65.730003,64.180000,64.779999,,19883700.000000,PYPL
2024-01-24,65.989998,66.000000,62.959999,63.020000,,21694100.000000,PYPL
2024-01-25,63.459999,64.330002,58.900002,60.709999,,43452600.000000,PYPL
2024-01-26,60.320000,62.265999,60.009998,61.779999,,18430700.000000,PYPL
2024-01-29,61.200001,63.790001,60.900002,63.759998,,15913900.000000,PYPL
2024-01-30,62.900002,64.500000,62.070000,63.680000,,18786100.000000,PYPL
2024-01-31,63.000000,63.400002,61.189999,61.349998,,15623100.000000,PYPL
2024-02-01,61.509998,62.060001,60.641998,62.020000,,13449400.000000,PYPL
2024-02-02,61.790001,62.720001,61.000000,62.419998,,14611700.000000,PYPL
2024-02-05,62.000000,62.077999,61.299999,61.540001,,10223300.000000,PYPL
2024-02-06,62.029999,63.730000,61.619999,63.709999,,17564300.000000,PYPL
2024-02-07,64.540001,64.900002,62.849998,63.240002,,33211300.000000,PYPL
2024-02-08,57.980000,58.590000,55.770000,56.130001,,68272700.000000,PYPL
2024-02-09,56.205002,59.220001,56.160000,58.910000,,31421400.000000,PYPL
2024-02-12,58.610001,60.615002,58.419998,60.090000,,21768200.000000,PYPL
2024-02-13,57.880001,58.730000,57.860001,58.259998,,19540200.000000,PYPL
2024-02-14,58.595001,59.014999,57.630001,58.869999,,16520600.000000,PYPL
2024-02-15,58.860001,60.244999,58.060001,59.700001,,13321000.000000,PYPL
2024-02-16,58.860001,59.750000,58.450001,59.139999,,12181800.000000,PYPL
2024-02-20,58.230000,59.029999,58.189999,58.630001,,12598700.000000,PYPL
2024-02-21,58.080002,58.450001,57.145000,57.480000,,13424300.000000,PYPL
2024-02-22,57.770000,58.639999,57.369999,58.349998,,17293000.000000,PYPL
2024-02-23,58.849998,59.430000,58.230000,59.160000,,13357000.000000,PYPL
2024-02-26,58.930000,60.174999,58.709999,59.330002,,11065600.000000,PYPL
2024-02-27,59.570000,60.240002,59.439999,60.160000,,11467600.000000,PYPL
2024-02-28,59.700001,60.900002,59.439999,60.250000,,9851600.000000,PYPL
2024-02-29,60.599998,61.866001,60.014999,60.340000,,17117300.000000,PYPL
2024-03-01,60.529999,61.639999,60.209999,60.540001,,17462600.000000,PYPL
2024-03-04,60.410000,60.599998,58.860001,59.980000,,17125200.000000,PYPL
2024-03-05,59.509998,60.830002,57.869999,58.270000,,18056700.000000,PYPL
2024-03-06,58.750000,58.919998,57.910000,58.119999,,17187400.000000,PYPL
2024-03-07,58.459999,59.055000,57.950001,58.500000,,19447900.000000,PYPL
2024-03-08,58.720001,59.560001,58.242001,59.009998,,18272400.000000,PYPL
2024-03-11,59.000000,60.220001,58.945000,60.080002,,11172700.000000,PYPL
2024-03-12,59.799999,60.474998,59.296001,60.029999,,13485100.000000,PYPL
2024-03-13,59.980000,63.299999,59.810001,62.450001,,19983400.000000,PYPL
2024-03-14,62.509998,64.199997,62.209999,63.000000,,19342000.000000,PYPL
2024-03-15,62.599998,63.830002,62.430000,62.849998,,20032000.000000,PYPL
2024-03-18,63.119999,64.760002,63.099998,64.230003,,14219900.000000,PYPL
2024-03-19,63.770000,64.050003,62.799999,63.009998,,9089300.000000,PYPL
2024-03-20,63.580002,65.360001,63.115002,65.050003,,12641400.000000,PYPL
2024-03-21,65.300003,66.989998,65.050003,66.139999,,14022100.000000,PYPL
2024-03-22,66.440002,67.250000,64.750000,64.769997,,10196000.000000,PYPL
2024-03-25,64.800003,66.385002,64.800003,66.000000,,10224300.000000,PYPL
2024-03-26,66.739998,67.970001,66.500000,66.669998,,14826400.000000,PYPL
2024-03-27,67.720001,68.209999,66.139999,66.570000,,10591200.000000,PYPL
2024-03-28,66.870003,67.720001,66.430000,66.989998,,10775800.000000,PYPL
2024-04-01,67.000000,67.361000,65.000000,65.029999,,9840500.000000,PYPL
2024-04-02,63.950001,64.839996,63.549999,64.660004,,10329300.000000,PYPL
2024-04-03,64.480003,65.455002,64.410004,65.339996,,7176100.000000,PYPL
2024-04-04,65.989998,66.360001,64.339996,64.540001,,9933400.000000,PYPL
2024-04-05,64.699997,65.470001,64.059998,65.150002,,8058000.000000,PYPL
2024-04-08,65.529999,66.699997,65.330002,66.339996,,8421400.000000,PYPL
2024-04-09,66.949997,67.260002,66.385002,67.000000,,8459900.000000,PYPL
2024-04-10,65.120003,66.190002,65.050003,65.879997,,8566300.000000,PYPL
2024-04-11,65.845001,66.377998,64.680000,65.800003,,8785500.000000,PYPL
2024-04-12,65.379997,65.970001,64.160004,64.589996,,9909200.000000,PYPL
2024-04-15,65.059998,65.470001,63.250000,63.509998,,11008700.000000,PYPL
2024-04-16,62.990002,64.209999,62.919998,63.430000,,9912700.000000,PYPL
2024-04-17,63.779999,63.970001,62.580002,63.259998,,8000900.000000,PYPL
2024-04-18,63.849998,64.029999,61.950001,62.099998,,9240000.000000,PYPL
2024-04-19,62.000000,62.459999,61.724998,62.310001,,13118800.000000,PYPL
2024-04-22,63.040001,63.634998,62.480000,63.189999,,9958200.000000,PYPL
2024-04-23,63.380001,64.699997,63.200001,64.430000,,9913000.000000,PYPL
2024-04-24,64.110001,65.089996,64.019997,64.839996,,8189100.000000,PYPL
2024-04-25,63.470001,64.400002,62.950001,64.099998,,11711200.000000,PYPL
2024-04-26,64.129997,66.300003,63.750000,65.959999,,14200900.000000,PYPL
2024-04-29,66.000000,67.550003,66.000000,66.989998,,19142400.000000,PYPL
2024-04-30,70.000000,70.662003,67.220001,67.919998,,43903400.000000,PYPL
2024-05-01,67.000000,67.800003,65.489998,66.139999,,17966500.000000,PYPL
2024-05-02,66.699997,67.440002,65.830002,66.980003,,14480600.000000,PYPL
2024-05-03,67.639999,67.889999,64.720001,65.699997,,15435200.000000,PYPL
2024-05-06,66.000000,66.099998,64.949997,65.610001,,11257600.000000,PYPL
2024-05-07,66.080002,66.769997,65.769997,65.919998,,9232200.000000,PYPL
2024-05-08,65.459999,65.699997,63.770000,63.810001,,11183800.000000,PYPL
2024-05-09,63.869999,64.470001,63.410000,64.449997,,8368700.000000,PYPL
2024-05-10,64.589996,64.940002,62.880001,62.930000,,8745800.000000,PYPL
2024-05-13,63.435001,64.430000,63.189999,63.950001,,7311600.000000,PYPL
2024-05-14,64.389999,64.860001,64.269997,64.580002,,7556500.000000,PYPL
2024-05-15,65.110001,65.529999,63.480000,63.900002,,10972600.000000,PYPL
2024-05-16,63.590000,64.430000,63.419998,64.099998,,8113600.000000,PYPL
2024-05-17,64.080002,64.709999,63.845001,64.480003,,8204800.000000,PYPL
2024-05-20,64.528000,65.035004,63.770000,64.769997,,6429000.000000,PYPL
2024-05-21,64.389999,64.690002,63.700001,64.099998,,6576000.000000,PYPL
2024-05-22,63.790001,63.910000,61.845001,62.189999,,14532200.000000,PYPL
2024-05-23,62.540001,62.685001,61.220001,61.580002,,10533400.000000,PYPL
2024-05-24,61.950001,62.060001,61.270000,61.639999,,8171300.000000,PYPL
2024-05-28,62.299999,62.869999,61.750000,62.169998,,11159600.000000,PYPL
2024-05-29,61.230000,61.590000,60.849998,61.049999,,8142800.000000,PYPL
2024-05-30,62.770000,63.340000,62.130001,62.509998,,11874700.000000,PYPL
2024-05-31,62.730000,63.560001,61.770000,62.990002,,14269000.000000,PYPL
2024-06-03,63.040001,63.520000,62.580002,63.459999,,9039800.000000,PYPL
2024-06-04,63.139999,64.129997,63.029999,63.330002,,9046100.000000,PYPL
2024-06-05,63.759998,63.810001,62.849998,63.529999,,8846100.000000,PYPL
2024-06-06,64.285004,67.820000,64.169998,67.019997,,22068800.000000,PYPL
2024-06-07,66.500000,68.299004,66.199997,67.300003,,13195000.000000,PYPL
2024-06-10,66.970001,67.489998,65.800003,67.089996,,11978800.000000,PYPL
2024-06-11,67.129997,67.150002,64.404999,64.769997,,15108700.000000,PYPL
2024-06-12,65.459999,65.860001,62.900002,63.430000,,14137500.000000,PYPL
2024-06-13,63.119999,63.625000,61.520000,61.540001,,11985400.000000,PYPL
2024-06-14,61.290001,61.639999,60.310001,60.634998,,10366000.000000,PYPL
2024-06-17,60.369999,60.639999,59.480999,60.130001,,13558500.000000,PYPL
2024-06-18,59.919998,60.110001,59.029999,59.119999,,13500300.000000,PYPL
2024-06-20,59.250000,60.000000,58.790001,59.799999,,12928500.000000,PYPL
2024-06-21,59.919998,60.759998,59.669998,60.610001,,18888300.000000,PYPL
2024-06-24,60.000000,60.560001,59.459999,59.490002,,10464700.000000,PYPL
2024-06-25,59.570000,59.570000,58.970001,59.330002,,9359200.000000,PYPL
2024-06-26,59.740002,59.750000,58.029999,58.259998,,12599400.000000,PYPL
2024-06-27,58.480000,58.490002,57.209999,58.369999,,11648900.000000,PYPL
2024-06-28,58.320000,58.759998,57.900002,58.029999,,28102000.000000,PYPL
2024-07-01,58.360001,58.365002,57.029999,57.810001,,12237500.000000,PYPL
2024-07-02,58.779999,59.270000,58.320000,58.970001,,13231600.000000,PYPL
2024-07-03,59.029999,60.009998,58.895000,59.639999,,6908300.000000,PYPL
2024-07-05,59.380001,60.160000,58.830002,59.759998,,12243800.000000,PYPL
2024-07-08,59.720001,60.029999,58.630001,59.090000,,10320400.000000,PYPL
2024-07-09,58.900002,59.700001,58.419998,59.000000,,8473600.000000,PYPL
2024-07-10,59.090000,59.310001,58.200001,58.900002,,7697100.000000,PYPL
2024-07-11,59.549999,60.930000,59.430000,59.990002,,13082000.000000,PYPL
2024-07-12,60.389999,60.520000,59.779999,60.270000,,8166200.000000,PYPL
2024-07-15,60.250000,61.020000,59.820000,60.470001,,9443000.000000,PYPL
2024-07-16,60.799999,62.020000,60.680000,61.810001,,9198800.000000,PYPL
2024-07-17,61.110001,61.840000,60.654999,61.240002,,8322100.000000,PYPL
2024-07-18,60.549999,61.330002,59.939999,60.000000,,9102000.000000,PYPL
2024-07-19,59.810001,59.830002,58.750000,59.330002,,9352900.000000,PYPL
2024-07-22,59.900002,60.790001,59.520000,60.770000,,7489500.000000,PYPL
2024-07-23,60.720001,60.950001,59.689999,59.709999,,7572000.000000,PYPL
2024-07-24,59.549999,59.660000,57.980000,58.070000,,11801700.000000,PYPL
2024-07-25,58.160000,58.650002,57.200001,57.220001,,12515700.000000,PYPL
2024-07-26,57.599998,58.310001,56.970001,58.290001,,11323400.000000,PYPL
2024-07-29,58.500000,59.099998,58.070000,58.939999,,12346800.000000,PYPL
2024-07-30,62.775002,65.059998,62.430000,64.000000,,44232800.000000,PYPL
2024-07-31,65.000000,66.989998,64.169998,65.779999,,25825900.000000,PYPL
2024-08-01,65.779999,67.300003,65.019997,65.309998,,19086400.000000,PYPL
2024-08-02,64.000000,64.040001,60.889999,61.980000,,23117100.000000,PYPL
2024-08-05,60.700001,61.055000,58.650002,60.459999,,17445400.000000,PYPL
2024-08-06,60.599998,63.580002,60.299999,62.750000,,14358900.000000,PYPL
2024-08-07,63.345001,65.010002,62.639999,62.740002,,13464400.000000,PYPL
2024-08-08,63.549999,64.675003,63.099998,64.279999,,9761200.000000,PYPL
2024-08-09,64.800003,65.500000,64.470001,64.720001,,8605300.000000,PYPL
2024-08-12,64.949997,65.129997,63.285000,63.459999,,7519500.000000,PYPL
2024-08-13,64.000000,65.639999,63.720001,65.110001,,8638600.000000,PYPL
2024-08-14,65.059998,66.389999,64.660004,66.139999,,8944800.000000,PYPL
2024-08-15,67.160004,68.120003,67.050003,67.940002,,12968300.000000,PYPL
2024-08-16,67.370003,68.550003,67.370003,67.959999,,9526800.000000,PYPL
2024-08-19,68.220001,69.459999,68.169998,69.430000,,9578100.000000,PYPL
2024-08-20,70.000000,72.559998,69.430000,71.889999,,23546000.000000,PYPL
2024-08-21,72.065002,72.769997,70.870003,71.459999,,10455500.000000,PYPL
2024-08-22,71.739998,73.250000,70.919998,71.519997,,11811100.000000,PYPL
2024-08-23,72.000000,72.070000,70.839996,71.699997,,8222200.000000,PYPL
2024-08-26,72.070000,73.029999,71.669998,72.040001,,9063000.000000,PYPL
2024-08-27,71.750000,72.349998,71.300003,71.589996,,9396900.000000,PYPL
2024-08-28,71.269997,71.589996,70.025002,70.430000,,9277700.000000,PYPL
2024-08-29,71.400002,73.930000,71.250000,73.160004,,13181600.000000,PYPL
2024-08-30,73.510002,73.690002,71.760002,72.430000,,9635000.000000,PYPL
2024-09-03,71.754997,72.947998,71.400002,72.000000,,8571300.000000,PYPL
2024-09-04,71.605003,73.239998,71.589996,72.610001,,8369000.000000,PYPL
2024-09-05,73.660004,74.400002,71.014999,72.029999,,11473800.000000,PYPL
2024-09-06,71.940002,72.050003,68.550003,68.889999,,12315800.000000,PYPL
2024-09-09,70.391998,70.650002,68.250000,69.349998,,11869300.000000,PYPL
2024-09-10,69.339996,69.739998,67.150002,68.849998,,12317500.000000,PYPL
2024-09-11,69.160004,69.699997,67.760002,69.349998,,12344900.000000,PYPL
2024-09-12,69.139999,70.379997,69.040001,70.360001,,8376700.000000,PYPL
2024-09-13,70.040001,70.620003,69.860001,70.099998,,7572600.000000,PYPL
2024-09-16,70.459999,71.239998,70.070000,71.070000,,6495000.000000,PYPL
2024-09-17,71.930000,72.169998,71.120003,71.769997,,6187200.000000,PYPL
2024-09-18,71.449997,73.870003,71.360001,73.120003,,13498200.000000,PYPL
2024-09-19,75.000000,78.245003,74.809998,77.570000,,21662400.000000,PYPL
2024-09-20,77.309998,77.570000,75.461998,76.760002,,27274600.000000,PYPL
2024-09-23,77.529999,78.800003,77.349998,77.669998,,12839800.000000,PYPL
2024-09-24,77.879997,78.830002,77.669998,78.339996,,14724800.000000,PYPL
2024-09-25,78.230003,79.260002,77.339996,77.360001,,13822400.000000,PYPL
2024-09-26,78.945000,80.430000,78.470001,80.080002,,13316700.000000,PYPL
2024-09-27,80.400002,80.629997,77.730003,77.879997,,11575300.000000,PYPL
2024-09-30,77.870003,78.595001,77.239998,78.029999,,6846900.000000,PYPL
2024-10-01,78.209999,79.010002,76.389999,77.470001,,10608700.000000,PYPL
2024-10-02,77.470001,77.769997,76.180000,77.440002,,8073300.000000,PYPL
2024-10-03,76.529999,77.400002,76.040001,77.309998,,9121300.000000,PYPL
2024-10-04,78.160004,79.529999,77.985001,79.360001,,10070400.000000,PYPL
2024-10-07,79.290001,80.489998,78.614998,80.260002,,9206600.000000,PYPL
2024-10-08,79.989998,81.400002,79.574997,81.160004,,8618500.000000,PYPL
2024-10-09,80.879997,82.000000,80.849998,81.650002,,6926000.000000,PYPL
2024-10-10,79.940002,80.074997,78.529999,78.980003,,11326100.000000,PYPL
2024-10-11,79.540001,80.725998,79.160004,80.510002,,7744800.000000,PYPL
2024-10-14,80.339996,80.980003,79.820000,80.669998,,5865400.000000,PYPL
2024-10-15,80.150002,81.059998,78.650002,79.550003,,7291600.000000,PYPL
2024-10-16,79.809998,80.849998,79.449997,80.820000,,5434800.000000,PYPL
2024-10-17,80.750000,80.900002,79.224998,79.820000,,8654000.000000,PYPL
2024-10-18,79.500000,80.970001,78.940002,80.940002,,8844300.000000,PYPL
2024-10-21,80.315002,81.360001,80.040001,80.559998,,7450300.000000,PYPL
2024-10-22,80.050003,81.419998,80.040001,80.910004,,7571300.000000,PYPL
2024-10-23,81.239998,82.239998,80.089996,80.830002,,7632100.000000,PYPL
2024-10-24,81.235001,82.480003,80.919998,81.389999,,7398800.000000,PYPL
2024-10-25,82.010002,82.800003,81.400002,81.699997,,7201000.000000,PYPL
2024-10-28,82.029999,83.699997,81.879997,83.589996,,15243500.000000,PYPL
2024-10-29,78.040001,81.250000,76.809998,80.279999,,35206400.000000,PYPL
2024-10-30,79.029999,79.709999,77.989998,78.220001,,14910500.000000,PYPL
2024-10-31,78.489998,79.820000,78.300003,79.300003,,13919300.000000,PYPL
2024-11-01,77.864998,78.308998,76.459999,77.250000,,16473600.000000,PYPL
2024-11-04,77.260002,78.440002,77.000000,78.129997,,10257000.000000,PYPL
2024-11-05,77.737999,79.410004,77.737999,79.250000,,6573900.000000,PYPL
2024-11-06,81.345001,81.690002,79.995003,81.410004,,11546500.000000,PYPL
2024-11-07,81.695000,82.739998,81.129997,81.349998,,7994300.000000,PYPL
2024-11-08,81.459999,83.070000,81.349998,83.010002,,8144200.000000,PYPL
2024-11-11,84.070000,87.470001,83.379997,86.940002,,15459400.000000,PYPL
2024-11-12,86.879997,87.919998,85.675003,86.400002,,10036900.000000,PYPL
2024-11-13,86.800003,87.900002,86.080002,87.309998,,9256600.000000,PYPL
2024-11-14,87.059998,87.473000,85.474998,85.790001,,8468300.000000,PYPL
2024-11-15,85.349998,86.199997,85.100998,85.830002,,8083200.000000,PYPL
2024-11-18,86.055000,86.839996,84.574997,84.669998,,10152600.000000,PYPL
2024-11-19,82.989998,84.235001,82.500000,84.089996,,12442700.000000,PYPL
2024-11-20,84.510002,85.599998,84.239998,84.739998,,6076300.000000,PYPL
2024-11-21,85.160004,85.489998,84.209999,84.820000,,7250100.000000,PYPL
2024-11-22,84.680000,86.800003,84.570000,86.769997,,6786000.000000,PYPL
2024-11-25,87.989998,88.739998,86.970001,87.769997,,12998300.000000,PYPL
2024-11-26,87.400002,88.180000,86.900002,86.940002,,5610400.000000,PYPL
2024-11-27,87.550003,87.660004,86.269997,86.570000,,5477900.000000,PYPL
2024-11-29,86.389999,87.080002,85.820000,86.769997,,4469700.000000,PYPL
2024-12-02,86.550003,87.470001,85.839996,86.529999,,7273500.000000,PYPL
2024-12-03,86.400002,86.400002,84.614998,85.139999,,8189800.000000,PYPL
2024-12-04,85.680000,90.139999,85.239998,89.330002,,15536000.000000,PYPL
2024-12-05,89.589996,90.269997,88.269997,89.044998,,9025600.000000,PYPL
2024-12-06,89.489998,90.040001,88.544998,89.879997,,6955500.000000,PYPL
2024-12-09,92.250000,93.660004,89.730003,90.000000,,10714200.000000,PYPL
2024-12-10,89.940002,90.000000,88.375000,88.760002,,6697500.000000,PYPL
2024-12-11,88.620003,91.029999,87.839996,90.750000,,6657200.000000,PYPL
2024-12-12,90.430000,91.169998,89.334999,89.400002,,4711100.000000,PYPL
2024-12-13,90.419998,91.184998,89.820000,91.019997,,8358100.000000,PYPL
2024-12-16,90.790001,91.459999,89.519997,91.300003,,7402500.000000,PYPL
2024-12-17,90.900002,92.000000,90.230003,90.860001,,8395600.000000,PYPL
2024-12-18,90.695000,91.089996,85.176003,85.449997,,12583700.000000,PYPL
2024-12-19,86.279999,88.419998,86.160004,86.779999,,9522400.000000,PYPL
2024-12-20,84.910004,88.230003,84.500000,87.129997,,22052700.000000,PYPL
2024-12-23,86.470001,87.239998,85.970001,86.900002,,5633100.000000,PYPL
2024-12-24,86.900002,88.330002,86.589996,88.250000,,3276300.000000,PYPL
2024-12-26,87.599998,88.730003,87.260002,88.139999,,4800600.000000,PYPL
2024-12-27,87.360001,87.654999,86.203003,86.860001,,5125000.000000,PYPL
2024-12-30,85.690002,86.068001,84.660004,85.430000,,5855000.000000,PYPL
2024-01-02,130.660004,135.649994,128.669998,131.240005,,3039300.000000,ENPH
2024-01-03,126.820000,127.300003,119.519997,122.629997,,6025500.000000,ENPH
2024-01-04,120.220001,121.519997,117.599998,118.070000,,3928200.000000,ENPH
2024-01-05,115.180000,119.870003,114.519997,115.389999,,4182400.000000,ENPH
2024-01-08,119.440002,119.650002,115.400002,116.000000,,4657600.000000,ENPH
2024-01-09,114.220001,118.209999,113.129997,117.059998,,2788900.000000,ENPH
2024-01-10,117.010002,117.639999,114.010002,117.540001,,2771000.000000,ENPH
2024-01-11,116.180000,116.489998,110.820000,114.290001,,4056800.000000,ENPH
2024-01-12,115.000000,117.230003,109.680000,110.220001,,3757900.000000,ENPH
2024-01-16,109.779999,109.919998,107.300003,108.750000,,3917400.000000,ENPH
2024-01-17,105.510002,107.099998,103.870003,105.550003,,4015900.000000,ENPH
2024-01-18,107.220001,107.440002,103.690002,106.660004,,2908600.000000,ENPH
2024-01-19,106.250000,106.750000,101.570000,103.589996,,5160000.000000,ENPH
2024-01-22,106.730003,115.080002,105.739998,107.150002,,5937500.000000,ENPH
2024-01-23,113.250000,115.160004,108.519997,111.300003,,4962900.000000,ENPH
2024-01-24,114.379997,114.639999,108.050003,108.070000,,3906200.000000,ENPH
2024-01-25,109.180000,110.099998,103.720001,106.830002,,3888000.000000,ENPH
2024-01-26,107.699997,109.449997,104.970001,105.370003,,2581900.000000,ENPH
2024-01-29,105.230003,109.440002,103.440002,109.169998,,3232200.000000,ENPH
2024-01-30,107.739998,110.959999,106.260002,106.349998,,3030500.000000,ENPH
2024-01-31,105.459999,111.930000,104.050003,104.129997,,5027800.000000,ENPH
2024-02-01,106.589996,109.910004,102.760002,105.440002,,3998800.000000,ENPH
2024-02-02,102.970001,102.970001,98.879997,101.760002,,4306600.000000,ENPH
2024-02-05,98.809998,99.050003,93.519997,97.800003,,6693000.000000,ENPH
2024-02-06,97.150002,101.099998,95.599998,100.510002,,7429100.000000,ENPH
2024-02-07,119.540001,124.099998,114.699997,117.510002,,16861300.000000,ENPH
2024-02-08,117.849998,120.980003,114.339996,116.879997,,7157500.000000,ENPH
2024-02-09,117.849998,124.550003,117.300003,122.470001,,5449100.000000,ENPH
2024-02-12,123.500000,132.880005,122.800003,128.899994,,6861900.000000,ENPH
2024-02-13,119.930000,125.449997,119.199997,123.559998,,6110400.000000,ENPH
2024-02-14,126.610001,131.789993,124.400002,131.619995,,4056500.000000,ENPH
2024-02-15,135.389999,138.210007,133.279999,136.389999,,5227200.000000,ENPH
2024-02-16,134.490005,137.500000,131.789993,131.869995,,3218900.000000,ENPH
2024-02-20,129.600006,131.800003,125.709999,127.550003,,4047500.000000,ENPH
2024-02-21,122.430000,126.610001,120.540001,126.239998,,4157400.000000,ENPH
2024-02-22,128.149994,128.479996,122.730003,123.440002,,4007400.000000,ENPH
2024-02-23,123.360001,124.209999,117.769997,118.190002,,3660300.000000,ENPH
2024-02-26,118.750000,122.440002,117.820000,119.839996,,2594600.000000,ENPH
2024-02-27,121.739998,122.430000,119.029999,121.110001,,2678800.000000,ENPH
2024-02-28,121.000000,122.099998,118.080002,119.099998,,2912200.000000,ENPH
2024-02-29,123.690002,129.660004,123.080002,127.010002,,5269900.000000,ENPH
2024-03-01,127.330002,130.919998,123.430000,129.660004,,2641500.000000,ENPH
2024-03-04,130.350006,131.089996,123.070000,123.970001,,2793200.000000,ENPH
2024-03-05,122.139999,126.419998,120.360001,125.089996,,3076700.000000,ENPH
2024-03-06,127.320000,129.759995,121.199997,125.360001,,2858900.000000,ENPH
2024-03-07,127.070000,131.199997,126.019997,129.690002,,2711400.000000,ENPH
2024-03-08,132.000000,135.399994,129.380005,130.279999,,3277100.000000,ENPH
2024-03-11,130.279999,133.660004,128.210007,128.690002,,2539100.000000,ENPH
2024-03-12,127.459999,127.930000,119.050003,121.000000,,4504500.000000,ENPH
2024-03-13,119.099998,121.629997,116.349998,118.169998,,4057400.000000,ENPH
2024-03-14,116.589996,117.699997,109.309998,110.410004,,4212300.000000,ENPH
2024-03-15,109.080002,110.879997,106.519997,107.730003,,4743500.000000,ENPH
2024-03-18,108.849998,112.849998,106.489998,111.190002,,3419400.000000,ENPH
2024-03-19,109.349998,111.059998,108.300003,109.160004,,2406100.000000,ENPH
2024-03-20,109.370003,115.349998,108.220001,113.699997,,3435600.000000,ENPH
2024-03-21,114.629997,118.559998,114.059998,115.379997,,3261200.000000,ENPH
2024-03-22,114.650002,115.230003,112.400002,114.610001,,2236200.000000,ENPH
2024-03-25,114.010002,116.309998,110.949997,111.050003,,2802700.000000,ENPH
2024-03-26,112.730003,113.449997,109.250000,109.349998,,2551300.000000,ENPH
2024-03-27,110.699997,120.080002,110.699997,119.800003,,4947100.000000,ENPH
2024-03-28,119.699997,124.400002,119.400002,120.980003,,2968700.000000,ENPH
2024-04-01,121.330002,123.139999,117.519997,118.290001,,2084200.000000,ENPH
2024-04-02,115.449997,115.800003,112.379997,113.550003,,2504200.000000,ENPH
2024-04-03,112.059998,118.660004,111.169998,118.599998,,2917400.000000,ENPH
2024-04-04,120.589996,127.669998,120.000000,120.779999,,5141900.000000,ENPH
2024-04-05,113.580002,117.580002,112.250000,112.269997,,6268500.000000,ENPH
2024-04-08,112.790001,116.449997,112.360001,115.239998,,2624200.000000,ENPH
2024-04-09,115.330002,122.029999,115.330002,121.980003,,3448300.000000,ENPH
2024-04-10,116.160004,120.029999,113.000000,119.599998,,5005500.000000,ENPH
2024-04-11,122.199997,124.800003,117.690002,121.699997,,3180000.000000,ENPH
2024-04-12,121.699997,123.430000,116.339996,117.019997,,2911700.000000,ENPH
2024-04-15,116.519997,117.510002,111.800003,112.470001,,2784300.000000,ENPH
2024-04-16,111.820000,112.279999,108.709999,110.470001,,2932700.000000,ENPH
2024-04-17,111.800003,114.379997,108.559998,112.050003,,3624400.000000,ENPH
2024-04-18,111.000000,113.250000,106.820000,109.169998,,3174800.000000,ENPH
2024-04-19,109.360001,109.849998,105.959999,106.480003,,3449500.000000,ENPH
2024-04-22,107.220001,110.900002,105.610001,110.510002,,3557800.000000,ENPH
2024-04-23,109.930000,116.099998,109.650002,113.480003,,6413600.000000,ENPH
2024-04-24,112.599998,118.239998,105.930000,107.169998,,10885700.000000,ENPH
2024-04-25,105.570000,108.550003,98.400002,107.830002,,7493500.000000,ENPH
2024-04-26,111.360001,115.470001,109.550003,111.930000,,5827300.000000,ENPH
2024-04-29,113.639999,115.750000,111.129997,113.849998,,3117900.000000,ENPH
2024-04-30,111.250000,111.949997,108.690002,108.760002,,2768300.000000,ENPH
2024-05-01,109.050003,110.949997,105.059998,105.160004,,4364100.000000,ENPH
2024-05-02,107.370003,107.809998,102.339996,106.059998,,4241700.000000,ENPH
2024-05-03,110.519997,117.260002,110.519997,114.199997,,6067200.000000,ENPH
2024-05-06,114.279999,117.500000,114.000000,115.080002,,2758300.000000,ENPH
2024-05-07,115.860001,118.800003,113.400002,114.930000,,2557500.000000,ENPH
2024-05-08,112.040001,115.449997,111.510002,112.360001,,2822100.000000,ENPH
2024-05-09,110.529999,112.099998,108.519997,111.129997,,3726200.000000,ENPH
2024-05-10,112.989998,113.699997,107.440002,108.349998,,3201800.000000,ENPH
2024-05-13,108.690002,113.489998,108.690002,110.779999,,2950200.000000,ENPH
2024-05-14,114.540001,121.389999,113.120003,117.110001,,4521500.000000,ENPH
2024-05-15,120.459999,121.620003,114.059998,115.470001,,3875700.000000,ENPH
2024-05-16,117.309998,117.919998,114.019997,116.849998,,2733400.000000,ENPH
2024-05-17,116.680000,118.110001,113.660004,114.320000,,2259100.000000,ENPH
2024-05-20,114.500000,114.790001,110.669998,113.449997,,2451800.000000,ENPH
2024-05-21,112.379997,113.279999,110.919998,111.500000,,2540000.000000,ENPH
2024-05-22,111.419998,124.790001,111.220001,121.230003,,8382200.000000,ENPH
2024-05-23,121.660004,122.150002,116.110001,117.500000,,5109100.000000,ENPH
2024-05-24,118.900002,127.519997,118.139999,125.180000,,5479500.000000,ENPH
2024-05-28,128.750000,131.130005,127.260002,129.380005,,4699900.000000,ENPH
2024-05-29,125.540001,128.839996,124.800003,125.690002,,3980900.000000,ENPH
2024-05-30,127.000000,133.339996,126.370003,130.660004,,3948700.000000,ENPH
2024-05-31,132.000000,134.000000,125.230003,127.900002,,6043300.000000,ENPH
2024-06-03,131.210007,131.610001,126.739998,127.550003,,2226200.000000,ENPH
2024-06-04,128.039993,132.199997,125.900002,129.770004,,2964500.000000,ENPH
2024-06-05,131.580002,134.979996,129.330002,133.240005,,2612500.000000,ENPH
2024-06-06,133.000000,133.000000,129.970001,132.300003,,1740800.000000,ENPH
2024-06-07,129.910004,130.380005,122.059998,122.750000,,3724300.000000,ENPH
2024-06-10,123.230003,131.240005,122.019997,130.669998,,3441900.000000,ENPH
2024-06-11,129.389999,132.850006,126.370003,132.410004,,2667300.000000,ENPH
2024-06-12,139.600006,141.630005,133.089996,134.520004,,4992600.000000,ENPH
2024-06-13,134.020004,134.990005,128.699997,129.720001,,2671700.000000,ENPH
2024-06-14,129.389999,131.740005,124.279999,124.610001,,3055000.000000,ENPH
2024-06-17,123.669998,124.199997,118.320000,120.830002,,3668500.000000,ENPH
2024-06-18,119.500000,121.190002,118.250000,119.010002,,2673100.000000,ENPH
2024-06-20,110.919998,113.000000,107.650002,108.570000,,7522000.000000,ENPH
2024-06-21,107.830002,108.800003,105.419998,106.669998,,5712700.000000,ENPH
2024-06-24,106.919998,109.110001,104.550003,108.019997,,5093000.000000,ENPH
2024-06-25,106.940002,108.000000,101.519997,101.849998,,5617300.000000,ENPH
2024-06-26,101.360001,103.160004,100.410004,102.949997,,4486800.000000,ENPH
2024-06-27,102.949997,106.489998,101.580002,105.230003,,3206800.000000,ENPH
2024-06-28,105.169998,105.550003,98.370003,99.709999,,5477000.000000,ENPH
2024-07-01,99.500000,99.709999,96.879997,97.260002,,3124500.000000,ENPH
2024-07-02,96.449997,99.580002,95.209999,95.769997,,3725600.000000,ENPH
2024-07-03,97.000000,99.180000,95.250000,99.169998,,3961700.000000,ENPH
2024-07-05,100.690002,101.459999,97.000000,97.139999,,2858200.000000,ENPH
2024-07-08,98.599998,102.949997,97.760002,102.809998,,3542900.000000,ENPH
2024-07-09,101.690002,104.760002,100.040001,103.589996,,3301600.000000,ENPH
2024-07-10,104.809998,107.279999,102.550003,106.750000,,2976000.000000,ENPH
2024-07-11,111.639999,115.290001,108.750000,111.680000,,6112400.000000,ENPH
2024-07-12,113.510002,119.709999,113.300003,119.339996,,5640600.000000,ENPH
2024-07-15,114.660004,115.870003,110.349998,113.059998,,5350700.000000,ENPH
2024-07-16,114.610001,116.400002,111.120003,116.169998,,3620600.000000,ENPH
2024-07-17,112.639999,115.199997,108.620003,111.150002,,4367000.000000,ENPH
2024-07-18,113.620003,115.230003,105.580002,107.949997,,4928200.000000,ENPH
2024-07-19,107.739998,108.690002,105.320000,105.459999,,3238600.000000,ENPH
2024-07-22,109.139999,109.290001,102.300003,104.739998,,4204200.000000,ENPH
2024-07-23,102.900002,105.660004,102.879997,103.639999,,4449800.000000,ENPH
2024-07-24,109.260002,120.180000,107.559998,116.910004,,14753800.000000,ENPH
2024-07-25,116.059998,121.010002,115.480003,117.519997,,5068100.000000,ENPH
2024-07-26,120.290001,122.949997,117.239998,119.339996,,3589500.000000,ENPH
2024-07-29,119.080002,120.989998,112.900002,113.720001,,4496000.000000,ENPH
2024-07-30,114.220001,114.220001,109.230003,109.370003,,3595000.000000,ENPH
2024-07-31,111.370003,118.589996,110.070000,115.110001,,3621500.000000,ENPH
2024-08-01,115.769997,118.279999,109.040001,109.680000,,3263400.000000,ENPH
2024-08-02,105.070000,108.470001,103.309998,105.190002,,2869100.000000,ENPH
2024-08-05,99.910004,108.459999,96.779999,103.389999,,3883000.000000,ENPH
2024-08-06,102.639999,104.860001,100.800003,101.529999,,2772400.000000,ENPH
2024-08-07,107.040001,108.879997,103.209999,103.419998,,3295000.000000,ENPH
2024-08-08,102.940002,109.300003,102.669998,108.800003,,3067300.000000,ENPH
2024-08-09,107.919998,108.800003,105.110001,107.860001,,2417700.000000,ENPH
2024-08-12,107.860001,109.809998,107.089996,109.110001,,1707600.000000,ENPH
2024-08-13,110.000000,112.709999,109.400002,112.519997,,1754200.000000,ENPH
2024-08-14,113.070000,113.220001,109.269997,111.150002,,1517700.000000,ENPH
2024-08-15,113.690002,119.699997,112.410004,117.120003,,2740800.000000,ENPH
2024-08-16,116.099998,117.779999,115.279999,116.389999,,1396500.000000,ENPH
2024-08-19,116.000000,120.800003,115.930000,119.709999,,2154500.000000,ENPH
2024-08-20,118.720001,119.949997,116.180000,116.980003,,1020800.000000,ENPH
2024-08-21,118.500000,119.839996,117.260002,119.309998,,1806000.000000,ENPH
2024-08-22,118.379997,119.769997,115.199997,115.489998,,1259900.000000,ENPH
2024-08-23,117.099998,124.209999,116.639999,123.000000,,2729000.000000,ENPH
2024-08-26,125.000000,130.080002,122.459999,122.589996,,3068100.000000,ENPH
2024-08-27,121.370003,123.000000,118.459999,122.529999,,1997700.000000,ENPH
2024-08-28,122.199997,125.739998,121.669998,123.650002,,2326500.000000,ENPH
2024-08-29,123.180000,124.500000,121.010002,121.300003,,1605900.000000,ENPH
2024-08-30,121.309998,122.000000,118.900002,121.040001,,1999500.000000,ENPH
2024-09-03,118.629997,119.279999,112.339996,112.910004,,2354000.000000,ENPH
2024-09-04,111.050003,115.059998,111.000000,113.110001,,1363600.000000,ENPH
2024-09-05,113.739998,114.739998,111.639999,112.080002,,1190600.000000,ENPH
2024-09-06,113.029999,113.650002,107.949997,108.650002,,1628400.000000,ENPH
2024-09-09,109.080002,109.870003,102.110001,103.040001,,2608700.000000,ENPH
2024-09-10,103.379997,104.879997,100.480003,104.610001,,2226300.000000,ENPH
2024-09-11,108.209999,111.260002,106.900002,110.589996,,4135900.000000,ENPH
2024-09-12,110.419998,110.540001,105.550003,105.830002,,2333900.000000,ENPH
2024-09-13,107.400002,110.440002,107.349998,109.910004,,2330600.000000,ENPH
2024-09-16,109.360001,112.769997,107.720001,111.489998,,1760300.000000,ENPH
2024-09-17,112.040001,118.699997,111.099998,118.529999,,3448800.000000,ENPH
2024-09-18,118.589996,126.190002,118.589996,119.739998,,4111200.000000,ENPH
2024-09-19,124.400002,124.400002,116.930000,117.360001,,2567000.000000,ENPH
2024-09-20,117.309998,117.940002,113.040001,114.900002,,3701500.000000,ENPH
2024-09-23,115.389999,117.180000,112.879997,117.000000,,1872800.000000,ENPH
2024-09-24,117.500000,118.129997,114.680000,116.690002,,1612300.000000,ENPH
2024-09-25,116.750000,117.379997,112.680000,113.290001,,1918500.000000,ENPH
2024-09-26,116.400002,116.910004,111.150002,113.610001,,2843700.000000,ENPH
2024-09-27,115.339996,116.760002,114.349998,115.000000,,1973700.000000,ENPH
2024-09-30,114.559998,116.410004,111.559998,113.019997,,2019400.000000,ENPH
2024-10-01,113.050003,113.830002,109.500000,111.199997,,2036500.000000,ENPH
2024-10-02,109.959999,110.870003,104.720001,108.260002,,2327500.000000,ENPH
2024-10-03,107.599998,108.559998,105.309998,106.790001,,1683600.000000,ENPH
2024-10-04,108.949997,109.500000,103.839996,105.949997,,2732100.000000,ENPH
2024-10-07,105.500000,107.139999,104.120003,106.360001,,1864600.000000,ENPH
2024-10-08,104.580002,105.699997,103.349998,104.169998,,1810500.000000,ENPH
2024-10-09,104.279999,105.919998,103.110001,105.320000,,1936700.000000,ENPH
2024-10-10,103.330002,103.989998,98.699997,99.190002,,4390300.000000,ENPH
2024-10-11,98.550003,102.730003,98.360001,100.970001,,2705400.000000,ENPH
2024-10-14,101.000000,102.000000,99.870003,101.470001,,2054800.000000,ENPH
2024-10-15,98.889999,99.500000,90.919998,92.040001,,7599800.000000,ENPH
2024-10-16,91.610001,93.410004,90.769997,93.129997,,3442700.000000,ENPH
2024-10-17,93.199997,93.570000,90.959999,91.570000,,2510000.000000,ENPH
2024-10-18,92.250000,92.529999,90.830002,91.639999,,2818000.000000,ENPH
2024-10-21,90.910004,91.900002,88.910004,90.419998,,3349600.000000,ENPH
2024-10-22,91.000000,92.620003,89.779999,92.230003,,7103000.000000,ENPH
2024-10-23,76.849998,81.269997,76.680000,78.470001,,19782800.000000,ENPH
2024-10-24,79.599998,83.059998,79.040001,81.099998,,6487800.000000,ENPH
2024-10-25,81.410004,84.300003,79.550003,83.830002,,4428600.000000,ENPH
2024-10-28,84.059998,86.629997,83.550003,84.680000,,4354600.000000,ENPH
2024-10-29,84.000000,84.709999,82.040001,83.070000,,3713800.000000,ENPH
2024-10-30,81.690002,84.300003,80.919998,82.470001,,2713500.000000,ENPH
2024-10-31,82.720001,84.000000,81.540001,83.040001,,2916500.000000,ENPH
2024-11-01,83.459999,86.739998,82.300003,83.540001,,4109300.000000,ENPH
2024-11-04,84.820000,88.260002,84.820000,87.459999,,5371300.000000,ENPH
2024-11-05,85.230003,89.949997,84.639999,89.940002,,3803800.000000,ENPH
2024-11-06,77.180000,77.800003,71.379997,74.809998,,16161900.000000,ENPH
2024-11-07,73.930000,75.889999,71.510002,71.589996,,9227600.000000,ENPH
2024-11-08,70.290001,70.489998,65.660004,66.900002,,11887500.000000,ENPH
2024-11-11,66.239998,66.349998,62.500000,63.660000,,9268200.000000,ENPH
2024-11-12,62.759998,63.189999,59.369999,60.090000,,8576900.000000,ENPH
2024-11-13,60.000000,61.060001,59.119999,60.389999,,7266900.000000,ENPH
2024-11-14,60.900002,66.050003,59.770000,63.560001,,9573300.000000,ENPH
2024-11-15,64.919998,65.900002,59.459999,59.520000,,6882200.000000,ENPH
2024-11-18,59.279999,62.730000,58.330002,62.400002,,7634800.000000,ENPH
2024-11-19,61.650002,62.230000,60.380001,61.360001,,4272800.000000,ENPH
2024-11-20,60.580002,63.470001,59.709999,63.380001,,3989300.000000,ENPH
2024-11-21,63.230000,65.550003,62.720001,63.570000,,4191400.000000,ENPH
2024-11-22,63.200001,66.930000,62.360001,66.290001,,4867200.000000,ENPH
2024-11-25,68.250000,72.559998,67.610001,71.910004,,9287500.000000,ENPH
2024-11-26,70.889999,71.459999,68.709999,70.500000,,4432000.000000,ENPH
2024-11-27,71.720001,72.930000,71.000000,72.360001,,3892800.000000,ENPH
2024-11-29,72.360001,74.449997,71.199997,71.349998,,2790900.000000,ENPH
2024-12-02,72.320000,75.570000,71.589996,75.120003,,3823300.000000,ENPH
2024-12-03,74.489998,74.800003,72.900002,73.260002,,2722900.000000,ENPH
2024-12-04,72.940002,73.589996,71.849998,73.120003,,2260600.000000,ENPH
2024-12-05,73.379997,74.690002,70.019997,70.339996,,3484000.000000,ENPH
2024-12-06,71.910004,72.779999,70.629997,71.559998,,2419700.000000,ENPH
2024-12-09,72.320000,78.260002,72.250000,76.389999,,4004000.000000,ENPH
2024-12-10,75.389999,76.059998,74.160004,74.449997,,2672100.000000,ENPH
2024-12-11,75.269997,75.629997,73.059998,74.230003,,2114700.000000,ENPH
2024-12-12,73.620003,74.419998,72.750000,73.000000,,1991700.000000,ENPH
2024-12-13,72.919998,74.440002,72.360001,73.839996,,1925200.000000,ENPH
2024-12-16,72.959999,74.760002,71.080002,71.620003,,2992600.000000,ENPH
2024-12-17,72.110001,75.050003,71.480003,73.400002,,3738000.000000,ENPH
2024-12-18,72.959999,76.010002,68.330002,68.800003,,3905900.000000,ENPH
2024-12-19,68.190002,69.000000,65.099998,65.800003,,4112000.000000,ENPH
2024-12-20,66.430000,71.879997,65.800003,71.449997,,6564700.000000,ENPH
2024-12-23,71.269997,73.139999,70.570000,73.000000,,2556100.000000,ENPH
2024-12-24,73.000000,74.209999,71.699997,73.279999,,1166500.000000,ENPH
2024-12-26,72.430000,74.239998,71.800003,73.010002,,1556100.000000,ENPH
2024-12-27,72.290001,73.500000,70.610001,72.129997,,1585700.000000,ENPH
2024-12-30,70.800003,71.010002,67.709999,70.190002,,3350400.000000,ENPH
2024-01-02,8.930000,8.940000,8.380000,8.420000,,81640300.000000,NIO
2024-01-03,8.120000,8.560000,8.100000,8.500000,,58659300.000000,NIO
2024-01-04,8.330000,8.470000,8.250000,8.270000,,38412300.000000,NIO
2024-01-05,8.160000,8.250000,8.030000,8.060000,,40604100.000000,NIO
2024-01-08,7.860000,8.050000,7.730000,7.930000,,49933600.000000,NIO
2024-01-09,7.800000,7.840000,7.520000,7.560000,,70100900.000000,NIO
2024-01-10,7.530000,7.550000,7.310000,7.410000,,54569600.000000,NIO
2024-01-11,7.570000,7.670000,7.330000,7.400000,,52385000.000000,NIO
2024-01-12,7.260000,7.530000,7.160000,7.170000,,48715800.000000,NIO
2024-01-16,7.040000,7.050000,6.450000,6.550000,,121078900.000000,NIO
2024-01-17,6.210000,6.420000,6.120000,6.300000,,63011800.000000,NIO
2024-01-18,6.500000,6.540000,6.100000,6.280000,,71543500.000000,NIO
2024-01-19,6.160000,6.160000,5.860000,6.060000,,81997000.000000,NIO
2024-01-22,5.830000,6.170000,5.800000,5.980000,,74314700.000000,NIO
2024-01-23,6.400000,6.880000,6.170000,6.210000,,119010800.000000,NIO
2024-01-24,6.500000,6.590000,6.010000,6.070000,,76001000.000000,NIO
2024-01-25,5.910000,6.080000,5.830000,6.040000,,59221400.000000,NIO
2024-01-26,6.000000,6.150000,5.970000,6.140000,,39437600.000000,NIO
2024-01-29,6.080000,6.160000,5.950000,6.140000,,40118400.000000,NIO
2024-01-30,6.010000,6.040000,5.790000,5.790000,,66444800.000000,NIO
2024-01-31,5.690000,5.860000,5.430000,5.620000,,75799300.000000,NIO
2024-02-01,5.730000,5.920000,5.540000,5.710000,,51425400.000000,NIO
2024-02-02,5.560000,5.590000,5.430000,5.540000,,56717500.000000,NIO
2024-02-05,5.480000,5.480000,5.300000,5.380000,,45420800.000000,NIO
2024-02-06,5.680000,6.050000,5.600000,6.030000,,88034700.000000,NIO
2024-02-07,5.810000,6.000000,5.730000,5.860000,,42818400.000000,NIO
2024-02-08,5.820000,5.880000,5.720000,5.820000,,32055300.000000,NIO
2024-02-09,5.840000,5.930000,5.750000,5.930000,,25563500.000000,NIO
2024-02-12,5.910000,6.280000,5.900000,6.080000,,43673000.000000,NIO
2024-02-13,5.860000,5.880000,5.650000,5.700000,,52054400.000000,NIO
2024-02-14,5.880000,6.020000,5.840000,6.000000,,41176800.000000,NIO
2024-02-15,6.050000,6.290000,6.040000,6.090000,,54076700.000000,NIO
2024-02-16,6.240000,6.340000,6.090000,6.140000,,41378700.000000,NIO
2024-02-20,5.930000,6.030000,5.790000,5.960000,,39772200.000000,NIO
2024-02-21,6.020000,6.170000,5.950000,5.970000,,33907200.000000,NIO
2024-02-22,5.970000,5.970000,5.710000,5.850000,,49536300.000000,NIO
2024-02-23,5.670000,5.680000,5.370000,5.400000,,75135200.000000,NIO
2024-02-26,5.540000,5.770000,5.500000,5.650000,,60295300.000000,NIO
2024-02-27,5.810000,5.930000,5.720000,5.780000,,53722100.000000,NIO
2024-02-28,5.600000,5.610000,5.390000,5.430000,,58390500.000000,NIO
2024-02-29,5.560000,5.790000,5.540000,5.750000,,63187100.000000,NIO
2024-03-01,5.730000,5.840000,5.680000,5.780000,,40933100.000000,NIO
2024-03-04,5.580000,5.610000,5.250000,5.330000,,94275800.000000,NIO
2024-03-05,5.170000,5.620000,4.780000,5.480000,,94784600.000000,NIO
2024-03-06,5.390000,5.880000,5.380000,5.770000,,77698800.000000,NIO
2024-03-07,5.670000,5.790000,5.470000,5.770000,,46370300.000000,NIO
2024-03-08,5.780000,5.920000,5.660000,5.800000,,38928300.000000,NIO
2024-03-11,5.920000,6.230000,5.880000,6.100000,,64025300.000000,NIO
2024-03-12,6.190000,6.300000,6.090000,6.190000,,38392900.000000,NIO
2024-03-13,6.080000,6.270000,5.910000,5.920000,,42657900.000000,NIO
2024-03-14,5.820000,5.820000,5.540000,5.580000,,42679900.000000,NIO
2024-03-15,5.710000,5.760000,5.570000,5.580000,,33668500.000000,NIO
2024-03-18,5.830000,5.860000,5.480000,5.540000,,48581900.000000,NIO
2024-03-19,5.490000,5.490000,5.130000,5.190000,,77042900.000000,NIO
2024-03-20,5.110000,5.140000,5.040000,5.100000,,59385500.000000,NIO
2024-03-21,5.060000,5.100000,4.960000,5.000000,,46800100.000000,NIO
2024-03-22,4.930000,4.960000,4.800000,4.890000,,43442800.000000,NIO
2024-03-25,4.920000,5.090000,4.890000,4.910000,,56419400.000000,NIO
2024-03-26,4.900000,4.920000,4.770000,4.780000,,83744700.000000,NIO
2024-03-27,4.630000,4.730000,4.450000,4.670000,,85346500.000000,NIO
2024-03-28,4.680000,4.740000,4.480000,4.500000,,55938500.000000,NIO
2024-04-01,4.630000,4.750000,4.570000,4.640000,,42632700.000000,NIO
2024-04-02,4.470000,4.580000,4.380000,4.540000,,38932700.000000,NIO
2024-04-03,4.460000,4.510000,4.360000,4.490000,,33078500.000000,NIO
2024-04-04,4.550000,4.750000,4.490000,4.500000,,53856500.000000,NIO
2024-04-05,4.500000,4.580000,4.380000,4.390000,,42834900.000000,NIO
2024-04-08,4.410000,4.530000,4.370000,4.370000,,47453500.000000,NIO
2024-04-09,4.430000,4.790000,4.420000,4.710000,,76666000.000000,NIO
2024-04-10,4.580000,4.690000,4.540000,4.590000,,32568000.000000,NIO
2024-04-11,4.600000,4.610000,4.430000,4.460000,,39040200.000000,NIO
2024-04-12,4.350000,4.350000,4.090000,4.110000,,74700300.000000,NIO
2024-04-15,4.190000,4.190000,3.820000,3.890000,,70661300.000000,NIO
2024-04-16,3.750000,3.910000,3.710000,3.810000,,42222200.000000,NIO
2024-04-17,3.870000,3.960000,3.840000,3.910000,,38767000.000000,NIO
2024-04-18,3.900000,4.090000,3.850000,4.000000,,38392100.000000,NIO
2024-04-19,3.860000,3.920000,3.780000,3.800000,,35465400.000000,NIO
2024-04-22,3.680000,4.050000,3.610000,4.000000,,60179600.000000,NIO
2024-04-23,3.990000,4.130000,3.980000,4.010000,,41987800.000000,NIO
2024-04-24,4.150000,4.220000,4.050000,4.150000,,34562000.000000,NIO
2024-04-25,4.050000,4.170000,4.030000,4.130000,,25888400.000000,NIO
2024-04-26,4.430000,4.540000,4.390000,4.490000,,59264500.000000,NIO
2024-04-29,4.670000,4.680000,4.470000,4.600000,,56096000.000000,NIO
2024-04-30,4.700000,4.750000,4.510000,4.720000,,52936200.000000,NIO
2024-05-01,4.760000,5.440000,4.740000,5.270000,,147465600.000000,NIO
2024-05-02,5.610000,5.670000,5.170000,5.590000,,99532800.000000,NIO
2024-05-03,5.530000,5.580000,5.330000,5.570000,,54697700.000000,NIO
2024-05-06,5.750000,6.040000,5.570000,5.690000,,75633400.000000,NIO
2024-05-07,5.540000,5.830000,5.460000,5.510000,,43754100.000000,NIO
2024-05-08,5.250000,5.280000,5.110000,5.220000,,54908700.000000,NIO
2024-05-09,5.370000,5.410000,5.230000,5.330000,,34679700.000000,NIO
2024-05-10,5.280000,5.350000,5.030000,5.070000,,49019600.000000,NIO
2024-05-13,5.200000,5.660000,5.160000,5.410000,,76621100.000000,NIO
2024-05-14,5.510000,5.850000,5.460000,5.790000,,80661000.000000,NIO
2024-05-15,6.000000,6.050000,5.210000,5.330000,,112034600.000000,NIO
2024-05-16,5.370000,5.460000,5.220000,5.260000,,41788900.000000,NIO
2024-05-17,5.280000,5.390000,5.040000,5.280000,,58708400.000000,NIO
2024-05-20,5.250000,5.320000,5.100000,5.220000,,47706100.000000,NIO
2024-05-21,5.190000,5.540000,5.140000,5.250000,,75042200.000000,NIO
2024-05-22,5.260000,5.310000,5.140000,5.240000,,36743200.000000,NIO
2024-05-23,5.120000,5.130000,4.710000,4.800000,,79112800.000000,NIO
2024-05-24,4.810000,4.920000,4.770000,4.830000,,32225400.000000,NIO
2024-05-28,4.970000,5.010000,4.830000,4.900000,,46519700.000000,NIO
2024-05-29,4.830000,5.000000,4.810000,4.930000,,37706200.000000,NIO
2024-05-30,4.950000,5.440000,4.930000,5.400000,,69440000.000000,NIO
2024-05-31,5.270000,5.520000,5.260000,5.390000,,63176600.000000,NIO
2024-06-03,5.540000,5.630000,5.210000,5.340000,,53566700.000000,NIO
2024-06-04,5.310000,5.370000,5.200000,5.210000,,29404500.000000,NIO
2024-06-05,5.330000,5.350000,5.150000,5.270000,,49656100.000000,NIO
2024-06-06,4.950000,5.000000,4.740000,4.910000,,84453800.000000,NIO
2024-06-07,4.820000,4.960000,4.800000,4.830000,,34658600.000000,NIO
2024-06-10,4.820000,4.850000,4.670000,4.720000,,38316300.000000,NIO
2024-06-11,4.790000,4.800000,4.350000,4.460000,,66199200.000000,NIO
2024-06-12,4.470000,4.630000,4.310000,4.450000,,62311400.000000,NIO
2024-06-13,4.470000,4.610000,4.400000,4.410000,,27306300.000000,NIO
2024-06-14,4.360000,4.380000,4.290000,4.330000,,23557000.000000,NIO
2024-06-17,4.320000,4.480000,4.240000,4.430000,,31751400.000000,NIO
2024-06-18,4.360000,4.470000,4.320000,4.430000,,28884900.000000,NIO
2024-06-20,4.370000,4.450000,4.250000,4.330000,,28737200.000000,NIO
2024-06-21,4.310000,4.350000,4.240000,4.300000,,22036700.000000,NIO
2024-06-24,4.300000,4.530000,4.290000,4.440000,,28749700.000000,NIO
2024-06-25,4.400000,4.430000,4.320000,4.370000,,23318400.000000,NIO
2024-06-26,4.380000,4.680000,4.340000,4.640000,,53248100.000000,NIO
2024-06-27,4.570000,4.580000,4.370000,4.390000,,37306100.000000,NIO
2024-06-28,4.350000,4.360000,4.140000,4.160000,,47669500.000000,NIO
2024-07-01,4.350000,4.510000,4.250000,4.440000,,55633200.000000,NIO
2024-07-02,4.450000,4.540000,4.380000,4.530000,,35412300.000000,NIO
2024-07-03,4.590000,5.040000,4.590000,4.870000,,72459800.000000,NIO
2024-07-05,4.720000,4.750000,4.410000,4.620000,,61604000.000000,NIO
2024-07-08,4.540000,4.610000,4.440000,4.460000,,39272500.000000,NIO
2024-07-09,4.470000,4.540000,4.420000,4.500000,,26805400.000000,NIO
2024-07-10,4.510000,4.770000,4.500000,4.620000,,43456600.000000,NIO
2024-07-11,4.790000,4.800000,4.600000,4.680000,,56422800.000000,NIO
2024-07-12,4.710000,4.920000,4.700000,4.870000,,51797700.000000,NIO
2024-07-15,4.810000,4.810000,4.530000,4.630000,,58503300.000000,NIO
2024-07-16,4.620000,4.920000,4.620000,4.900000,,50004800.000000,NIO
2024-07-17,4.830000,4.870000,4.550000,4.590000,,54980500.000000,NIO
2024-07-18,4.630000,4.710000,4.510000,4.540000,,36332700.000000,NIO
2024-07-19,4.510000,4.510000,4.410000,4.460000,,22403600.000000,NIO
2024-07-22,4.630000,4.700000,4.580000,4.690000,,34131500.000000,NIO
2024-07-23,4.580000,4.600000,4.470000,4.480000,,37498700.000000,NIO
2024-07-24,4.390000,4.420000,4.260000,4.300000,,43266700.000000,NIO
2024-07-25,4.390000,4.440000,4.270000,4.270000,,40111300.000000,NIO
2024-07-26,4.310000,4.430000,4.240000,4.430000,,32103400.000000,NIO
2024-07-29,4.440000,4.470000,4.300000,4.390000,,33918300.000000,NIO
2024-07-30,4.340000,4.440000,4.310000,4.420000,,41983800.000000,NIO
2024-07-31,4.500000,4.620000,4.430000,4.440000,,33546800.000000,NIO
2024-08-01,4.450000,4.450000,3.990000,4.060000,,88261500.000000,NIO
2024-08-02,3.950000,4.250000,3.930000,4.050000,,39936800.000000,NIO
2024-08-05,3.740000,3.970000,3.660000,3.890000,,53237000.000000,NIO
2024-08-06,3.900000,3.920000,3.760000,3.770000,,37777500.000000,NIO
2024-08-07,3.810000,3.910000,3.670000,3.670000,,33486300.000000,NIO
2024-08-08,3.730000,3.890000,3.630000,3.820000,,35671000.000000,NIO
2024-08-09,3.800000,3.890000,3.750000,3.780000,,25866100.000000,NIO
2024-08-12,3.800000,3.830000,3.740000,3.760000,,20645500.000000,NIO
2024-08-13,3.770000,3.910000,3.760000,3.890000,,29584600.000000,NIO
2024-08-14,3.920000,3.930000,3.710000,3.720000,,37694800.000000,NIO
2024-08-15,3.790000,3.870000,3.780000,3.830000,,28523100.000000,NIO
2024-08-16,3.840000,3.980000,3.830000,3.950000,,28728700.000000,NIO
2024-08-19,4.030000,4.110000,4.030000,4.070000,,23455100.000000,NIO
2024-08-20,4.120000,4.170000,3.830000,3.850000,,43921600.000000,NIO
2024-08-21,3.930000,4.000000,3.830000,3.990000,,25739200.000000,NIO
2024-08-22,4.010000,4.050000,3.920000,3.990000,,25826800.000000,NIO
2024-08-23,4.030000,4.130000,3.990000,4.080000,,25913400.000000,NIO
2024-08-26,4.060000,4.100000,3.980000,4.030000,,25776200.000000,NIO
2024-08-27,4.080000,4.100000,3.960000,4.000000,,24654700.000000,NIO
2024-08-28,3.960000,4.000000,3.680000,3.700000,,62882000.000000,NIO
2024-08-29,3.830000,3.970000,3.760000,3.940000,,45246800.000000,NIO
2024-08-30,4.190000,4.210000,4.000000,4.040000,,65991100.000000,NIO
2024-09-03,3.980000,4.180000,3.960000,4.150000,,52928200.000000,NIO
2024-09-04,4.230000,4.290000,4.180000,4.240000,,49161900.000000,NIO
2024-09-05,4.410000,4.850000,4.270000,4.850000,,110271900.000000,NIO
2024-09-06,4.940000,5.180000,4.900000,5.020000,,105245000.000000,NIO
2024-09-09,4.880000,5.610000,4.760000,5.570000,,125459100.000000,NIO
2024-09-10,5.430000,5.500000,5.320000,5.480000,,58595000.000000,NIO
2024-09-11,5.510000,5.660000,5.430000,5.600000,,51390500.000000,NIO
2024-09-12,5.540000,5.540000,5.100000,5.280000,,71034900.000000,NIO
2024-09-13,5.220000,5.570000,5.190000,5.550000,,64294400.000000,NIO
2024-09-16,5.540000,5.550000,5.380000,5.400000,,37580100.000000,NIO
2024-09-17,5.450000,5.700000,5.400000,5.410000,,41732900.000000,NIO
2024-09-18,5.450000,5.480000,5.010000,5.020000,,65049700.000000,NIO
2024-09-19,5.250000,5.400000,4.970000,5.400000,,93014300.000000,NIO
2024-09-20,5.340000,5.540000,5.210000,5.280000,,53489100.000000,NIO
2024-09-23,5.200000,5.560000,5.050000,5.320000,,66291800.000000,NIO
2024-09-24,5.760000,5.960000,5.610000,5.940000,,116346100.000000,NIO
2024-09-25,5.700000,5.840000,5.570000,5.650000,,72687400.000000,NIO
2024-09-26,6.000000,6.200000,5.700000,5.780000,,139473600.000000,NIO
2024-09-27,6.010000,6.660000,5.990000,6.520000,,180982100.000000,NIO
2024-09-30,7.700000,7.710000,6.660000,6.680000,,213140800.000000,NIO
2024-10-01,6.900000,7.080000,6.440000,7.030000,,146968900.000000,NIO
2024-10-02,7.240000,7.380000,6.820000,7.210000,,135598100.000000,NIO
2024-10-03,6.860000,6.990000,6.670000,6.700000,,99136000.000000,NIO
2024-10-04,6.720000,6.800000,6.400000,6.770000,,91621900.000000,NIO
2024-10-07,6.810000,6.930000,6.560000,6.790000,,78405000.000000,NIO
2024-10-08,6.260000,6.400000,6.110000,6.240000,,82359200.000000,NIO
2024-10-09,6.080000,6.450000,5.980000,6.290000,,70071100.000000,NIO
2024-10-10,6.230000,6.350000,6.130000,6.220000,,47902300.000000,NIO
2024-10-11,6.060000,6.300000,6.030000,6.240000,,42897900.000000,NIO
2024-10-14,6.060000,6.180000,5.760000,5.790000,,80930100.000000,NIO
2024-10-15,5.610000,5.810000,5.550000,5.620000,,67585800.000000,NIO
2024-10-16,5.660000,5.690000,5.480000,5.510000,,46932600.000000,NIO
2024-10-17,5.360000,5.360000,5.050000,5.150000,,74651600.000000,NIO
2024-10-18,5.460000,5.490000,5.180000,5.220000,,66972500.000000,NIO
2024-10-21,5.090000,5.270000,5.050000,5.140000,,35255300.000000,NIO
2024-10-22,5.160000,5.350000,5.150000,5.230000,,38285800.000000,NIO
2024-10-23,5.220000,5.290000,5.150000,5.190000,,36170900.000000,NIO
2024-10-24,5.150000,5.160000,4.960000,4.980000,,49328700.000000,NIO
2024-10-25,5.060000,5.350000,5.010000,5.260000,,67917100.000000,NIO
2024-10-28,5.380000,6.030000,5.370000,5.810000,,109992400.000000,NIO
2024-10-29,5.900000,5.910000,5.590000,5.600000,,64407100.000000,NIO
2024-10-30,5.440000,5.440000,5.300000,5.350000,,57415100.000000,NIO
2024-10-31,5.300000,5.310000,5.050000,5.100000,,50277400.000000,NIO
2024-11-01,5.140000,5.190000,5.000000,5.100000,,43951800.000000,NIO
2024-11-04,5.130000,5.300000,5.120000,5.140000,,36745800.000000,NIO
2024-11-05,5.280000,5.380000,5.220000,5.280000,,32012100.000000,NIO
2024-11-06,5.000000,5.180000,4.860000,5.000000,,81290900.000000,NIO
2024-11-07,5.230000,5.350000,5.130000,5.310000,,56496100.000000,NIO
2024-11-08,5.160000,5.200000,5.010000,5.090000,,57885300.000000,NIO
2024-11-11,5.180000,5.230000,5.000000,5.060000,,51270600.000000,NIO
2024-11-12,4.880000,4.880000,4.580000,4.580000,,86695700.000000,NIO
2024-11-13,4.660000,4.690000,4.560000,4.610000,,45111300.000000,NIO
2024-11-14,4.570000,4.650000,4.430000,4.430000,,39880900.000000,NIO
2024-11-15,4.440000,4.510000,4.360000,4.490000,,46287400.000000,NIO
2024-11-18,4.610000,4.750000,4.550000,4.670000,,47955700.000000,NIO
2024-11-19,4.750000,4.750000,4.480000,4.630000,,81563500.000000,NIO
2024-11-20,4.410000,4.840000,4.310000,4.650000,,92292300.000000,NIO
2024-11-21,4.580000,4.810000,4.500000,4.700000,,54962300.000000,NIO
2024-11-22,4.600000,4.920000,4.590000,4.840000,,66538400.000000,NIO
2024-11-25,4.790000,4.860000,4.640000,4.670000,,54234900.000000,NIO
2024-11-26,4.600000,4.610000,4.310000,4.310000,,71245200.000000,NIO
2024-11-27,4.440000,4.450000,4.280000,4.380000,,45474500.000000,NIO
2024-11-29,4.380000,4.530000,4.360000,4.480000,,29218200.000000,NIO
2024-12-02,4.490000,4.610000,4.360000,4.400000,,40711200.000000,NIO
2024-12-03,4.410000,4.830000,4.400000,4.640000,,79059800.000000,NIO
2024-12-04,4.670000,4.740000,4.520000,4.600000,,47932700.000000,NIO
2024-12-05,4.650000,4.770000,4.600000,4.610000,,86599500.000000,NIO
2024-12-06,4.700000,4.710000,4.560000,4.610000,,44028300.000000,NIO
2024-12-09,4.940000,5.360000,4.930000,5.180000,,123185700.000000,NIO
2024-12-10,4.950000,5.020000,4.750000,4.770000,,64769700.000000,NIO
2024-12-11,4.780000,4.800000,4.570000,4.670000,,55104400.000000,NIO
2024-12-12,4.600000,4.650000,4.490000,4.590000,,47028900.000000,NIO
2024-12-13,4.530000,4.550000,4.450000,4.510000,,31903300.000000,NIO
2024-12-16,4.470000,4.570000,4.400000,4.420000,,36537700.000000,NIO
2024-12-17,4.400000,4.620000,4.390000,4.540000,,39286600.000000,NIO
2024-12-18,4.550000,4.570000,4.280000,4.320000,,45533900.000000,NIO
2024-12-19,4.400000,4.510000,4.370000,4.400000,,27936400.000000,NIO
2024-12-20,4.480000,4.610000,4.420000,4.540000,,36765600.000000,NIO
2024-12-23,4.500000,4.550000,4.470000,4.480000,,32756000.000000,NIO
2024-12-24,4.510000,4.680000,4.510000,4.620000,,24244400.000000,NIO
2024-12-26,4.630000,4.830000,4.610000,4.690000,,33687400.000000,NIO
2024-12-27,4.640000,4.650000,4.480000,4.480000,,41203600.000000,NIO
2024-12-30,4.430000,4.470000,4.330000,4.380000,,36562600.000000,NIO
2024-01-02,218.100006,218.169998,210.615005,212.369995,,2083500.000000,ZS
2024-01-03,208.529999,215.705002,206.669998,210.240005,,2095500.000000,ZS
2024-01-04,210.330002,212.449997,209.009995,210.330002,,1096400.000000,ZS
2024-01-05,209.940002,212.199997,209.052994,209.809998,,1125300.000000,ZS
2024-01-08,213.279999,219.350006,212.509995,218.100006,,1633200.000000,ZS
2024-01-09,215.960007,228.149994,215.960007,226.259995,,2445800.000000,ZS
2024-01-10,228.309998,230.233994,224.660004,225.399994,,1880200.000000,ZS
2024-01-11,226.000000,229.910004,224.000000,228.520004,,1397100.000000,ZS
2024-01-12,230.979996,233.809006,229.630005,230.770004,,1563600.000000,ZS
2024-01-16,230.000000,233.279999,228.779999,232.179993,,1517400.000000,ZS
2024-01-17,228.899994,230.330002,221.500000,225.330002,,2349600.000000,ZS
2024-01-18,230.309998,231.369995,224.929993,227.910004,,1909800.000000,ZS
2024-01-19,229.000000,231.360001,226.837997,231.289993,,1543900.000000,ZS
2024-01-22,239.679993,241.770004,235.080002,240.850006,,2513500.000000,ZS
2024-01-23,242.520004,244.994995,238.949997,242.589996,,1974400.000000,ZS
2024-01-24,245.000000,246.380005,240.669998,241.380005,,1554100.000000,ZS
2024-01-25,244.699997,245.000000,236.839996,238.300003,,1477900.000000,ZS
2024-01-26,236.880005,239.839996,234.289993,236.830002,,1204700.000000,ZS
2024-01-29,238.690002,245.110001,238.020004,245.050003,,1377900.000000,ZS
2024-01-30,243.410004,245.820007,240.899994,241.119995,,2037800.000000,ZS
2024-01-31,238.000000,239.585007,232.309998,235.669998,,1568800.000000,ZS
2024-02-01,236.610001,240.360001,235.419998,238.059998,,1033500.000000,ZS
2024-02-02,239.619995,245.110001,237.063004,244.000000,,1358100.000000,ZS
2024-02-05,233.449997,239.449997,226.190002,232.050003,,4761900.000000,ZS
2024-02-06,235.250000,236.320007,228.520004,234.729996,,1660800.000000,ZS
2024-02-07,241.630005,245.559998,237.089996,244.660004,,2234500.000000,ZS
2024-02-08,244.639999,251.320007,243.770004,249.410004,,1669700.000000,ZS
2024-02-09,253.839996,259.609985,252.399994,254.929993,,2505500.000000,ZS
2024-02-12,253.699997,256.420013,251.279999,253.860001,,1511900.000000,ZS
2024-02-13,242.330002,247.669998,237.570007,242.800003,,3434400.000000,ZS
2024-02-14,247.660004,253.539993,246.100006,253.270004,,1586600.000000,ZS
2024-02-15,255.000000,255.000000,247.000000,253.160004,,1185300.000000,ZS
2024-02-16,253.410004,254.679993,248.610001,252.750000,,1257900.000000,ZS
2024-02-20,251.940002,251.940002,240.960007,249.039993,,2061300.000000,ZS
2024-02-21,213.000000,216.505005,202.440002,213.919998,,7815800.000000,ZS
2024-02-22,224.509995,229.339996,218.910004,226.149994,,3659900.000000,ZS
2024-02-23,229.880005,240.699997,228.320007,235.229996,,3217300.000000,ZS
2024-02-26,239.990005,246.000000,236.914993,241.699997,,2728800.000000,ZS
2024-02-27,244.000000,251.550003,242.020004,242.490005,,2401800.000000,ZS
2024-02-28,240.100006,242.470001,236.500000,237.289993,,2010400.000000,ZS
2024-02-29,240.500000,243.940002,235.841003,241.970001,,6757300.000000,ZS
2024-03-01,227.000000,227.300003,215.000000,219.229996,,11811500.000000,ZS
2024-03-04,220.119995,221.619995,212.630005,214.220001,,4141500.000000,ZS
2024-03-05,209.940002,210.054993,199.289993,206.360001,,5002100.000000,ZS
2024-03-06,214.619995,217.169998,200.809998,202.419998,,4348100.000000,ZS
2024-03-07,202.580002,202.889999,197.020004,201.270004,,3349400.000000,ZS
2024-03-08,201.139999,204.550003,197.880005,198.690002,,2840700.000000,ZS
2024-03-11,196.699997,201.850006,195.660995,200.740005,,1825900.000000,ZS
2024-03-12,203.199997,205.339996,199.000000,201.240005,,2305000.000000,ZS
2024-03-13,200.169998,204.429993,199.110001,201.429993,,1753200.000000,ZS
2024-03-14,201.429993,202.130005,197.160004,198.830002,,1220700.000000,ZS
2024-03-15,198.789993,199.729996,193.470001,194.029999,,2664700.000000,ZS
2024-03-18,194.000000,197.352997,191.250000,195.940002,,2591000.000000,ZS
2024-03-19,193.440002,196.000000,190.350006,195.240005,,2085200.000000,ZS
2024-03-20,196.259995,197.884995,193.850006,197.300003,,1696800.000000,ZS
2024-03-21,199.550003,202.610001,196.429993,198.070007,,1701900.000000,ZS
2024-03-22,197.500000,199.000000,193.270004,194.949997,,1632900.000000,ZS
2024-03-25,194.839996,195.770004,192.660004,194.070007,,1214000.000000,ZS
2024-03-26,195.839996,196.009995,192.509995,195.630005,,1483300.000000,ZS
2024-03-27,197.389999,197.770004,192.550003,193.479996,,1319800.000000,ZS
2024-03-28,191.289993,194.179993,190.750000,192.630005,,1628200.000000,ZS
2024-04-01,192.500000,193.779999,189.591003,192.130005,,1336400.000000,ZS
2024-04-02,186.809998,190.020004,185.669998,188.740005,,1661900.000000,ZS
2024-04-03,187.339996,189.080002,185.839996,186.309998,,1614800.000000,ZS
2024-04-04,188.050003,188.679993,181.125000,182.009995,,2496800.000000,ZS
2024-04-05,182.179993,185.250000,181.369995,183.339996,,1808400.000000,ZS
2024-04-08,183.320007,184.360001,181.240005,183.710007,,1081000.000000,ZS
2024-04-09,185.509995,188.619995,184.830002,188.500000,,1783800.000000,ZS
2024-04-10,184.000000,185.360001,181.710007,183.949997,,1555100.000000,ZS
2024-04-11,185.369995,185.720001,182.880005,184.779999,,1123300.000000,ZS
2024-04-12,182.490005,183.869995,180.419998,181.410004,,1203900.000000,ZS
2024-04-15,181.729996,181.750000,173.740005,174.850006,,2267700.000000,ZS
2024-04-16,174.070007,176.210007,173.000000,174.320007,,1499200.000000,ZS
2024-04-17,175.369995,176.169998,172.720001,172.960007,,1298400.000000,ZS
2024-04-18,178.360001,178.360001,172.710007,172.970001,,1660500.000000,ZS
2024-04-19,172.000000,172.184998,167.179993,169.210007,,2272100.000000,ZS
2024-04-22,170.000000,172.160004,166.759995,170.970001,,1307900.000000,ZS
2024-04-23,171.210007,178.250000,171.210007,176.919998,,2180100.000000,ZS
2024-04-24,179.139999,181.800003,176.039993,177.460007,,1372100.000000,ZS
2024-04-25,173.679993,176.419998,172.250000,174.809998,,1078700.000000,ZS
2024-04-26,176.509995,179.899994,175.084000,177.050003,,1341800.000000,ZS
2024-04-29,177.839996,179.970001,177.100006,179.039993,,1296200.000000,ZS
2024-04-30,177.919998,178.529999,172.005005,172.940002,,1653800.000000,ZS
2024-05-01,173.000000,177.014999,170.955994,172.309998,,1132700.000000,ZS
2024-05-02,175.190002,176.399994,171.380005,176.369995,,1013500.000000,ZS
2024-05-03,177.770004,178.639999,171.500000,177.110001,,2492900.000000,ZS
2024-05-06,178.000000,178.860001,175.880005,178.139999,,1303800.000000,ZS
2024-05-07,176.880005,178.889999,173.539993,176.889999,,1352300.000000,ZS
2024-05-08,175.460007,175.479996,164.410004,171.000000,,3862000.000000,ZS
2024-05-09,171.839996,174.139999,169.570007,171.960007,,2012500.000000,ZS
2024-05-10,173.000000,175.166000,171.750000,174.619995,,1405600.000000,ZS
2024-05-13,176.259995,176.949997,173.660004,175.000000,,966900.000000,ZS
2024-05-14,175.869995,178.229996,175.309998,176.820007,,1228900.000000,ZS
2024-05-15,180.000000,183.274994,178.425003,181.130005,,1506400.000000,ZS
2024-05-16,179.770004,181.990005,178.899994,179.309998,,1736300.000000,ZS
2024-05-17,179.929993,180.520004,177.854996,178.860001,,1466400.000000,ZS
2024-05-20,178.860001,181.100006,178.039993,180.600006,,1242500.000000,ZS
2024-05-21,178.050003,178.990005,174.350006,176.979996,,1788200.000000,ZS
2024-05-22,176.369995,176.850006,172.750000,174.160004,,1630000.000000,ZS
2024-05-23,176.000000,176.000000,170.830002,171.910004,,1300700.000000,ZS
2024-05-24,171.000000,173.770004,170.820007,171.639999,,1290500.000000,ZS
2024-05-28,170.455002,172.690002,161.289993,164.160004,,4265100.000000,ZS
2024-05-29,160.889999,166.600006,160.770004,164.369995,,2026300.000000,ZS
2024-05-30,162.500000,163.000000,155.250000,156.649994,,5161700.000000,ZS
2024-05-31,183.000000,183.699997,163.440002,169.960007,,10109800.000000,ZS
2024-06-03,170.350006,172.089996,166.169998,169.020004,,3573800.000000,ZS
2024-06-04,168.750000,170.809998,166.119995,169.139999,,2314400.000000,ZS
2024-06-05,172.100006,176.800003,170.889999,174.570007,,2857500.000000,ZS
2024-06-06,174.389999,180.179993,173.630005,178.929993,,2741700.000000,ZS
2024-06-07,178.500000,181.813995,176.500000,180.990005,,2128200.000000,ZS
2024-06-10,181.050003,188.244995,181.009995,183.910004,,2980800.000000,ZS
2024-06-11,184.500000,189.139999,184.335007,187.649994,,2385000.000000,ZS
2024-06-12,190.289993,193.270004,187.100006,188.830002,,2785200.000000,ZS
2024-06-13,189.149994,189.160004,179.770004,181.050003,,2705600.000000,ZS
2024-06-14,185.009995,186.000000,182.160004,184.220001,,2529300.000000,ZS
2024-06-17,183.000000,185.580002,180.759995,184.380005,,1790400.000000,ZS
2024-06-18,183.509995,183.509995,178.889999,179.410004,,2294300.000000,ZS
2024-06-20,179.610001,179.906998,175.050003,178.580002,,2021000.000000,ZS
2024-06-21,179.000000,180.240005,176.240997,179.550003,,3430300.000000,ZS
2024-06-24,177.919998,181.419998,177.020004,181.059998,,1647500.000000,ZS
2024-06-25,181.149994,183.559998,179.809998,182.520004,,1491200.000000,ZS
2024-06-26,182.009995,182.009995,177.720001,178.919998,,2047100.000000,ZS
2024-06-27,179.839996,191.970001,179.710007,189.199997,,3186300.000000,ZS
2024-06-28,189.880005,193.960007,189.000000,192.190002,,3002600.000000,ZS
2024-07-01,193.000000,199.210007,191.789993,198.619995,,3074200.000000,ZS
2024-07-02,197.600006,199.375000,194.707993,196.660004,,1725000.000000,ZS
2024-07-03,196.990005,200.360001,196.990005,198.399994,,855400.000000,ZS
2024-07-05,198.000000,203.750000,197.509995,201.649994,,1693400.000000,ZS
2024-07-08,200.770004,201.919998,195.460007,201.630005,,1912100.000000,ZS
2024-07-09,201.320007,202.886993,194.589996,197.360001,,1559300.000000,ZS
2024-07-10,197.750000,197.949997,191.160004,197.369995,,1909200.000000,ZS
2024-07-11,198.300003,203.419998,194.380005,195.919998,,1472400.000000,ZS
2024-07-12,196.160004,202.990005,195.800003,201.899994,,2406200.000000,ZS
2024-07-15,202.649994,208.139999,200.020004,204.470001,,2555300.000000,ZS
2024-07-16,201.940002,205.479996,197.330002,203.119995,,2058900.000000,ZS
2024-07-17,199.089996,199.820007,193.080002,194.929993,,2055000.000000,ZS
2024-07-18,194.960007,196.710007,188.300003,190.369995,,1757400.000000,ZS
2024-07-19,188.960007,191.970001,186.500000,188.539993,,1624900.000000,ZS
2024-07-22,191.059998,194.820007,186.270004,188.410004,,1615400.000000,ZS
2024-07-23,188.270004,192.630005,188.085007,191.070007,,1293900.000000,ZS
2024-07-24,189.699997,190.317993,181.360001,181.820007,,1611100.000000,ZS
2024-07-25,182.110001,187.100006,178.289993,182.000000,,1776900.000000,ZS
2024-07-26,184.779999,184.779999,179.604996,181.360001,,1026900.000000,ZS
2024-07-29,182.509995,183.740005,180.669998,181.149994,,927100.000000,ZS
2024-07-30,182.240005,183.033005,173.649994,176.750000,,1152500.000000,ZS
2024-07-31,180.149994,181.660004,177.619995,179.350006,,1137500.000000,ZS
2024-08-01,178.619995,180.380005,172.809998,174.440002,,1187000.000000,ZS
2024-08-02,168.259995,169.740005,164.470001,169.520004,,2166300.000000,ZS
2024-08-05,156.509995,168.619995,155.970001,165.229996,,2147800.000000,ZS
2024-08-06,168.619995,168.619995,164.160004,165.750000,,1328800.000000,ZS
2024-08-07,171.139999,174.770004,166.059998,166.199997,,1362100.000000,ZS
2024-08-08,168.429993,173.500000,168.029999,171.710007,,1305500.000000,ZS
2024-08-09,171.710007,174.979996,171.110001,174.360001,,895900.000000,ZS
2024-08-12,175.000000,175.820007,171.800003,172.550003,,787500.000000,ZS
2024-08-13,174.339996,180.270004,173.091995,178.490005,,1572600.000000,ZS
2024-08-14,179.449997,184.199997,179.000000,183.979996,,1514300.000000,ZS
2024-08-15,186.809998,191.619995,184.979996,190.339996,,1583700.000000,ZS
2024-08-16,189.800003,193.156006,188.380005,192.899994,,1699700.000000,ZS
2024-08-19,193.199997,196.600006,192.610001,195.500000,,1462100.000000,ZS
2024-08-20,196.380005,199.552002,195.080002,197.149994,,1429100.000000,ZS
2024-08-21,197.270004,200.600006,195.800003,200.470001,,1133600.000000,ZS
2024-08-22,200.500000,202.639999,197.429993,197.779999,,1175500.000000,ZS
2024-08-23,199.550003,199.979996,196.279999,199.429993,,937200.000000,ZS
2024-08-26,200.100006,201.949997,197.559998,197.820007,,1173000.000000,ZS
2024-08-27,196.000000,198.404999,195.009995,197.220001,,678200.000000,ZS
2024-08-28,196.440002,197.539993,193.220001,193.970001,,905000.000000,ZS
2024-08-29,195.940002,200.925003,195.800003,197.250000,,1182700.000000,ZS
2024-08-30,198.500000,200.410004,197.570007,199.979996,,1435000.000000,ZS
2024-09-03,199.990005,200.750000,190.470001,193.190002,,4816300.000000,ZS
2024-09-04,158.740005,163.479996,156.000000,157.130005,,10904800.000000,ZS
2024-09-05,156.740005,163.490005,155.880005,162.250000,,4742700.000000,ZS
2024-09-06,163.270004,164.880005,155.279999,156.779999,,3611300.000000,ZS
2024-09-09,158.000000,161.199997,157.205002,159.160004,,2381400.000000,ZS
2024-09-10,160.000000,160.190002,153.449997,155.899994,,2478900.000000,ZS
2024-09-11,155.710007,162.229996,154.664993,161.710007,,2635600.000000,ZS
2024-09-12,162.979996,168.720001,162.000000,166.710007,,2852700.000000,ZS
2024-09-13,167.220001,171.779999,166.979996,170.059998,,1992200.000000,ZS
2024-09-16,170.000000,172.389999,168.740005,171.779999,,1297300.000000,ZS
2024-09-17,172.410004,173.470001,169.550003,170.320007,,1692400.000000,ZS
2024-09-18,170.000000,171.220001,166.139999,168.520004,,1473400.000000,ZS
2024-09-19,172.779999,174.774994,169.380005,172.580002,,1632100.000000,ZS
2024-09-20,171.539993,173.630005,169.720001,172.710007,,2181600.000000,ZS
2024-09-23,173.000000,174.899994,171.645004,174.789993,,1536400.000000,ZS
2024-09-24,175.000000,175.690002,171.970001,174.149994,,696400.000000,ZS
2024-09-25,173.889999,174.089996,171.300003,171.750000,,1341100.000000,ZS
2024-09-26,174.539993,174.539993,169.339996,170.929993,,1401500.000000,ZS
2024-09-27,171.330002,173.830002,171.300003,171.770004,,953300.000000,ZS
2024-09-30,170.000000,172.710007,169.309998,170.940002,,1181400.000000,ZS
2024-10-01,170.649994,171.399994,165.419998,166.990005,,1393300.000000,ZS
2024-10-02,166.779999,170.130005,165.919998,169.690002,,1257600.000000,ZS
2024-10-03,167.589996,170.910004,167.001007,169.630005,,1491500.000000,ZS
2024-10-04,174.880005,176.559998,171.660004,173.929993,,1747900.000000,ZS
2024-10-07,173.389999,173.820007,169.940002,172.130005,,2047000.000000,ZS
2024-10-08,172.970001,177.399994,172.813004,176.929993,,1765900.000000,ZS
2024-10-09,177.380005,186.419998,177.039001,185.970001,,2669600.000000,ZS
2024-10-10,185.570007,196.190002,185.098999,195.500000,,3374400.000000,ZS
2024-10-11,195.330002,203.029999,195.300003,198.259995,,2827700.000000,ZS
2024-10-14,199.289993,199.406006,195.089996,196.740005,,1245100.000000,ZS
2024-10-15,196.380005,198.585007,194.270004,195.160004,,1389300.000000,ZS
2024-10-16,195.199997,195.750000,190.410004,191.550003,,1397000.000000,ZS
2024-10-17,192.940002,193.220001,188.669998,188.759995,,1128200.000000,ZS
2024-10-18,189.289993,191.610001,187.539993,190.009995,,1131100.000000,ZS
2024-10-21,188.559998,192.250000,186.839996,187.960007,,1562100.000000,ZS
2024-10-22,186.330002,188.309998,185.429993,186.160004,,907800.000000,ZS
2024-10-23,185.500000,186.619995,180.779999,181.009995,,1079300.000000,ZS
2024-10-24,182.509995,185.460007,182.000000,183.929993,,1085300.000000,ZS
2024-10-25,185.380005,188.630005,183.860001,184.960007,,926800.000000,ZS
2024-10-28,186.649994,188.559998,185.500000,187.000000,,905100.000000,ZS
2024-10-29,186.979996,190.440002,185.029999,189.850006,,1294600.000000,ZS
2024-10-30,189.320007,192.100006,186.220001,186.779999,,708500.000000,ZS
2024-10-31,186.500000,187.000000,180.649994,180.789993,,1786600.000000,ZS
2024-11-01,181.149994,183.938004,179.630005,182.589996,,1239000.000000,ZS
2024-11-04,181.940002,186.199997,180.419998,184.899994,,832900.000000,ZS
2024-11-05,185.850006,188.029999,183.690002,186.910004,,992100.000000,ZS
2024-11-06,192.330002,196.153000,190.850006,193.029999,,1745600.000000,ZS
2024-11-07,193.589996,197.710007,192.899994,196.710007,,1876000.000000,ZS
2024-11-08,196.649994,197.100006,192.500000,195.729996,,1062300.000000,ZS
2024-11-11,196.750000,200.429993,195.050003,199.539993,,1712100.000000,ZS
2024-11-12,200.000000,209.309998,199.539993,209.039993,,2260900.000000,ZS
2024-11-13,210.000000,217.839996,208.539993,209.850006,,2711200.000000,ZS
2024-11-14,209.850006,210.460007,205.669998,208.500000,,1165200.000000,ZS
2024-11-15,204.669998,205.535004,198.330002,201.470001,,1347400.000000,ZS
2024-11-18,203.270004,204.630005,200.669998,202.850006,,1131300.000000,ZS
2024-11-19,199.630005,204.970001,198.679993,204.360001,,1096200.000000,ZS
2024-11-20,204.000000,205.990005,198.839996,200.940002,,1212300.000000,ZS
2024-11-21,202.429993,210.710007,202.350006,207.300003,,1836300.000000,ZS
2024-11-22,210.000000,212.979996,207.539993,210.960007,,2035700.000000,ZS
2024-11-25,214.160004,216.300003,208.750000,210.419998,,1758200.000000,ZS
2024-11-26,210.690002,211.990005,207.815002,210.300003,,1277400.000000,ZS
2024-11-27,209.559998,209.559998,202.250000,204.960007,,1559100.000000,ZS
2024-11-29,206.000000,207.850006,204.475006,206.589996,,943500.000000,ZS
2024-12-02,207.550003,212.345001,206.169998,208.509995,,5485600.000000,ZS
2024-12-03,195.899994,202.733994,194.639999,198.639999,,7979700.000000,ZS
2024-12-04,201.000000,208.684998,196.300003,206.360001,,3586100.000000,ZS
2024-12-05,205.630005,212.000000,202.550003,205.610001,,2577500.000000,ZS
2024-12-06,207.479996,215.141006,206.270004,211.990005,,2458500.000000,ZS
2024-12-09,213.660004,216.699997,204.740005,206.130005,,2027000.000000,ZS
2024-12-10,205.279999,207.050003,200.149994,201.389999,,1806500.000000,ZS
2024-12-11,204.550003,209.369995,204.000000,207.919998,,1543400.000000,ZS
2024-12-12,207.619995,209.389999,205.110001,206.360001,,937500.000000,ZS
2024-12-13,206.360001,206.779999,197.460007,198.539993,,1888000.000000,ZS
2024-12-16,200.000000,204.649994,197.860001,204.410004,,1484700.000000,ZS
2024-12-17,201.759995,202.500000,198.000000,200.449997,,2355800.000000,ZS
2024-12-18,200.000000,200.800003,185.500000,185.690002,,4302200.000000,ZS
2024-12-19,190.110001,190.800003,182.559998,183.210007,,2708300.000000,ZS
2024-12-20,180.839996,188.669998,179.110001,187.380005,,3264800.000000,ZS
2024-12-23,187.820007,188.059998,184.315002,185.940002,,1265600.000000,ZS
2024-12-24,185.979996,187.589996,184.679993,187.259995,,654200.000000,ZS
2024-12-26,186.000000,188.500000,185.869995,187.630005,,806500.000000,ZS
2024-12-27,185.259995,185.929993,181.259995,184.559998,,1256100.000000,ZS
2024-12-30,181.529999,184.404999,180.100006,183.130005,,1032400.000000,ZS
2024-01-02,14.300000,14.430000,13.840000,14.040000,,10428500.000000,XPEV
2024-01-03,13.820000,14.310000,13.760000,14.230000,,9138600.000000,XPEV
2024-01-04,14.010000,14.060000,13.770000,13.790000,,7375500.000000,XPEV
2024-01-05,13.650000,13.675000,13.030000,13.090000,,12054700.000000,XPEV
2024-01-08,12.420000,12.810000,12.290000,12.700000,,11094100.000000,XPEV
2024-01-09,12.520000,12.730000,12.470000,12.600000,,8103100.000000,XPEV
2024-01-10,12.450000,12.550000,12.250000,12.400000,,10672600.000000,XPEV
2024-01-11,12.770000,12.800000,12.110000,12.250000,,8576200.000000,XPEV
2024-01-12,11.880000,12.180000,11.720000,11.770000,,9778300.000000,XPEV
2024-01-16,10.990000,11.010000,10.530000,10.620000,,19363700.000000,XPEV
2024-01-17,9.790000,10.350000,9.725000,10.100000,,17470000.000000,XPEV
2024-01-18,10.130000,10.300000,9.700000,9.870000,,18447600.000000,XPEV
2024-01-19,9.520000,9.700000,9.240000,9.640000,,16885900.000000,XPEV
2024-01-22,8.950000,9.530000,8.850000,9.340000,,17934500.000000,XPEV
2024-01-23,9.785000,10.475000,9.505000,9.720000,,25027300.000000,XPEV
2024-01-24,9.930000,10.080000,9.160000,9.200000,,24059000.000000,XPEV
2024-01-25,9.180000,9.240000,8.925000,9.050000,,16244500.000000,XPEV
2024-01-26,8.980000,9.140000,8.890000,8.970000,,8807800.000000,XPEV
2024-01-29,8.880000,8.950000,8.480000,8.920000,,14423800.000000,XPEV
2024-01-30,8.770000,8.780000,8.565000,8.650000,,9829000.000000,XPEV
2024-01-31,8.390000,8.640000,8.225000,8.330000,,12376600.000000,XPEV
2024-02-01,8.500000,8.730000,8.325000,8.470000,,12436200.000000,XPEV
2024-02-02,8.240000,8.250000,8.020000,8.190000,,12292400.000000,XPEV
2024-02-05,8.010000,8.010000,7.800000,7.870000,,11847300.000000,XPEV
2024-02-06,8.560000,8.825000,8.340000,8.790000,,17488900.000000,XPEV
2024-02-07,8.390000,8.570000,8.260000,8.430000,,11524900.000000,XPEV
2024-02-08,8.400000,8.500000,8.230000,8.420000,,7914500.000000,XPEV
2024-02-09,8.425000,8.520000,8.285000,8.490000,,5983200.000000,XPEV
2024-02-12,8.500000,9.140000,8.500000,8.820000,,10850600.000000,XPEV
2024-02-13,8.560000,8.660000,8.420000,8.540000,,6979400.000000,XPEV
2024-02-14,9.000000,9.145000,8.815000,8.990000,,9514300.000000,XPEV
2024-02-15,9.070000,9.320000,9.050000,9.160000,,7093400.000000,XPEV
2024-02-16,9.560000,9.750000,9.415000,9.520000,,10517300.000000,XPEV
2024-02-20,9.010000,9.255000,8.850000,9.000000,,10401900.000000,XPEV
2024-02-21,9.180000,9.400000,9.060000,9.080000,,9342800.000000,XPEV
2024-02-22,9.200000,9.240000,8.940000,9.140000,,7367300.000000,XPEV
2024-02-23,8.920000,9.030000,8.570000,8.630000,,11718700.000000,XPEV
2024-02-26,8.930000,9.430000,8.920000,9.220000,,15916000.000000,XPEV
2024-02-27,9.460000,9.590000,9.260000,9.380000,,10020000.000000,XPEV
2024-02-28,8.950000,8.980000,8.650000,8.730000,,12780800.000000,XPEV
2024-02-29,9.250000,9.690000,9.190000,9.430000,,17902000.000000,XPEV
2024-03-01,9.430000,10.140000,9.390000,9.950000,,22282000.000000,XPEV
2024-03-04,9.420000,9.450000,9.035000,9.150000,,12265100.000000,XPEV
2024-03-05,9.010000,9.410000,8.910000,9.150000,,9407500.000000,XPEV
2024-03-06,9.725000,9.870000,9.360000,9.600000,,11394300.000000,XPEV
2024-03-07,9.280000,9.460000,9.040000,9.450000,,11031300.000000,XPEV
2024-03-08,9.460000,9.690000,9.440000,9.520000,,9926200.000000,XPEV
2024-03-11,9.875000,10.250000,9.870000,10.050000,,12629700.000000,XPEV
2024-03-12,10.410000,10.642000,10.100000,10.320000,,11034900.000000,XPEV
2024-03-13,10.180000,10.410000,9.980000,10.000000,,9572200.000000,XPEV
2024-03-14,9.780000,9.873000,9.290000,9.390000,,10739500.000000,XPEV
2024-03-15,9.660000,9.830000,9.570000,9.640000,,8935300.000000,XPEV
2024-03-18,10.330000,10.450000,9.780000,9.820000,,15724300.000000,XPEV
2024-03-19,10.180000,10.522000,9.270000,9.890000,,23088100.000000,XPEV
2024-03-20,9.510000,9.610000,9.130000,9.510000,,37562600.000000,XPEV
2024-03-21,9.470000,9.700000,9.240000,9.240000,,15783100.000000,XPEV
2024-03-22,8.840000,8.845000,8.445000,8.520000,,19653800.000000,XPEV
2024-03-25,8.590000,8.800000,8.510000,8.570000,,10648800.000000,XPEV
2024-03-26,8.700000,8.750000,8.500000,8.540000,,10135700.000000,XPEV
2024-03-27,8.160000,8.170000,7.750000,7.810000,,37202500.000000,XPEV
2024-03-28,8.080000,8.140000,7.610000,7.680000,,28533600.000000,XPEV
2024-04-01,7.800000,7.990000,7.650000,7.760000,,15947800.000000,XPEV
2024-04-02,7.500000,7.600000,7.305000,7.590000,,15728800.000000,XPEV
2024-04-03,7.360000,7.450000,7.270000,7.430000,,12572000.000000,XPEV
2024-04-04,7.510000,7.690000,7.420000,7.420000,,15442300.000000,XPEV
2024-04-05,7.360000,7.700000,7.320000,7.390000,,15560900.000000,XPEV
2024-04-08,7.250000,7.430000,7.180000,7.380000,,11404400.000000,XPEV
2024-04-09,7.570000,8.110000,7.540000,8.070000,,22459900.000000,XPEV
2024-04-10,8.010000,8.190000,7.930000,8.150000,,12692400.000000,XPEV
2024-04-11,8.140000,8.295000,8.070000,8.270000,,7797800.000000,XPEV
2024-04-12,7.830000,7.850000,7.400000,7.460000,,16751200.000000,XPEV
2024-04-15,7.510000,7.510000,7.070000,7.200000,,12909400.000000,XPEV
2024-04-16,7.000000,7.270000,6.990000,7.150000,,12539500.000000,XPEV
2024-04-17,7.420000,7.590000,7.210000,7.420000,,16418200.000000,XPEV
2024-04-18,7.370000,7.390000,7.000000,7.170000,,15563100.000000,XPEV
2024-04-19,6.990000,7.110000,6.860000,6.930000,,11229900.000000,XPEV
2024-04-22,6.710000,7.060000,6.551000,6.980000,,15120100.000000,XPEV
2024-04-23,6.980000,7.200000,6.920000,7.180000,,11969500.000000,XPEV
2024-04-24,7.300000,7.390000,7.040000,7.080000,,10554500.000000,XPEV
2024-04-25,6.990000,7.110000,6.945000,7.080000,,6048900.000000,XPEV
2024-04-26,7.690000,7.980000,7.650000,7.840000,,19376500.000000,XPEV
2024-04-29,7.920000,8.105000,7.835000,8.100000,,14125500.000000,XPEV
2024-04-30,7.980000,8.150000,7.920000,8.130000,,9043900.000000,XPEV
2024-05-01,8.120000,8.300000,7.985000,8.120000,,13997400.000000,XPEV
2024-05-02,8.740000,9.530000,8.580000,9.400000,,28740500.000000,XPEV
2024-05-03,9.120000,9.297000,8.930000,9.060000,,16610900.000000,XPEV
2024-05-06,8.960000,9.147000,8.880000,9.030000,,11830500.000000,XPEV
2024-05-07,8.760000,8.785000,8.400000,8.430000,,13501500.000000,XPEV
2024-05-08,8.010000,8.030000,7.670000,7.890000,,21771500.000000,XPEV
2024-05-09,8.160000,8.340000,8.040000,8.160000,,10077500.000000,XPEV
2024-05-10,8.110000,8.290000,7.680000,7.730000,,18385400.000000,XPEV
2024-05-13,7.920000,8.430000,7.920000,8.090000,,18575200.000000,XPEV
2024-05-14,8.060000,8.290000,8.030000,8.280000,,10657200.000000,XPEV
2024-05-15,8.510000,8.530000,7.870000,7.990000,,11634800.000000,XPEV
2024-05-16,8.040000,8.450000,7.900000,8.270000,,9469600.000000,XPEV
2024-05-17,8.160000,8.465000,8.030000,8.300000,,9242000.000000,XPEV
2024-05-20,8.510000,8.540000,8.140000,8.280000,,17836800.000000,XPEV
2024-05-21,8.720000,10.470000,8.560000,8.770000,,61603300.000000,XPEV
2024-05-22,8.900000,9.020000,8.610000,8.750000,,16761400.000000,XPEV
2024-05-23,8.400000,8.440000,7.900000,8.100000,,21302900.000000,XPEV
2024-05-24,8.130000,8.420000,8.105000,8.200000,,8047300.000000,XPEV
2024-05-28,8.185000,8.500000,8.135000,8.440000,,10654100.000000,XPEV
2024-05-29,8.190000,8.340000,8.149000,8.210000,,7392000.000000,XPEV
2024-05-30,8.150000,8.730000,8.150000,8.660000,,15393700.000000,XPEV
2024-05-31,8.390000,8.500000,8.170000,8.310000,,14027400.000000,XPEV
2024-06-03,8.540000,8.580000,8.030000,8.120000,,9729300.000000,XPEV
2024-06-04,8.145000,8.180000,8.010000,8.100000,,6887900.000000,XPEV
2024-06-05,8.300000,8.500000,8.180000,8.350000,,9990500.000000,XPEV
2024-06-06,8.250000,8.470000,8.230000,8.360000,,9192500.000000,XPEV
2024-06-07,8.225000,8.440000,8.120000,8.150000,,7341000.000000,XPEV
2024-06-10,8.150000,8.189000,7.890000,7.930000,,10774900.000000,XPEV
2024-06-11,7.935000,7.950000,7.480000,7.500000,,15511600.000000,XPEV
2024-06-12,7.640000,7.690000,7.340000,7.480000,,13817900.000000,XPEV
2024-06-13,7.475000,7.635000,7.370000,7.370000,,7923000.000000,XPEV
2024-06-14,7.310000,7.320000,7.160000,7.190000,,6418600.000000,XPEV
2024-06-17,7.260000,7.330000,7.170000,7.320000,,6811600.000000,XPEV
2024-06-18,7.230000,7.535000,7.130000,7.480000,,9129200.000000,XPEV
2024-06-20,7.390000,7.510000,7.300000,7.480000,,6665200.000000,XPEV
2024-06-21,7.540000,7.830000,7.500000,7.730000,,8175900.000000,XPEV
2024-06-24,7.810000,8.050000,7.780000,7.920000,,6366500.000000,XPEV
2024-06-25,7.860000,7.960000,7.790000,7.940000,,5381000.000000,XPEV
2024-06-26,7.960000,8.320000,7.920000,8.240000,,9226200.000000,XPEV
2024-06-27,7.860000,7.870000,7.640000,7.690000,,10854800.000000,XPEV
2024-06-28,7.610000,7.620000,7.175000,7.330000,,12727700.000000,XPEV
2024-07-01,7.460000,7.750000,7.440000,7.710000,,10646500.000000,XPEV
2024-07-02,7.840000,7.990000,7.570000,7.630000,,9828800.000000,XPEV
2024-07-03,7.770000,8.590000,7.770000,8.320000,,19785500.000000,XPEV
2024-07-05,7.770000,7.980000,7.430000,7.920000,,23352900.000000,XPEV
2024-07-08,7.640000,7.680000,7.430000,7.450000,,11974200.000000,XPEV
2024-07-09,7.450000,7.560000,7.380000,7.510000,,7444900.000000,XPEV
2024-07-10,7.600000,8.110000,7.580000,8.070000,,18942700.000000,XPEV
2024-07-11,8.500000,8.990000,8.440000,8.690000,,25447800.000000,XPEV
2024-07-12,8.880000,9.240000,8.750000,8.840000,,18496100.000000,XPEV
2024-07-15,8.370000,8.550000,8.180000,8.400000,,11193700.000000,XPEV
2024-07-16,8.510000,8.990000,8.510000,8.950000,,13573800.000000,XPEV
2024-07-17,8.850000,8.875000,8.480000,8.600000,,9168500.000000,XPEV
2024-07-18,8.570000,8.650000,8.280000,8.350000,,7723000.000000,XPEV
2024-07-19,8.280000,8.540000,8.200000,8.450000,,7861700.000000,XPEV
2024-07-22,8.790000,9.040000,8.740000,9.000000,,12648100.000000,XPEV
2024-07-23,8.700000,8.790000,8.375000,8.400000,,11123800.000000,XPEV
2024-07-24,8.210000,8.305000,8.000000,8.050000,,8309500.000000,XPEV
2024-07-25,8.190000,8.330000,8.090000,8.200000,,5655500.000000,XPEV
2024-07-26,8.290000,8.780000,8.150000,8.510000,,11778600.000000,XPEV
2024-07-29,8.400000,8.440000,8.120000,8.240000,,8499200.000000,XPEV
2024-07-30,8.100000,8.120000,7.900000,7.940000,,6032500.000000,XPEV
2024-07-31,8.230000,8.350000,8.040000,8.060000,,7872200.000000,XPEV
2024-08-01,8.050000,8.060000,7.570000,7.630000,,9303000.000000,XPEV
2024-08-02,7.410000,7.610000,7.370000,7.560000,,7987700.000000,XPEV
2024-08-05,7.020000,7.470000,7.010000,7.320000,,8913100.000000,XPEV
2024-08-06,7.350000,7.430000,7.150000,7.220000,,9151900.000000,XPEV
2024-08-07,7.140000,7.285000,6.825000,6.830000,,9683100.000000,XPEV
2024-08-08,6.830000,7.180000,6.810000,7.070000,,6391200.000000,XPEV
2024-08-09,7.030000,7.060000,6.810000,6.860000,,6349700.000000,XPEV
2024-08-12,6.830000,6.830000,6.600000,6.630000,,9237400.000000,XPEV
2024-08-13,6.670000,6.990000,6.670000,6.970000,,8507400.000000,XPEV
2024-08-14,6.940000,6.948000,6.670000,6.680000,,9694900.000000,XPEV
2024-08-15,6.810000,6.920000,6.800000,6.840000,,5948900.000000,XPEV
2024-08-16,6.830000,7.010000,6.815000,6.940000,,6044300.000000,XPEV
2024-08-19,7.170000,7.240000,7.060000,7.200000,,11501600.000000,XPEV
2024-08-20,7.250000,7.250000,6.650000,6.770000,,21373400.000000,XPEV
2024-08-21,6.850000,7.095000,6.750000,7.060000,,9232400.000000,XPEV
2024-08-22,7.000000,7.030000,6.910000,6.910000,,5968600.000000,XPEV
2024-08-23,7.010000,7.170000,6.935000,7.010000,,9857500.000000,XPEV
2024-08-26,7.385000,7.640000,7.330000,7.510000,,21063500.000000,XPEV
2024-08-27,7.720000,8.020000,7.550000,8.000000,,18442200.000000,XPEV
2024-08-28,7.810000,7.870000,7.160000,7.280000,,21446800.000000,XPEV
2024-08-29,7.530000,7.970000,7.470000,7.870000,,17369700.000000,XPEV
2024-08-30,8.180000,8.210000,7.865000,8.050000,,12012400.000000,XPEV
2024-09-03,8.070000,8.690000,8.060000,8.370000,,16353700.000000,XPEV
2024-09-04,8.435000,8.670000,8.420000,8.430000,,11627300.000000,XPEV
2024-09-05,8.650000,8.960000,8.630000,8.830000,,14268300.000000,XPEV
2024-09-06,8.890000,8.910000,8.520000,8.540000,,8412300.000000,XPEV
2024-09-09,8.240000,8.605000,8.100000,8.520000,,9983800.000000,XPEV
2024-09-10,8.400000,8.760000,8.400000,8.750000,,9572300.000000,XPEV
2024-09-11,8.830000,9.200000,8.820000,9.140000,,11768100.000000,XPEV
2024-09-12,8.870000,8.890000,8.380000,8.620000,,12523200.000000,XPEV
2024-09-13,8.730000,8.970000,8.590000,8.970000,,9128900.000000,XPEV
2024-09-16,8.990000,9.050000,8.850000,8.920000,,6927000.000000,XPEV
2024-09-17,9.160000,9.470000,9.000000,9.050000,,10418100.000000,XPEV
2024-09-18,9.050000,9.070000,8.620000,8.640000,,9449100.000000,XPEV
2024-09-19,9.175000,9.450000,9.010000,9.390000,,15098900.000000,XPEV
2024-09-20,9.640000,9.840000,9.400000,9.600000,,12038700.000000,XPEV
2024-09-23,9.430000,9.830000,9.260000,9.560000,,9549000.000000,XPEV
2024-09-24,10.340000,10.700000,9.950000,10.700000,,20817200.000000,XPEV
2024-09-25,10.150000,10.600000,10.030000,10.430000,,14019300.000000,XPEV
2024-09-26,11.500000,11.940000,11.420000,11.670000,,26130400.000000,XPEV
2024-09-27,12.250000,12.755000,12.030000,12.720000,,25072400.000000,XPEV
2024-09-30,13.660000,13.670000,12.030000,12.180000,,32665000.000000,XPEV
2024-10-01,12.580000,12.890000,11.920000,12.850000,,23345200.000000,XPEV
2024-10-02,13.500000,13.730000,12.510000,13.340000,,30555500.000000,XPEV
2024-10-03,12.810000,13.020000,12.290000,12.400000,,18250700.000000,XPEV
2024-10-04,12.520000,12.830000,12.120000,12.810000,,17680200.000000,XPEV
2024-10-07,13.340000,13.680000,12.450000,13.080000,,24319600.000000,XPEV
2024-10-08,11.900000,12.500000,11.720000,12.130000,,16886400.000000,XPEV
2024-10-09,11.910000,12.820000,11.860000,12.550000,,14866000.000000,XPEV
2024-10-10,12.840000,13.170000,12.340000,12.660000,,15295300.000000,XPEV
2024-10-11,12.270000,13.040000,12.150000,12.900000,,11744200.000000,XPEV
2024-10-14,12.160000,12.220000,11.435000,11.640000,,23992300.000000,XPEV
2024-10-15,11.310000,11.510000,11.070000,11.160000,,17151300.000000,XPEV
2024-10-16,11.020000,11.420000,10.975000,11.050000,,9133600.000000,XPEV
2024-10-17,10.700000,10.750000,10.065000,10.220000,,17847800.000000,XPEV
2024-10-18,10.940000,10.980000,10.440000,10.490000,,16074500.000000,XPEV
2024-10-21,10.500000,10.860000,10.490000,10.820000,,8168800.000000,XPEV
2024-10-22,10.870000,11.420000,10.870000,11.040000,,11522000.000000,XPEV
2024-10-23,11.190000,11.449000,11.050000,11.160000,,9493300.000000,XPEV
2024-10-24,11.085000,11.100000,10.420000,10.470000,,13469800.000000,XPEV
2024-10-25,10.760000,11.420000,10.690000,11.130000,,17562600.000000,XPEV
2024-10-28,11.580000,12.600000,11.510000,12.130000,,21097500.000000,XPEV
2024-10-29,12.040000,12.100000,11.540000,11.600000,,12289400.000000,XPEV
2024-10-30,11.250000,11.565000,11.170000,11.350000,,9840900.000000,XPEV
2024-10-31,11.500000,11.500000,10.920000,11.230000,,10084500.000000,XPEV
2024-11-01,11.350000,11.860000,11.190000,11.520000,,11590100.000000,XPEV
2024-11-04,12.175000,12.580000,12.010000,12.070000,,11246600.000000,XPEV
2024-11-05,12.635000,12.970000,12.590000,12.810000,,12307100.000000,XPEV
2024-11-06,12.040000,12.305000,11.735000,12.300000,,17659700.000000,XPEV
2024-11-07,13.390000,14.690000,13.290000,14.220000,,33831000.000000,XPEV
2024-11-08,14.010000,14.520000,13.860000,14.490000,,18726200.000000,XPEV
2024-11-11,15.180000,15.679000,14.955000,15.300000,,18568700.000000,XPEV
2024-11-12,14.450000,14.540000,13.500000,13.670000,,21865300.000000,XPEV
2024-11-13,14.160000,14.160000,13.035000,13.350000,,16477900.000000,XPEV
2024-11-14,13.000000,13.030000,12.470000,12.630000,,15255600.000000,XPEV
2024-11-15,12.700000,12.810000,12.340000,12.740000,,12033800.000000,XPEV
2024-11-18,13.030000,13.385000,12.950000,13.010000,,12464700.000000,XPEV
2024-11-19,13.170000,13.190000,11.910000,12.520000,,24637200.000000,XPEV
2024-11-20,12.590000,12.970000,12.360000,12.640000,,17549400.000000,XPEV
2024-11-21,12.120000,12.390000,11.880000,12.290000,,12557900.000000,XPEV
2024-11-22,11.720000,12.120000,11.550000,11.910000,,14769300.000000,XPEV
2024-11-25,11.630000,11.765000,11.480000,11.620000,,12239700.000000,XPEV
2024-11-26,11.400000,11.500000,11.230000,11.390000,,6257900.000000,XPEV
2024-11-27,11.900000,12.150000,11.725000,11.910000,,14487700.000000,XPEV
2024-11-29,11.970000,12.315000,11.870000,12.050000,,5134700.000000,XPEV
2024-12-02,12.610000,13.160000,12.570000,12.690000,,12702000.000000,XPEV
2024-12-03,12.570000,13.130000,12.525000,12.690000,,8689600.000000,XPEV
2024-12-04,12.750000,12.910000,12.460000,12.780000,,6070700.000000,XPEV
2024-12-05,12.770000,13.250000,12.500000,12.540000,,26290800.000000,XPEV
2024-12-06,12.780000,12.780000,12.260000,12.500000,,7880300.000000,XPEV
2024-12-09,13.680000,14.660000,13.531000,14.130000,,22323100.000000,XPEV
2024-12-10,13.415000,13.555000,13.040000,13.150000,,11374000.000000,XPEV
2024-12-11,12.970000,13.050000,12.625000,12.790000,,9764200.000000,XPEV
2024-12-12,12.600000,12.930000,12.580000,12.810000,,4994700.000000,XPEV
2024-12-13,12.345000,12.510000,12.265000,12.300000,,9744200.000000,XPEV
2024-12-16,12.160000,12.410000,11.980000,12.390000,,7052000.000000,XPEV
2024-12-17,12.390000,13.020000,12.310000,12.840000,,9207100.000000,XPEV
2024-12-18,12.710000,12.920000,12.390000,12.480000,,6597900.000000,XPEV
2024-12-19,12.520000,12.900000,12.450000,12.710000,,6506600.000000,XPEV
2024-12-20,12.470000,12.940000,12.230000,12.640000,,6396200.000000,XPEV
2024-12-23,12.660000,12.820000,12.495000,12.810000,,4084900.000000,XPEV
2024-12-24,13.000000,13.200000,12.890000,12.980000,,4067300.000000,XPEV
2024-12-26,13.110000,13.620000,13.060000,13.260000,,6093600.000000,XPEV
2024-12-27,12.820000,12.860000,12.500000,12.630000,,7170300.000000,XPEV
2024-12-30,11.950000,12.010000,11.610000,11.870000,,11022200.000000,XPEV
